gsis_id,player_name,position,cfb_final_season,cfb_pass_yards,cfb_pass_td,cfb_rush_yards,cfb_rush_td,cfb_rec,cfb_rec_yards,cfb_rec_td
00-0030564,DeAndre Hopkins,WR,2012,0.0,0.0,,,82.0,1405.0,18.0
00-0030521,Justin Hunter,WR,2012,,,,,73.0,1083.0,9.0
00-0030456,Giovani Bernard,RB,2012,,,1228.0,12.0,47.0,490.0,5.0
00-0030431,Robert Woods,WR,2012,,,76.0,0.0,76.0,846.0,11.0
00-0030496,Le'Veon Bell,RB,2012,29.0,0.0,1793.0,12.0,32.0,167.0,1.0
00-0030279,Keenan Allen,WR,2012,8.0,0.0,39.0,1.0,61.0,737.0,6.0
00-0030550,Ace Sanders,WR,2012,16.0,1.0,1.0,0.0,45.0,531.0,9.0
00-0030474,Josh Boyce,WR,2012,,,6.0,1.0,66.0,891.0,7.0
00-0030497,Marcus Lattimore,RB,2012,,,662.0,11.0,26.0,173.0,0.0
00-0030085,Kenny Stills,WR,2012,,,22.0,0.0,82.0,959.0,11.0
00-0030388,Joseph Randle,RB,2012,37.0,0.0,1417.0,14.0,28.0,224.0,0.0
00-0030414,Spencer Ware,RB,2012,0.0,0.0,367.0,1.0,18.0,230.0,1.0
00-0030415,Jawan Jamison,RB,2012,16.0,1.0,1075.0,4.0,28.0,323.0,2.0
00-0030047,Marquess Wilson,WR,2012,,,,,52.0,813.0,5.0
00-0031407,Blake Bortles,QB,2013,3581.0,25.0,272.0,6.0,,,
00-0031325,Sammy Watkins,WR,2013,0.0,0.0,11.0,0.0,101.0,1464.0,12.0
00-0031408,Mike Evans,WR,2013,,,,,69.0,1394.0,12.0
00-0031387,Eric Ebron,TE,2013,,,7.0,0.0,62.0,973.0,3.0
00-0031235,Odell Beckham Jr.,WR,2013,0.0,0.0,58.0,0.0,59.0,1152.0,8.0
00-0031236,Brandin Cooks,WR,2013,,,217.0,2.0,128.0,1730.0,16.0
00-0031409,Johnny Manziel,QB,2013,4114.0,37.0,759.0,9.0,,,
00-0031359,Kelvin Benjamin,WR,2013,,,,,54.0,1011.0,15.0
00-0031237,Teddy Bridgewater,QB,2013,3970.0,31.0,78.0,1.0,,,
00-0031418,Austin Seferian-Jenkins,TE,2013,,,,,36.0,450.0,8.0
00-0031431,Marqise Lee,WR,2013,,,7.0,0.0,57.0,791.0,4.0
00-0031299,Jordan Matthews,WR,2013,,,54.0,0.0,112.0,1477.0,7.0
00-0031257,Paul Richardson,WR,2013,75.0,1.0,7.0,0.0,83.0,1343.0,10.0
00-0031042,Jace Amaro,TE,2013,,,,,106.0,1352.0,7.0
00-0031044,Troy Niklas,TE,2013,,,,,32.0,498.0,5.0
00-0031381,Davante Adams,WR,2013,,,,,131.0,1718.0,24.0
00-0031413,Bishop Sankey,RB,2013,,,1870.0,20.0,28.0,304.0,1.0
00-0031301,Jeremy Hill,RB,2013,,,1401.0,16.0,18.0,181.0,0.0
00-0031344,Cody Latimer,WR,2013,,,,,72.0,1096.0,9.0
00-0031428,Allen Robinson,WR,2013,,,36.0,0.0,97.0,1432.0,6.0
00-0031382,Jarvis Landry,WR,2013,,,,,77.0,1193.0,10.0
00-0031302,C.J. Fiedorowicz,TE,2013,,,,,30.0,299.0,6.0
00-0031391,Tre Mason,RB,2013,,,1816.0,23.0,12.0,163.0,1.0
00-0030990,Josh Huff,WR,2013,,,28.0,0.0,62.0,1140.0,12.0
00-0031339,Donte Moncrief,WR,2013,,,,,59.0,938.0,6.0
00-0031376,Jerick McKinnon,RB,2013,,,125.0,1.0,,,
00-0031384,Richard Rodgers,TE,2013,,,9.0,0.0,39.0,608.0,1.0
00-0031285,Devonta Freeman,RB,2013,,,1016.0,14.0,22.0,278.0,1.0
00-0031053,Jalen Saunders,WR,2013,,,44.0,0.0,61.0,729.0,8.0
00-0031055,Andre Williams,RB,2013,,,2177.0,18.0,,,
00-0031057,Ka'Deem Carey,RB,2013,,,1885.0,19.0,26.0,173.0,1.0
00-0031060,De'Anthony Thomas,RB,2013,,,594.0,8.0,22.0,246.0,1.0
00-0031062,James White,RB,2014,,,153.0,3.0,3.0,10.0,0.0
00-0031075,Alfred Blue,RB,2013,,,343.0,1.0,5.0,62.0,0.0
00-0031187,Robert Herron,WR,2013,,,12.0,0.0,72.0,937.0,9.0
00-0031078,Lache Seastrunk,RB,2013,,,1177.0,11.0,,,
00-0031189,T.J. Jones,WR,,,,,,,,
00-0031315,Matt Hazel,WR,2013,,,,,6.0,83.0,0.0
00-0031023,Quincy Enunwa,WR,2013,,,-1.0,0.0,51.0,753.0,12.0
00-0031085,Jay Prosch,RB,2013,,,,,5.0,95.0,1.0
00-0031243,Storm Johnson,RB,2013,,,1139.0,14.0,30.0,260.0,3.0
00-0031291,James Wright,WR,2012,,,,,18.0,242.0,0.0
00-0031271,Trey Millard,RB,2013,,,97.0,1.0,11.0,78.0,1.0
00-0031503,Jameis Winston,QB,2014,3907.0,25.0,65.0,3.0,,,
00-0032268,Marcus Mariota,QB,2014,4454.0,42.0,770.0,15.0,1.0,26.0,1.0
00-0031544,Amari Cooper,WR,2014,,,23.0,0.0,124.0,1727.0,16.0
00-0031545,Kevin White,WR,2014,,,,,109.0,1447.0,10.0
00-0032241,Todd Gurley,RB,,,,,,,,
00-0031547,DeVante Parker,WR,2014,,,,,43.0,855.0,5.0
00-0032144,Melvin Gordon,RB,2014,,,2587.0,29.0,19.0,153.0,3.0
00-0031549,Nelson Agholor,WR,2014,,,3.0,0.0,104.0,1313.0,12.0
00-0032054,Breshad Perriman,WR,2014,,,0.0,0.0,50.0,1044.0,9.0
00-0032208,Phillip Dorsett,WR,2014,,,-6.0,0.0,36.0,871.0,10.0
00-0032209,T.J. Yeldon,RB,2014,,,979.0,11.0,15.0,180.0,1.0
00-0031934,Devin Smith,WR,2014,,,,,33.0,931.0,12.0
00-0032218,Dorial Green-Beckham,WR,2013,,,3.0,0.0,59.0,883.0,12.0
00-0032055,Devin Funchess,WR,2014,,,-11.0,0.0,62.0,733.0,4.0
00-0032104,Ameer Abdullah,RB,2014,,,1611.0,19.0,22.0,269.0,3.0
00-0031558,Maxx Williams,TE,2014,,,,,36.0,569.0,8.0
00-0032211,Tyler Lockett,WR,2014,0.0,0.0,17.0,0.0,106.0,1515.0,11.0
00-0031560,Jaelen Strong,WR,2014,,,,,82.0,1165.0,10.0
00-0032058,Tevin Coleman,RB,2014,,,2036.0,15.0,25.0,141.0,0.0
00-0032128,Chris Conley,WR,2014,,,,,36.0,657.0,8.0
00-0032257,Duke Johnson,RB,,,,,,,,
00-0032214,Tyler Kroft,TE,2014,,,,,24.0,269.0,0.0
00-0032166,Sammie Coates,WR,2014,,,,,34.0,741.0,4.0
00-0032245,Sean Mannion,QB,2014,3164.0,15.0,-306.0,1.0,,,
00-0032227,Jeff Heuerman,TE,2014,,,,,17.0,207.0,2.0
00-0032200,Ty Montgomery,WR,2014,,,144.0,1.0,61.0,604.0,3.0
00-0031939,Matt Jones,RB,2014,,,817.0,6.0,11.0,65.0,1.0
00-0031941,Jamison Crowder,WR,2014,12.0,1.0,9.0,0.0,85.0,1044.0,6.0
00-0031569,Jeremy Langford,RB,2014,,,1522.0,22.0,11.0,62.0,0.0
00-0032130,Jalston Fowler,RB,2014,,,69.0,0.0,11.0,129.0,2.0
00-0032062,Blake Bell,TE,2014,,,4.0,0.0,16.0,214.0,4.0
00-0031577,Javorius Allen,RB,2014,,,1489.0,11.0,41.0,458.0,1.0
00-0032063,Mike Davis,RB,2014,,,982.0,9.0,32.0,368.0,2.0
00-0032133,David Cobb,RB,2014,9.0,0.0,1629.0,13.0,16.0,162.0,0.0
00-0032170,Rashad Greene,WR,,,,,,,,
00-0031585,MyCole Pruitt,TE,2014,,,,,10.0,136.0,0.0
00-0031588,Stefon Diggs,WR,2014,,,28.0,0.0,62.0,792.0,5.0
00-0031589,Brett Hundley,QB,2014,3155.0,22.0,644.0,10.0,1.0,9.0,0.0
00-0031590,Jay Ajayi,RB,2014,,,1823.0,28.0,50.0,535.0,4.0
00-0032152,Karlos Williams,RB,2014,,,689.0,11.0,29.0,265.0,1.0
00-0031594,Tony Lippett,WR,2014,,,51.0,1.0,65.0,1198.0,11.0
00-0032134,C.J. Uzomah,TE,2014,-1.0,0.0,1.0,0.0,11.0,145.0,3.0
00-0032112,JJ Nelson,WR,,,,,,,,
00-0032135,Jesse James,TE,2014,,,,,38.0,396.0,3.0
00-0032113,Kenny Bell,WR,2014,,,,,47.0,788.0,6.0
00-0031595,Michael Burton,RB,2014,-2.0,0.0,2.0,0.0,15.0,150.0,0.0
00-0031598,Nick Boyle,TE,2013,,,,,4.0,47.0,0.0
00-0031951,James O'Shaughnessy,TE,2013,,,,,5.0,57.0,0.0
00-0031600,Keith Mumphery,WR,2014,,,85.0,1.0,26.0,495.0,3.0
00-0032115,Kaelin Clay,WR,2014,,,4.0,0.0,43.0,523.0,4.0
00-0031953,Geremy Davis,WR,2014,,,,,44.0,521.0,3.0
00-0031954,Evan Spencer,WR,2014,13.0,1.0,9.0,0.0,15.0,149.0,3.0
00-0032117,Nick O'Leary,TE,2014,,,0.0,1.0,48.0,618.0,6.0
00-0032068,Malcolm Johnson,TE,2014,,,,,28.0,380.0,3.0
00-0031533,Randall Telfer,TE,2014,,,,,21.0,197.0,2.0
,Bud Sasser,WR,2014,,,,,77.0,1003.0,12.0
00-0031610,Darren Waller,WR,2014,,,,,26.0,442.0,6.0
00-0031611,Josh Robinson,RB,2014,,,1203.0,11.0,28.0,370.0,1.0
00-0031612,Aaron Ripkowski,RB,2014,,,13.0,3.0,7.0,38.0,1.0
00-0031617,Kennard Backman,TE,2014,,,,,39.0,399.0,3.0
00-0032120,Neal Sterling,WR,,,,,,,,
00-0032139,Ben Koyack,TE,2014,,,,,30.0,317.0,2.0
00-0031959,Marcus Murphy,RB,2014,,,924.0,4.0,28.0,212.0,1.0
00-0032070,Dezmin Lewis,WR,2014,,,0.0,0.0,7.0,105.0,0.0
00-0031625,Kenny Hilliard,RB,2014,,,447.0,6.0,4.0,35.0,0.0
00-0031962,Mario Alford,WR,2014,,,14.0,0.0,65.0,945.0,11.0
00-0032123,Tre McBride,WR,,,,,,,,
00-0032141,Geoff Swaim,TE,2014,,,,,10.0,70.0,1.0
00-0032156,Trevor Siemian,QB,2014,2214.0,7.0,-123.0,5.0,1.0,17.0,1.0
00-0032072,Rory Anderson,TE,2014,,,,,22.0,260.0,1.0
00-0032190,Gerald Christian,TE,2014,,,,,32.0,384.0,5.0
00-0033106,Jared Goff,QB,2015,4719.0,43.0,-8.0,0.0,1.0,11.0,0.0
00-0032950,Carson Wentz,QB,2014,204.0,0.0,38.0,0.0,,,
00-0033045,Ezekiel Elliott,RB,2015,,,1821.0,23.0,27.0,206.0,0.0
00-0032966,Corey Coleman,WR,2015,,,111.0,0.0,74.0,1363.0,20.0
00-0033127,Will Fuller,WR,,,,,,,,
00-0032760,Josh Doctson,WR,2015,,,6.0,0.0,79.0,1327.0,14.0
00-0032951,Laquon Treadwell,WR,2015,134.0,1.0,-5.0,0.0,82.0,1153.0,11.0
00-0033108,Paxton Lynch,QB,2015,3776.0,28.0,239.0,2.0,,,
00-0033090,Hunter Henry,TE,2015,,,,,51.0,739.0,3.0
00-0032385,Sterling Shepard,WR,2015,,,5.0,0.0,86.0,1288.0,11.0
00-0032764,Derrick Henry,RB,2015,,,2219.0,28.0,11.0,91.0,0.0
00-0032765,Michael Thomas,WR,2015,,,,,127.0,2172.0,23.0
00-0032953,Christian Hackenberg,QB,2015,2525.0,16.0,-80.0,2.0,1.0,14.0,1.0
00-0033009,Tyler Boyd,WR,2015,67.0,0.0,349.0,0.0,91.0,926.0,6.0
00-0033118,Kenyan Drake,RB,2015,,,408.0,1.0,29.0,276.0,1.0
00-0032392,Austin Hooper,TE,2015,,,,,34.0,438.0,6.0
00-0033069,Braxton Miller,WR,2015,3.0,0.0,260.0,1.0,26.0,341.0,3.0
00-0033060,Leonte Carroo,WR,2015,,,,,39.0,809.0,10.0
00-0032393,C.J. Prosise,RB,2015,,,1032.0,11.0,26.0,308.0,1.0
00-0033119,Jacoby Brissett,QB,2015,2662.0,20.0,370.0,6.0,,,
00-0033104,Cody Kessler,QB,2015,3536.0,29.0,-149.0,4.0,,,
00-0032394,Nick Vannett,TE,2015,,,,,19.0,162.0,0.0
00-0032893,Connor Cook,QB,2015,3131.0,24.0,56.0,0.0,,,
00-0032398,Chris Moore,WR,2015,,,10.0,0.0,40.0,870.0,7.0
00-0033110,Tyler Higbee,TE,2015,,,,,38.0,563.0,8.0
00-0032400,Malcolm Mitchell,WR,2015,,,,,58.0,865.0,5.0
00-0033079,Ricardo Louis,WR,2015,,,158.0,1.0,46.0,716.0,3.0
00-0033111,Pharoh Cooper,WR,2015,11.0,1.0,111.0,1.0,66.0,973.0,8.0
00-0032404,Tyler Ervin,RB,2015,,,1601.0,13.0,45.0,334.0,2.0
00-0032775,Demarcus Robinson,WR,2015,0.0,0.0,1.0,0.0,48.0,522.0,2.0
00-0032411,Kenneth Dixon,RB,2015,,,1070.0,19.0,34.0,467.0,7.0
00-0033077,Dak Prescott,QB,2015,3793.0,29.0,588.0,10.0,,,
00-0032972,Devontae Booker,RB,2015,25.0,1.0,1261.0,11.0,37.0,318.0,0.0
00-0033080,Seth Devalve,TE,,,,,,,,
00-0033098,Cardale Jones,QB,2015,1460.0,8.0,193.0,2.0,,,
00-0032778,Tajae Sharpe,WR,2015,,,-3.0,0.0,111.0,1319.0,5.0
00-0032940,DeAndre Washington,RB,2015,,,1492.0,14.0,41.0,385.0,2.0
00-0032417,Paul Perkins,RB,2015,,,1343.0,14.0,30.0,242.0,1.0
00-0032780,Jordan Howard,RB,2016,,,32.0,0.0,,,
00-0032782,Wendell Smallwood,RB,2015,,,1519.0,9.0,26.0,160.0,0.0
00-0032974,Jordan Payton,WR,2015,,,,,78.0,1106.0,5.0
00-0032975,Jonathan Williams,RB,2014,0.0,0.0,1190.0,12.0,19.0,169.0,2.0
00-0032784,Kevin Hogan,QB,2015,2867.0,27.0,336.0,6.0,1.0,11.0,1.0
00-0032423,Trevor Davis,WR,2015,,,4.0,0.0,40.0,672.0,2.0
00-0033040,Tyreek Hill,WR,2014,,,534.0,1.0,31.0,281.0,1.0
00-0032426,Alex Collins,RB,2015,,,1577.0,20.0,13.0,95.0,0.0
00-0032977,Rashard Higgins,WR,2015,,,20.0,0.0,75.0,1062.0,8.0
00-0032956,Andy Janovich,RB,2015,,,265.0,3.0,2.0,58.0,0.0
00-0033112,Temarrick Hemingway,TE,2014,,,,,2.0,17.0,0.0
00-0032341,Moritz Boehringer,WR,,,,,,,,
00-0033078,Keenan Reynolds,RB,2015,1203.0,8.0,1373.0,24.0,1.0,47.0,0.0
00-0032429,Jerell Adams,TE,2015,,,,,28.0,421.0,3.0
00-0032791,Jakeem Grant,WR,2015,72.0,1.0,68.0,2.0,90.0,1268.0,10.0
00-0032792,Nate Sudfeld,QB,2015,3573.0,27.0,61.0,5.0,,,
00-0032430,David Morgan,TE,2015,,,,,45.0,566.0,5.0
00-0032431,Jake Rudock,QB,2015,3017.0,20.0,166.0,4.0,1.0,-3.0,0.0
00-0032957,Kolby Listenbee,WR,2015,,,11.0,0.0,30.0,597.0,5.0
00-0032794,Danny Vitale,RB,,,,,,,,
00-0032897,Derek Watt,RB,2015,,,45.0,0.0,15.0,139.0,0.0
00-0032795,Cody Core,WR,2015,,,1.0,0.0,37.0,644.0,4.0
00-0032434,Brandon Allen,QB,2015,3440.0,30.0,107.0,1.0,1.0,11.0,0.0
00-0033114,Mike Thomas,WR,,,,,,,,
00-0032436,Jeff Driskel,QB,2015,4033.0,27.0,323.0,5.0,,,
00-0032440,Kelvin Taylor,RB,2015,,,1035.0,13.0,17.0,150.0,0.0
00-0032441,Aaron Burbridge,WR,2015,,,44.0,0.0,85.0,1258.0,7.0
00-0033049,Darius Jackson,RB,2015,,,1078.0,14.0,21.0,201.0,2.0
00-0033054,Rico Gathers,TE,,,,,,,,
00-0032446,Brandon Doughty,QB,2015,5055.0,48.0,-122.0,1.0,1.0,7.0,1.0
00-0032447,Devin Lucien,WR,2015,0.0,0.0,,,66.0,1074.0,8.0
00-0032365,Demarcus Ayers,WR,2015,49.0,2.0,147.0,1.0,98.0,1222.0,6.0
00-0032801,Daniel Braverman,WR,2015,,,13.0,0.0,108.0,1367.0,13.0
00-0033061,Thomas Duarte,TE,2015,,,,,53.0,872.0,10.0
00-0032450,Dwayne Washington,RB,2015,,,282.0,4.0,25.0,315.0,3.0
00-0032804,Daniel Lasco,RB,2015,,,331.0,3.0,4.0,24.0,0.0
00-0032451,Devin Fuller,WR,,,,,,,,
00-0032959,Charone Peake,WR,2015,,,,,50.0,716.0,5.0
00-0032806,Keith Marshall,RB,2015,,,350.0,3.0,4.0,28.0,1.0
00-0032453,Kenny Lawler,WR,2015,,,5.0,0.0,52.0,658.0,13.0
00-0032808,Zac Brooks,RB,2015,,,234.0,3.0,9.0,113.0,2.0
00-0032900,Beau Sandland,TE,2013,,,,,9.0,94.0,1.0
00-0033869,Mitchell Trubisky,QB,,,,,,,,
00-0033856,Leonard Fournette,RB,2016,0.0,0.0,843.0,8.0,15.0,146.0,0.0
00-0033871,Corey Davis,WR,2016,,,0.0,0.0,97.0,1500.0,19.0
00-0033536,Mike Williams,WR,2016,,,,,98.0,1361.0,11.0
00-0033280,Christian McCaffrey,RB,2016,,,1603.0,13.0,37.0,310.0,3.0
00-0033460,John Ross,WR,2016,,,102.0,1.0,81.0,1150.0,17.0
00-0033873,Patrick Mahomes,QB,2016,5052.0,41.0,285.0,12.0,,,
00-0033537,Deshaun Watson,QB,2016,4593.0,41.0,629.0,9.0,,,
00-0033879,O.J. Howard,TE,2016,,,,,45.0,595.0,3.0
00-0033881,Evan Engram,TE,2016,,,,,65.0,926.0,8.0
00-0033885,David Njoku,TE,2016,,,,,43.0,698.0,8.0
00-0033891,Zay Jones,WR,2016,2.0,1.0,24.0,0.0,156.0,1731.0,8.0
00-0033282,Curtis Samuel,WR,2016,,,771.0,8.0,74.0,865.0,7.0
00-0033893,Dalvin Cook,RB,2016,,,1765.0,19.0,33.0,488.0,1.0
00-0033895,Gerald Everett,TE,2016,,,,,49.0,717.0,4.0
00-0033896,Adam Shaheen,TE,,,,,,,,
00-0033897,Joe Mixon,RB,2016,26.0,1.0,1274.0,10.0,37.0,538.0,5.0
00-0033899,DeShone Kizer,QB,2016,2925.0,26.0,472.0,8.0,1.0,4.0,0.0
00-0033857,JuJu Smith-Schuster,WR,2016,,,27.0,0.0,70.0,914.0,10.0
00-0033906,Alvin Kamara,RB,2016,,,596.0,9.0,40.0,392.0,4.0
00-0033908,Cooper Kupp,WR,2016,22.0,0.0,29.0,0.0,12.0,206.0,3.0
00-0033911,Taywan Taylor,WR,2016,,,36.0,0.0,98.0,1730.0,17.0
00-0033916,ArDarius Stewart,WR,2016,36.0,0.0,68.0,0.0,54.0,864.0,8.0
00-0033919,Carlos Henderson,WR,2016,,,133.0,2.0,82.0,1535.0,19.0
00-0033921,Chris Godwin,WR,2016,,,13.0,0.0,59.0,982.0,11.0
00-0033923,Kareem Hunt,RB,2016,,,1475.0,10.0,41.0,403.0,1.0
00-0033550,Davis Webb,QB,2016,4295.0,37.0,-110.0,6.0,,,
00-0033925,D'Onta Foreman,RB,2016,,,2028.0,15.0,7.0,75.0,0.0
00-0033932,Kenny Golladay,WR,2016,,,192.0,2.0,88.0,1164.0,8.0
00-0033933,Chad Williams,WR,2016,,,,,13.0,152.0,0.0
00-0033858,Jonnu Smith,TE,2016,,,5.0,0.0,42.0,506.0,4.0
00-0033936,C.J. Beathard,QB,2016,1929.0,17.0,-13.0,2.0,,,
00-0033553,James Conner,RB,2016,,,1092.0,16.0,21.0,302.0,4.0
00-0033937,Amara Darboh,WR,2016,,,,,57.0,862.0,7.0
00-0033839,Dede Westbrook,WR,2016,0.0,0.0,101.0,0.0,80.0,1524.0,17.0
00-0033526,Samaje Perine,RB,2016,,,1060.0,12.0,10.0,106.0,1.0
00-0033943,Josh Reynolds,WR,2016,,,,,61.0,1039.0,12.0
00-0033555,Mack Hollins,WR,2016,,,,,16.0,309.0,4.0
00-0033556,Tarik Cohen,RB,2016,,,149.0,1.0,9.0,125.0,0.0
00-0033286,Joe Williams,RB,2017,,,,,3.0,29.0,0.0
00-0033559,Michael Roberts,TE,2016,,,,,45.0,533.0,16.0
00-0033859,Josh Malone,WR,2016,,,,,50.0,972.0,11.0
00-0033561,Donnel Pumphrey,RB,2016,0.0,0.0,2133.0,17.0,27.0,231.0,0.0
00-0033562,Ryan Switzer,WR,2016,0.0,0.0,14.0,0.0,96.0,1112.0,6.0
00-0033948,Jamaal Williams,RB,2016,,,1375.0,12.0,7.0,80.0,0.0
00-0033949,Joshua Dobbs,QB,2016,2946.0,27.0,831.0,12.0,1.0,4.0,1.0
00-0033464,Jehu Chesson,WR,2016,,,63.0,1.0,35.0,500.0,2.0
00-0033950,Wayne Gallman,RB,2016,,,1133.0,17.0,20.0,152.0,0.0
00-0033840,Chad Hansen,WR,2016,,,,,92.0,1249.0,11.0
00-0033951,Marlon Mack,RB,2016,,,1187.0,15.0,28.0,227.0,0.0
00-0033564,Jake Butt,TE,2016,,,,,46.0,546.0,4.0
00-0033288,George Kittle,TE,2016,,,,,22.0,314.0,4.0
00-0033953,Jordan Leggett,TE,2016,,,,,46.0,736.0,7.0
00-0033528,Jeremy Sprinkle,TE,2016,,,,,33.0,380.0,4.0
00-0033567,Brian Hill,RB,2016,,,1860.0,22.0,8.0,67.0,0.0
00-0033955,Jeremy McNichols,RB,2016,,,1709.0,23.0,37.0,474.0,4.0
00-0033573,Shelton Gibson,WR,2016,,,29.0,0.0,43.0,951.0,8.0
00-0033957,Rodney Adams,WR,2016,,,231.0,5.0,67.0,822.0,5.0
00-0033958,Nathan Peterman,QB,2016,2855.0,27.0,286.0,3.0,1.0,11.0,0.0
00-0033466,Isaiah McKenzie,WR,2016,,,134.0,2.0,44.0,633.0,7.0
00-0033576,Eric Saubert,TE,,,,,,,,
00-0033291,DeAngelo Yancey,WR,2016,,,,,49.0,951.0,10.0
00-0033292,Trent Taylor,WR,2016,,,,,136.0,1803.0,12.0
00-0033789,T.J. Logan,RB,2016,,,650.0,7.0,29.0,244.0,3.0
00-0033293,Aaron Jones,RB,2016,3.0,1.0,1773.0,17.0,28.0,233.0,3.0
00-0033295,Elijah McGuire,RB,2016,,,1127.0,7.0,29.0,238.0,2.0
00-0033296,Alex Armah,RB,,,,,,,,
00-0033966,Bucky Hodges,TE,2016,,,42.0,0.0,48.0,691.0,7.0
00-0033581,De'Angelo Henderson,RB,,,,,,,,
00-0033967,Sam Rogers,RB,2016,13.0,1.0,283.0,2.0,24.0,301.0,4.0
00-0033791,Brandon Wilson,RB,2016,,,6.0,0.0,5.0,52.0,0.0
00-0033530,Robert Davis,WR,2016,,,,,67.0,968.0,5.0
00-0033585,Brad Kaaya,QB,2016,3532.0,27.0,-136.0,1.0,,,
00-0033968,Stacy Coley,WR,2016,,,,,63.0,754.0,9.0
00-0033589,David Moore,WR,2017,63.0,1.0,47.0,0.0,,,
00-0033471,Isaiah Ford,WR,2016,0.0,0.0,33.0,0.0,79.0,1094.0,7.0
00-0033304,Devante Mays,RB,2016,,,259.0,3.0,1.0,8.0,0.0
00-0033591,Noah Brown,WR,2016,,,,,32.0,402.0,7.0
00-0033796,Marquez Williams,RB,2016,,,1.0,0.0,2.0,19.0,1.0
00-0033797,Khalfani Muhammad,RB,2016,,,827.0,2.0,17.0,132.0,0.0
00-0033975,Elijah Hood,RB,2016,,,858.0,8.0,25.0,142.0,0.0
00-0033305,Malachi Dupre,WR,2016,0.0,0.0,,,41.0,593.0,3.0
00-0033594,Chris Carson,RB,2016,24.0,0.0,559.0,9.0,13.0,128.0,1.0
00-0033798,Mason Schreck,TE,2016,,,,,59.0,651.0,4.0
00-0033596,Matthew Dayes,RB,2016,,,1166.0,10.0,32.0,267.0,0.0
00-0033597,Chad Kelly,QB,2016,2758.0,19.0,332.0,5.0,,,
00-0034855,Baker Mayfield,QB,2017,4627.0,43.0,311.0,5.0,1.0,2.0,1.0
00-0034844,Saquon Barkley,RB,2017,36.0,1.0,1271.0,18.0,54.0,632.0,3.0
00-0034869,Sam Darnold,QB,2017,4143.0,26.0,82.0,5.0,,,
00-0034857,Josh Allen,QB,2017,1812.0,16.0,204.0,5.0,1.0,2.0,0.0
00-0034343,Josh Rosen,QB,2017,3717.0,26.0,-97.0,2.0,,,
00-0034827,D.J. Moore,WR,2017,15.0,0.0,61.0,1.0,80.0,1033.0,8.0
00-0034830,Hayden Hurst,TE,2017,0.0,0.0,30.0,1.0,44.0,559.0,2.0
00-0034837,Calvin Ridley,WR,2017,,,17.0,0.0,63.0,967.0,5.0
00-0034750,Rashaad Penny,RB,2017,,,2248.0,23.0,19.0,135.0,2.0
00-0034845,Sony Michel,RB,2017,,,1227.0,16.0,9.0,96.0,1.0
00-0034796,Lamar Jackson,QB,2018,,,2.0,0.0,,,
00-0034791,Nick Chubb,RB,2017,,,1345.0,15.0,4.0,30.0,0.0
00-0034816,Ronald Jones II,RB,2017,,,1550.0,19.0,14.0,187.0,1.0
00-0034348,Courtland Sutton,WR,2017,,,2.0,1.0,68.0,1085.0,12.0
00-0034829,Mike Gesicki,TE,2017,,,,,57.0,563.0,9.0
00-0034349,Kerryon Johnson,RB,2017,3.0,1.0,1391.0,18.0,24.0,194.0,2.0
00-0034860,Dante Pettis,WR,2017,36.0,0.0,50.0,0.0,63.0,761.0,7.0
00-0034775,Christian Kirk,WR,2017,,,31.0,0.0,71.0,919.0,10.0
00-0034351,Dallas Goedert,TE,2016,,,,,5.0,96.0,1.0
00-0034353,Anthony Miller,WR,2017,35.0,0.0,25.0,0.0,96.0,1462.0,18.0
00-0034358,Derrius Guice,RB,2017,,,1251.0,11.0,18.0,124.0,2.0
00-0034676,James Washington,WR,2017,,,12.0,1.0,74.0,1549.0,13.0
00-0034777,DJ Chark,WR,,,,,,,,
00-0034838,Royce Freeman,RB,2017,,,1475.0,16.0,14.0,164.0,0.0
00-0034771,Mason Rudolph,QB,2017,4904.0,37.0,35.0,10.0,,,
00-0034764,Michael Gallup,WR,2017,,,,,100.0,1413.0,7.0
00-0034753,Mark Andrews,TE,2017,,,,,62.0,958.0,8.0
00-0034765,Tre'Quan Smith,WR,2017,,,23.0,1.0,59.0,1171.0,13.0
00-0034364,Jordan Akins,TE,2017,,,,,32.0,515.0,4.0
00-0034365,Ian Thomas,TE,2017,,,,,25.0,376.0,5.0
00-0034366,Keke Coutee,WR,2017,,,15.0,0.0,93.0,1429.0,10.0
00-0034367,Nyheim Hines,RB,2017,,,1112.0,12.0,26.0,152.0,0.0
00-0034772,Antonio Callaway,WR,2016,,,32.0,1.0,54.0,721.0,3.0
00-0034766,Chris Herndon,TE,,,,,,,,
00-0034369,Kyle Lauletta,QB,2016,337.0,3.0,-1.0,0.0,,,
00-0034679,Mark Walton,RB,2017,,,428.0,3.0,7.0,91.0,0.0
00-0034370,DaeSean Hamilton,WR,2017,,,2.0,0.0,53.0,857.0,9.0
00-0034159,Will Dissly,TE,2017,,,,,20.0,281.0,2.0
00-0034798,Durham Smythe,TE,2017,,,,,15.0,244.0,1.0
00-0034378,Ito Smith,RB,2017,,,1413.0,13.0,40.0,396.0,2.0
00-0034799,Kalen Ballage,RB,2017,,,669.0,6.0,20.0,91.0,0.0
00-0034267,Jaleel Scott,WR,2017,,,,,76.0,1079.0,9.0
00-0034268,J'Mon Moore,WR,2017,,,,,65.0,1082.0,10.0
00-0034681,Chase Edmonds,RB,2017,,,42.0,1.0,2.0,21.0,0.0
00-0034383,Dalton Schultz,TE,2017,,,,,22.0,212.0,3.0
00-0034386,Justin Watson,WR,,,,,,,,
00-0034393,Troy Fumagalli,TE,2017,,,,,46.0,547.0,4.0
00-0034270,Tyler Conklin,TE,2017,,,,,35.0,504.0,5.0
00-0034395,Daurice Fountain,WR,2017,,,,,3.0,30.0,0.0
00-0034271,Jordan Lasley,WR,2017,,,-6.0,0.0,69.0,1264.0,9.0
00-0034331,Jaylen Samuels,TE,2017,25.0,0.0,407.0,12.0,75.0,593.0,4.0
00-0034400,Jordan Wilkins,RB,2017,,,1011.0,9.0,26.0,241.0,1.0
00-0034401,Mike White,QB,2017,4177.0,26.0,-268.0,6.0,,,
00-0034272,Marquez Valdes-Scantling,WR,2017,,,108.0,1.0,53.0,879.0,6.0
00-0034273,Damion Ratley,WR,2017,,,,,30.0,694.0,6.0
00-0034808,John Kelly,RB,2017,10.0,0.0,778.0,9.0,37.0,299.0,0.0
00-0034406,Deon Cain,WR,2017,,,,,58.0,734.0,6.0
00-0034407,Ray-Ray McCloud,WR,2017,,,30.0,0.0,49.0,503.0,1.0
00-0034409,Dylan Cantrell,WR,2017,,,3.0,1.0,71.0,816.0,7.0
00-0034411,Russell Gage,WR,2017,0.0,0.0,232.0,1.0,21.0,285.0,3.0
00-0034278,Tremon Smith,WR,,,,,,,,
00-0034412,Luke Falk,QB,2017,3593.0,30.0,-147.0,0.0,,,
00-0034414,Boston Scott,RB,2017,,,1040.0,8.0,20.0,181.0,1.0
00-0034416,Tanner Lee,QB,2017,3143.0,23.0,-97.0,2.0,,,
00-0034164,Trenton Cannon,RB,,,,,,,,
00-0034279,Equanimeous St. Brown,WR,2017,,,,,33.0,515.0,4.0
00-0034418,Cedrick Wilson Jr.,WR,2017,46.0,0.0,13.0,0.0,83.0,1511.0,7.0
00-0034419,Braxton Berrios,WR,2017,17.0,0.0,9.0,0.0,54.0,670.0,9.0
00-0034420,Jordan Thomas,TE,2017,,,,,22.0,263.0,3.0
00-0034423,Danny Etling,QB,2017,2463.0,16.0,128.0,2.0,,,
00-0034732,Alex McGough,QB,2017,2798.0,17.0,231.0,5.0,,,
00-0034426,Javon Wims,WR,2017,,,,,46.0,724.0,7.0
00-0034427,David Williams,RB,2017,,,656.0,8.0,10.0,171.0,2.0
00-0034747,Marcell Ateman,WR,2017,,,,,59.0,1156.0,8.0
00-0034432,Bo Scarbrough,RB,2017,,,596.0,8.0,17.0,109.0,0.0
00-0034433,Nick Bawden,RB,2017,,,,,15.0,103.0,1.0
00-0034286,Richie James,WR,2017,0.0,0.0,57.0,0.0,31.0,290.0,3.0
00-0034438,Logan Woodside,QB,2017,3882.0,28.0,34.0,1.0,,,
00-0034439,Ryan Izzo,TE,2017,,,,,20.0,317.0,3.0
00-0034440,Justin Jackson,RB,2017,12.0,1.0,1311.0,11.0,44.0,276.0,0.0
00-0034686,Auden Tate,WR,2017,,,,,40.0,548.0,10.0
00-0034442,Austin Proehl,WR,2017,0.0,0.0,,,21.0,337.0,1.0
00-0034339,Trey Quinn,WR,2017,34.0,0.0,0.0,0.0,114.0,1236.0,13.0
00-0035228,Kyler Murray,QB,2018,4364.0,42.0,1001.0,12.0,,,
00-0035710,Daniel Jones,QB,2018,2674.0,22.0,319.0,3.0,1.0,6.0,0.0
00-0035229,T.J. Hockenson,TE,2018,,,4.0,1.0,49.0,750.0,6.0
00-0035232,Dwayne Haskins,QB,2018,4751.0,49.0,108.0,4.0,,,
00-0035644,Noah Fant,TE,2018,,,1.0,0.0,39.0,518.0,7.0
00-0035700,Josh Jacobs,RB,2018,,,640.0,11.0,20.0,247.0,3.0
00-0035662,Marquise Brown,WR,2018,,,0.0,0.0,75.0,1318.0,10.0
00-0035624,N'Keal Harry,WR,2018,0.0,0.0,10.0,1.0,73.0,1088.0,9.0
00-0035719,Deebo Samuel,WR,2018,13.0,1.0,26.0,0.0,62.0,882.0,11.0
00-0035704,Drew Lock,QB,2018,3498.0,28.0,175.0,6.0,,,
00-0034970,Irv Smith Jr.,TE,2018,,,,,44.0,710.0,7.0
00-0035676,A.J. Brown,WR,2018,,,,,85.0,1355.0,6.0
00-0035631,Drew Sample,TE,2018,,,,,24.0,245.0,3.0
00-0035243,Miles Sanders,RB,2018,,,1271.0,9.0,24.0,139.0,0.0
00-0035140,Mecole Hardman,WR,2018,,,36.0,0.0,34.0,532.0,7.0
00-0035246,JJ Arcega-Whiteside,WR,2018,,,,,62.0,1040.0,14.0
00-0035639,Parris Campbell,WR,2018,,,102.0,1.0,88.0,983.0,11.0
00-0035527,Andy Isabella,WR,2018,,,79.0,1.0,101.0,1697.0,13.0
00-0035640,D.K. Metcalf,WR,2018,,,,,26.0,569.0,5.0
00-0035216,Diontae Johnson,WR,2018,,,17.0,0.0,49.0,761.0,8.0
00-0034971,Jalen Hurd,WR,2018,,,209.0,3.0,69.0,946.0,4.0
00-0035249,Josh Oliver,TE,2018,,,,,56.0,709.0,4.0
00-0035664,Darrell Henderson,RB,2018,4.0,1.0,1909.0,22.0,19.0,295.0,3.0
00-0035685,David Montgomery,RB,2018,,,1185.0,13.0,22.0,157.0,0.0
00-0035250,Devin Singletary,RB,2018,3.0,0.0,1348.0,22.0,6.0,36.0,0.0
00-0035671,Jace Sternberger,TE,2018,,,4.0,0.0,48.0,832.0,10.0
00-0035659,Terry McLaurin,WR,2018,,,,,35.0,701.0,11.0
00-0035660,Kahale Warring,TE,2018,,,,,31.0,372.0,3.0
00-0035657,Damien Harris,RB,2018,,,876.0,9.0,22.0,204.0,0.0
00-0035703,Miles Boykin,WR,2018,,,,,59.0,872.0,8.0
00-0035689,Dawson Knox,TE,2018,,,,,14.0,278.0,0.0
00-0035251,Will Grier,QB,2018,3864.0,37.0,-95.0,3.0,,,
00-0034972,Alexander Mattison,RB,2018,,,1412.0,17.0,27.0,173.0,0.0
00-0035529,Hakeem Butler,WR,2018,,,,,60.0,1318.0,9.0
00-0035652,Ryan Finley,QB,2018,3612.0,21.0,20.0,1.0,,,
00-0035256,Bryce Love,RB,2018,,,736.0,6.0,20.0,99.0,0.0
00-0034975,Justice Hill,RB,2018,,,930.0,9.0,13.0,68.0,0.0
00-0035589,Gary Jennings Jr,WR,2018,,,,,54.0,917.0,13.0
00-0035259,Trevon Wesco,TE,2018,0.0,0.0,3.0,0.0,26.0,366.0,1.0
00-0035217,Benny Snell Jr.,RB,2018,43.0,1.0,1434.0,16.0,17.0,105.0,0.0
00-0035590,Riley Ridley,WR,2018,,,,,44.0,570.0,9.0
00-0035261,Tony Pollard,RB,2018,,,553.0,6.0,38.0,444.0,3.0
00-0035264,Jarrett Stidham,QB,2018,2795.0,18.0,-5.0,3.0,,,
00-0034981,Foster Moreau,TE,2018,,,,,22.0,272.0,2.0
00-0035268,Ryquell Armstead,RB,2018,,,1098.0,13.0,8.0,52.0,0.0
00-0035222,Zach Gentry,TE,2018,,,,,32.0,514.0,2.0
00-0034983,Hunter Renfrow,WR,2018,2.0,0.0,,,49.0,544.0,1.0
00-0035273,Qadree Ollison,RB,2018,0.0,0.0,1213.0,11.0,11.0,66.0,0.0
00-0035275,Jordan Scarlett,RB,2018,,,776.0,5.0,10.0,84.0,0.0
00-0035282,Easton Stick,QB,2016,124.0,1.0,35.0,0.0,,,
00-0035283,Clayton Thorson,QB,2018,3181.0,17.0,-110.0,9.0,,,
00-0035535,Darius Slayton,WR,2018,,,,,35.0,670.0,5.0
00-0035287,KeeSean Johnson,WR,2018,,,14.0,0.0,95.0,1340.0,8.0
00-0034988,Kaden Smith,TE,2018,,,,,47.0,635.0,2.0
00-0035289,Gardner Minshew II,QB,2018,4776.0,38.0,119.0,4.0,,,
00-0035291,Trayveon Williams,RB,2018,,,1760.0,18.0,27.0,277.0,1.0
00-0035592,Travis Fulgham,WR,2018,,,,,63.0,1083.0,9.0
00-0035537,Ty Johnson,RB,2018,,,506.0,3.0,6.0,22.0,0.0
00-0035593,Juwann Winfree,WR,2018,,,,,28.0,324.0,2.0
00-0034995,Dexter Williams,RB,2018,,,995.0,12.0,16.0,133.0,1.0
00-0035146,Trace McSorley,QB,2018,2513.0,18.0,799.0,12.0,,,
00-0035296,Marcus Green,WR,2018,,,193.0,1.0,50.0,855.0,8.0
00-0035594,Travis Homer,RB,2018,,,985.0,4.0,19.0,186.0,0.0
00-0035297,Kelvin Harmon,WR,2018,,,,,74.0,1086.0,6.0
00-0035298,Scott Miller,WR,2018,24.0,0.0,16.0,0.0,70.0,1106.0,9.0
00-0035299,Rodney Anderson,RB,2018,,,119.0,3.0,,,
00-0035148,Darwin Thompson,RB,2018,,,1044.0,14.0,23.0,351.0,2.0
00-0035303,Mike Weber,RB,2018,,,954.0,5.0,21.0,112.0,1.0
00-0035304,Cullen Gillaspia,RB,2018,,,33.0,1.0,5.0,52.0,0.0
00-0035596,Kerrith Whyte Jr,RB,2018,,,866.0,8.0,10.0,160.0,2.0
00-0035539,Isaac Nauta,TE,2018,,,31.0,1.0,30.0,430.0,3.0
00-0035308,Tommy Sweeney,TE,2018,,,,,32.0,348.0,3.0
00-0035309,Alizé Mack,TE,,,,,,,,
00-0035310,Chandler Cox,RB,2018,,,3.0,2.0,10.0,81.0,1.0
00-0035311,Myles Gaskin,RB,2018,2.0,1.0,1269.0,12.0,21.0,77.0,1.0
00-0035597,John Ursua,WR,2018,,,4.0,1.0,89.0,1343.0,16.0
00-0035313,Terry Godwin,WR,2018,,,,,22.0,373.0,3.0
00-0035002,Dillon Mitchell,WR,2018,,,5.0,0.0,75.0,1184.0,10.0
00-0035006,Olabisi Johnson,WR,2018,,,,,54.0,796.0,4.0
00-0035320,Caleb Wilson,TE,2018,,,4.0,0.0,60.0,965.0,4.0
00-0036442,Joe Burrow,QB,2019,5671.0,60.0,369.0,5.0,1.0,16.0,0.0
00-0036212,Tua Tagovailoa,QB,2019,2840.0,33.0,17.0,2.0,,,
00-0036355,Justin Herbert,QB,2019,3471.0,32.0,50.0,4.0,,,
00-0036357,Henry Ruggs III,WR,2019,,,75.0,1.0,40.0,746.0,7.0
00-0036407,Jerry Jeudy,WR,2019,,,1.0,0.0,77.0,1163.0,10.0
00-0036358,CeeDee Lamb,WR,2019,,,20.0,1.0,62.0,1327.0,14.0
00-0036387,Jalen Reagor,WR,2019,,,89.0,0.0,43.0,611.0,5.0
00-0036322,Justin Jefferson,WR,2019,,,,,111.0,1540.0,18.0
00-0036261,Brandon Aiyuk,WR,2019,,,6.0,0.0,65.0,1192.0,8.0
00-0036264,Jordan Love,QB,2019,3402.0,20.0,175.0,0.0,,,
00-0036360,Clyde Edwards-Helaire,RB,2019,,,1414.0,16.0,55.0,453.0,1.0
00-0036410,Tee Higgins,WR,2019,,,36.0,1.0,59.0,1167.0,13.0
00-0036252,Michael Pittman Jr.,WR,2019,,,,,101.0,1275.0,11.0
00-0036275,D'Andre Swift,RB,2019,,,1218.0,7.0,24.0,216.0,1.0
00-0036223,Jonathan Taylor,RB,2019,,,2003.0,21.0,26.0,252.0,5.0
00-0036268,Laviska Shenault Jr.,WR,2019,,,161.0,2.0,56.0,764.0,4.0
00-0036290,Cole Kmet,TE,2019,,,,,43.0,515.0,6.0
00-0036412,KJ Hamler,WR,2019,,,43.0,0.0,56.0,904.0,8.0
00-0036326,Chase Claypool,WR,2019,,,,,66.0,1037.0,13.0
00-0036414,Cam Akers,RB,2019,50.0,0.0,1144.0,14.0,30.0,225.0,4.0
00-0036389,Jalen Hurts,QB,2019,3851.0,32.0,1298.0,20.0,2.0,25.0,1.0
00-0036158,J.K. Dobbins,RB,2019,,,2003.0,21.0,23.0,247.0,2.0
00-0036415,Van Jefferson,WR,2019,,,7.0,0.0,49.0,657.0,6.0
00-0036255,Denzel Mims,WR,2019,,,,,66.0,1020.0,12.0
00-0036265,AJ Dillon,RB,2019,,,1685.0,14.0,13.0,195.0,1.0
00-0036328,Antonio Gibson,RB,2019,,,369.0,4.0,38.0,735.0,8.0
00-0036450,Ke'Shawn Vaughn,RB,2019,,,1028.0,9.0,28.0,270.0,1.0
00-0036364,Lynn Bowden Jr.,WR,2019,403.0,3.0,1468.0,13.0,30.0,348.0,1.0
00-0036365,Bryan Edwards,WR,2019,,,22.0,0.0,71.0,816.0,6.0
00-0036251,Zack Moss,RB,2019,,,1416.0,15.0,28.0,388.0,2.0
00-0036194,Devin Asiasi,TE,2019,,,,,44.0,641.0,4.0
00-0036331,Devin Duvernay,WR,2019,14.0,0.0,24.0,1.0,106.0,1386.0,9.0
00-0036297,Darrynton Evans,RB,2019,14.0,0.0,1479.0,18.0,21.0,198.0,5.0
00-0036332,Josiah Deguara,TE,2019,,,2.0,1.0,39.0,504.0,7.0
00-0036225,Dalton Keene,TE,2019,,,33.0,0.0,20.0,236.0,5.0
00-0036422,Adam Trautman,TE,,,,,,,,
00-0036370,Joshua Kelley,RB,2019,,,1060.0,12.0,11.0,71.0,1.0
00-0036232,Harrison Bryant,TE,2019,,,,,65.0,1004.0,7.0
00-0036423,Albert Okwuegbunam,TE,2019,,,,,26.0,306.0,6.0
00-0036269,La'Mical Perine,RB,,,,,,,,
00-0036226,Jacob Eason,QB,2019,3132.0,23.0,-69.0,1.0,0.0,5.0,0.0
00-0036336,Anthony McFarland Jr.,RB,2019,,,614.0,8.0,17.0,126.0,1.0
00-0036301,James Morgan,QB,2019,2560.0,14.0,-34.0,2.0,,,
00-0036196,Gabe Davis,WR,,,,,,,,
00-0036244,Colby Parkinson,TE,2019,8.0,1.0,,,48.0,589.0,1.0
00-0036424,Brycen Hopkins,TE,2019,,,,,61.0,830.0,7.0
00-0036340,Antonio Gandy-Golden,WR,2019,,,,,79.0,1396.0,10.0
00-0036425,DeeJay Dallas,RB,2019,,,693.0,8.0,14.0,140.0,2.0
00-0036377,Joe Reed,WR,2019,,,42.0,0.0,77.0,679.0,7.0
00-0036427,Tyler Johnson,WR,2019,,,-1.0,0.0,86.0,1318.0,13.0
00-0036254,Collin Johnson,WR,2019,,,,,38.0,559.0,3.0
00-0036277,Quintez Cephus,WR,2019,,,,,59.0,901.0,7.0
00-0036197,Jake Fromm,QB,2019,2860.0,24.0,-12.0,0.0,,,
00-0036398,John Hightower,WR,2019,4.0,0.0,139.0,0.0,51.0,943.0,8.0
00-0036308,Isaiah Coulter,WR,2019,,,,,11.0,205.0,1.0
00-0036278,Jason Huntley,RB,2019,,,1090.0,9.0,40.0,192.0,2.0
00-0036309,Darnell Mooney,WR,2019,,,,,48.0,713.0,5.0
00-0036345,K.J. Osborn,WR,2019,,,15.0,0.0,50.0,547.0,5.0
00-0036233,Donovan Peoples-Jones,WR,2019,,,-7.0,0.0,34.0,438.0,6.0
00-0036312,Jake Luton,QB,2019,2714.0,28.0,-87.0,1.0,,,
00-0036429,Charlie Woerner,TE,2019,,,,,9.0,78.0,1.0
00-0036271,Quez Watkins,WR,2019,,,1.0,0.0,64.0,1178.0,6.0
00-0036133,James Proche,WR,2019,0.0,0.0,18.0,0.0,111.0,1225.0,15.0
00-0036250,Tyler Davis,TE,2019,,,,,17.0,148.0,1.0
00-0036165,Isaiah Hodgins,WR,2019,,,,,86.0,1171.0,13.0
00-0036228,Dezmon Patmon,WR,2019,,,,,58.0,762.0,8.0
00-0036247,Freddie Swain,WR,2019,,,27.0,0.0,38.0,517.0,7.0
00-0036259,Jauan Jennings,WR,2019,0.0,0.0,51.0,1.0,59.0,969.0,8.0
00-0036382,K.J. Hill,WR,2019,,,1.0,0.0,57.0,636.0,10.0
00-0036383,Eno Benjamin,RB,2019,,,1083.0,10.0,42.0,347.0,2.0
,Cole McDonald,QB,2019,4138.0,33.0,377.0,7.0,,,
00-0036384,Ben DiNucci,QB,2019,156.0,0.0,36.0,0.0,,,
00-0036433,Tommy Stevens,QB,2019,1155.0,11.0,381.0,4.0,,,
00-0036279,Nate Stanley,QB,,,,,,,,
00-0036435,Raymond Calais,RB,2019,,,886.0,6.0,10.0,67.0,1.0
00-0036245,Malcolm Perry,RB,2019,1084.0,7.0,2017.0,21.0,,,
00-0036438,Stephen Sullivan,TE,2019,,,,,12.0,130.0,0.0
00-0036439,Tyrie Cleveland,WR,2019,,,,,25.0,351.0,1.0
00-0036971,Trevor Lawrence,QB,2020,3153.0,24.0,203.0,8.0,1.0,8.0,0.0
00-0037013,Zach Wilson,QB,2020,3651.0,32.0,265.0,10.0,2.0,32.0,0.0
00-0037012,Trey Lance,QB,,,,,,,,
00-0036970,Kyle Pitts,TE,2020,,,,,43.0,770.0,12.0
00-0036900,Ja'Marr Chase,WR,2019,,,5.0,0.0,84.0,1780.0,20.0
00-0036613,Jaylen Waddle,WR,2020,,,12.0,0.0,28.0,591.0,4.0
00-0036912,DeVonta Smith,WR,2020,,,6.0,1.0,117.0,1856.0,23.0
00-0036945,Justin Fields,QB,2020,2100.0,22.0,383.0,5.0,,,
00-0036972,Mac Jones,QB,2020,4500.0,41.0,16.0,1.0,1.0,-8.0,0.0
00-0036913,Kadarius Toney,WR,2020,12.0,0.0,161.0,1.0,70.0,984.0,10.0
00-0036893,Najee Harris,RB,2020,,,1466.0,26.0,43.0,425.0,4.0
00-0036973,Travis Etienne,RB,2020,,,914.0,14.0,48.0,588.0,2.0
00-0036550,Rashod Bateman,WR,2020,,,,,36.0,472.0,2.0
00-0036980,Elijah Moore,WR,2020,2.0,0.0,64.0,0.0,86.0,1193.0,8.0
00-0036997,Javonte Williams,RB,2020,,,1140.0,19.0,25.0,305.0,3.0
00-0036936,Rondale Moore,WR,2020,,,32.0,1.0,35.0,270.0,0.0
00-0036894,Pat Freiermuth,TE,2020,,,,,23.0,310.0,1.0
00-0036620,D'Wayne Eskridge,WR,2020,,,43.0,0.0,33.0,768.0,8.0
00-0036849,Tutu Atwell,WR,,,,,,,,
00-0036955,Terrace Marshall Jr.,WR,2020,,,,,48.0,731.0,10.0
00-0036928,Kyle Trask,QB,2020,4283.0,43.0,50.0,3.0,,,
00-0036946,Kellen Mond,QB,2020,2208.0,19.0,294.0,4.0,,,
00-0036898,Davis Mills,QB,2020,1510.0,7.0,37.0,3.0,,,
00-0036988,Josh Palmer,WR,2020,,,,,33.0,475.0,4.0
00-0037004,Hunter Long,TE,2020,,,,,57.0,685.0,5.0
00-0036626,Dyami Brown,WR,2020,,,,,54.0,1084.0,8.0
00-0037005,Tommy Tremble,TE,2020,,,4.0,0.0,19.0,217.0,0.0
00-0036991,Amari Rodgers,WR,2020,8.0,0.0,,,77.0,1020.0,7.0
00-0036984,Trey Sermon,RB,2020,,,870.0,4.0,12.0,95.0,0.0
00-0036554,Nico Collins,WR,2019,,,,,37.0,729.0,7.0
00-0036999,Anthony Schwartz,WR,2020,,,-6.0,0.0,54.0,652.0,3.0
00-0037011,Tre' McKitty,TE,2020,,,,,6.0,108.0,1.0
00-0036924,Michael Carter,RB,2020,,,1245.0,9.0,25.0,267.0,2.0
00-0036627,Dez Fitzpatrick,WR,2020,,,,,43.0,833.0,3.0
00-0036963,Amon-Ra St. Brown,WR,2020,,,,,41.0,478.0,7.0
00-0036842,Kene Nwangwu,RB,2020,,,339.0,4.0,3.0,22.0,0.0
00-0036875,Rhamondre Stevenson,RB,2020,,,664.0,7.0,18.0,211.0,0.0
00-0036628,John Bates,TE,2020,,,,,12.0,117.0,0.0
00-0036555,Chuba Hubbard,RB,2020,,,623.0,5.0,8.0,52.0,1.0
00-0036876,Kylen Granson,TE,2020,,,0.0,0.0,35.0,536.0,5.0
00-0036877,Jaelon Darden,WR,2020,,,-3.0,0.0,74.0,1190.0,19.0
00-0036630,Tylan Wallace,WR,2020,,,7.0,0.0,59.0,917.0,6.0
00-0036929,Ian Book,QB,2020,2830.0,15.0,486.0,9.0,,,
00-0036918,Jacob Harris,WR,2020,,,,,30.0,539.0,8.0
00-0036887,Luke Farrell,TE,2020,,,,,5.0,37.0,1.0
00-0036556,Brevin Jordan,TE,2020,15.0,0.0,1.0,0.0,38.0,576.0,7.0
00-0036919,Kenneth Gainwell,RB,2019,,,1459.0,13.0,51.0,610.0,3.0
00-0036635,Ihmir Smith-Marsette,WR,2020,,,54.0,1.0,25.0,345.0,4.0
00-0036637,Noah Gray,TE,2020,11.0,0.0,3.0,0.0,28.0,278.0,2.0
00-0036640,Zach Davidson,TE,2015,0.0,0.0,,,,,
00-0036646,Simi Fehoko,WR,2020,,,-1.0,0.0,37.0,584.0,3.0
00-0036647,Cornell Powell,WR,2020,,,,,53.0,882.0,7.0
00-0036565,Ben Mason,RB,2020,,,,,2.0,17.0,1.0
00-0036951,Frank Darby,WR,2020,,,,,6.0,46.0,1.0
00-0036567,Elijah Mitchell,RB,2020,,,878.0,8.0,16.0,153.0,0.0
00-0036569,Gary Brightwell,RB,2020,,,386.0,1.0,13.0,58.0,0.0
00-0036650,Larry Rountree,RB,2020,,,972.0,14.0,15.0,100.0,0.0
00-0036857,Chris Evans,RB,2020,,,73.0,1.0,9.0,87.0,0.0
00-0036571,Marquez Stevenson,WR,2020,,,16.0,0.0,20.0,307.0,4.0
00-0036572,Shi Smith,WR,2020,0.0,0.0,6.0,0.0,55.0,621.0,4.0
00-0036652,Racey McMath,WR,2020,,,,,14.0,195.0,1.0
00-0036858,Jalen Camp,WR,2020,,,,,25.0,392.0,4.0
00-0036654,Demetric Felton,RB,2020,,,668.0,5.0,22.0,159.0,3.0
00-0036906,Khalil Herbert,RB,2020,,,1183.0,8.0,10.0,179.0,1.0
00-0036879,Sam Ehlinger,QB,2020,2566.0,26.0,378.0,8.0,,,
00-0036657,Seth Williams,WR,2020,,,,,47.0,744.0,4.0
00-0036907,Dazz Newsome,WR,2020,,,21.0,1.0,54.0,684.0,6.0
00-0036482,Mike Strachan,WR,,,,,,,,
00-0036860,Jake Funk,RB,2020,,,511.0,3.0,10.0,68.0,1.0
00-0036536,Tre Nixon,WR,2020,,,,,18.0,258.0,2.0
00-0036578,Gerrid Doaks,RB,2020,,,673.0,7.0,14.0,202.0,2.0
00-0036862,Ben Skowronek,WR,2020,,,17.0,1.0,29.0,439.0,5.0
00-0036939,Kawaan Baker,WR,2020,,,42.0,0.0,50.0,656.0,8.0
00-0036669,Kylin Hill,RB,2020,,,58.0,0.0,23.0,237.0,1.0
00-0036670,Jermar Jefferson,RB,2020,,,858.0,7.0,9.0,67.0,0.0
00-0036671,Dax Milne,WR,2020,,,67.0,0.0,70.0,1189.0,8.0
00-0037238,Drake London,WR,2021,,,2.0,0.0,88.0,1084.0,7.0
00-0037740,Garrett Wilson,WR,2021,,,76.0,1.0,70.0,1058.0,12.0
00-0037239,Chris Olave,WR,2021,,,,,65.0,936.0,13.0
00-0037240,Jameson Williams,WR,2021,,,23.0,0.0,79.0,1572.0,15.0
00-0037741,Jahan Dotson,WR,2021,43.0,0.0,18.0,1.0,91.0,1182.0,12.0
00-0037742,Treylon Burks,WR,2021,0.0,0.0,112.0,1.0,66.0,1104.0,11.0
00-0038102,Kenny Pickett,QB,2021,4319.0,42.0,241.0,5.0,,,
00-0038124,Christian Watson,WR,,,,,,,,
00-0038120,Breece Hall,RB,2021,,,1472.0,20.0,36.0,302.0,3.0
00-0038134,Kenneth Walker III,RB,2021,,,1636.0,18.0,13.0,89.0,1.0
00-0038117,Wan'Dale Robinson,WR,2021,,,111.0,0.0,104.0,1334.0,7.0
00-0037614,John Metchie,WR,2021,,,8.0,0.0,96.0,1142.0,8.0
00-0038104,Tyquan Thornton,WR,2021,6.0,1.0,-11.0,0.0,62.0,948.0,10.0
00-0037247,George Pickens,WR,2021,,,,,5.0,107.0,0.0
00-0037664,Alec Pierce,WR,2021,,,,,52.0,884.0,8.0
00-0038090,Skyy Moore,WR,2021,,,10.0,0.0,95.0,1292.0,10.0
00-0037744,Trey McBride,TE,2021,,,69.0,1.0,90.0,1121.0,1.0
00-0037248,James Cook,RB,2021,,,728.0,7.0,27.0,284.0,4.0
00-0037745,Velus Jones Jr.,WR,2021,,,15.0,0.0,62.0,807.0,7.0
00-0037755,Jelani Woods,TE,2021,,,1.0,0.0,44.0,598.0,8.0
00-0038122,Desmond Ridder,QB,2021,3334.0,30.0,355.0,6.0,2.0,8.0,1.0
00-0037252,Greg Dulcich,TE,2021,,,,,42.0,725.0,5.0
00-0038128,Malik Willis,QB,2021,2857.0,27.0,878.0,13.0,1.0,13.0,0.0
00-0037666,Jalen Tolbert,WR,2021,,,,,82.0,1474.0,8.0
00-0037256,Rachaad White,RB,2021,,,1006.0,15.0,43.0,456.0,1.0
00-0037827,Tyrion Davis-Price,RB,2021,,,1003.0,6.0,10.0,64.0,0.0
00-0038132,Matt Corral,QB,2021,3349.0,20.0,614.0,11.0,1.0,19.0,0.0
00-0037746,Brian Robinson Jr.,RB,2021,,,1343.0,14.0,35.0,296.0,2.0
00-0037257,David Bell,WR,2021,,,39.0,0.0,93.0,1286.0,6.0
00-0037805,Jeremy Ruckert,TE,2021,,,,,26.0,309.0,3.0
00-0037828,Danny Gray,WR,2021,,,40.0,0.0,49.0,803.0,9.0
00-0038129,Cade Otton,TE,2021,,,,,28.0,250.0,1.0
00-0037258,Dameon Pierce,RB,2021,,,574.0,13.0,19.0,216.0,3.0
00-0038115,Daniel Bellinger,TE,2021,,,2.0,0.0,31.0,357.0,2.0
00-0038040,Zamir White,RB,2021,,,856.0,11.0,9.0,75.0,0.0
00-0038045,Isaiah Spiller,RB,2021,,,1011.0,6.0,25.0,189.0,1.0
00-0038092,Erik Ezukanma,WR,2021,,,138.0,2.0,48.0,705.0,4.0
00-0038098,Pierre Strong,RB,2021,,,138.0,2.0,3.0,8.0,0.0
00-0038046,Charlie Kolar,TE,2021,,,,,62.0,756.0,6.0
00-0038041,Jake Ferguson,TE,2021,,,,,46.0,450.0,3.0
00-0037617,Hassan Haskins,RB,2021,,,1327.0,20.0,18.0,131.0,0.0
00-0037816,Romeo Doubs,WR,2021,,,4.0,0.0,80.0,1109.0,11.0
00-0038108,Bailey Zappe,QB,2021,5967.0,62.0,17.0,3.0,,,
00-0037837,Calvin Austin III,WR,2021,,,69.0,1.0,74.0,1149.0,8.0
00-0037838,Isaiah Likely,TE,2021,,,10.0,0.0,59.0,912.0,12.0
00-0037809,Chig Okonkwo,TE,,,,,,,,
00-0037077,Sam Howell,QB,2021,3056.0,24.0,828.0,11.0,,,
00-0037261,Khalil Shakir,WR,2021,0.0,0.0,130.0,0.0,77.0,1117.0,7.0
00-0037078,Cole Turner,TE,2022,,,,,8.0,161.0,0.0
00-0037263,Tyler Allgeier,RB,2021,,,1606.0,23.0,28.0,199.0,0.0
00-0037265,Snoop Conner,RB,2021,,,647.0,13.0,14.0,82.0,0.0
00-0037267,Jerome Ford,RB,2021,,,1319.0,19.0,21.0,220.0,1.0
00-0037272,Montrell Washington,WR,2021,16.0,0.0,19.0,1.0,10.0,124.0,1.0
00-0037273,Kyle Philips,WR,2021,,,,,59.0,739.0,10.0
00-0037840,Kyren Williams,RB,2021,,,1002.0,14.0,42.0,359.0,3.0
00-0037276,Ty Chandler,RB,2021,,,1092.0,13.0,15.0,216.0,1.0
00-0037277,Teagan Quitoriano,TE,2021,,,,,19.0,214.0,3.0
00-0037282,James Mitchell,TE,2021,,,1.0,0.0,5.0,42.0,1.0
00-0037286,Kevin Harris,RB,2022,,,203.0,3.0,2.0,25.0,0.0
00-0037291,Jalen Nailor,WR,2021,,,-3.0,0.0,37.0,695.0,6.0
00-0037292,Andrew Ogletree,TE,,,,,,,,
00-0037085,Tyler Badie,RB,2021,,,1604.0,14.0,54.0,330.0,4.0
00-0037086,Grant Calcaterra,TE,2021,,,,,38.0,465.0,4.0
00-0037299,Keaontay Ingram,RB,2021,,,911.0,5.0,22.0,156.0,0.0
00-0037300,Michael Woods II,WR,2021,,,2.0,0.0,35.0,400.0,2.0
00-0037087,Trestan Ebner,RB,2021,,,799.0,2.0,28.0,284.0,2.0
00-0037304,Connor Heyward,TE,2021,,,7.0,0.0,35.0,326.0,2.0
00-0037306,John FitzPatrick,TE,2021,,,,,6.0,83.0,0.0
00-0037311,Ko Kieft,TE,2021,,,,,7.0,101.0,1.0
00-0037317,Nick Muse,TE,2021,,,,,20.0,222.0,2.0
00-0037091,Bo Melton,WR,2021,,,51.0,0.0,55.0,618.0,3.0
00-0037093,Dareke Young,WR,,,,,,,,
00-0037324,Chris Oladokun,QB,2021,224.0,2.0,19.0,1.0,,,
00-0037327,Skylar Thompson,QB,,,,,,,,
00-0037329,Brittain Brown,RB,2021,,,616.0,7.0,18.0,129.0,0.0
00-0037197,Isiah Pacheco,RB,,,,,,,,
00-0037098,Samori Toure,WR,2021,,,63.0,1.0,46.0,898.0,5.0
00-0037331,Zander Horvath,RB,,,,,,,,
00-0037834,Brock Purdy,QB,2021,3188.0,19.0,238.0,1.0,,,
00-0039150,Bryce Young,QB,2022,3328.0,32.0,185.0,4.0,,,
00-0039163,C.J. Stroud,QB,2022,3688.0,41.0,108.0,0.0,,,
00-0039164,Anthony Richardson,QB,2022,2549.0,17.0,654.0,9.0,,,
00-0038542,Bijan Robinson,RB,2022,,,1578.0,18.0,19.0,314.0,2.0
00-0039139,Jahmyr Gibbs,RB,2022,,,926.0,7.0,44.0,444.0,3.0
00-0038543,Jaxon Smith-Njigba,WR,2022,,,,,5.0,43.0,0.0
00-0038544,Quentin Johnston,WR,2022,,,-7.0,0.0,60.0,1069.0,6.0
00-0039064,Zay Flowers,WR,2022,,,40.0,0.0,78.0,1077.0,12.0
00-0038994,Jordan Addison,WR,2022,,,33.0,0.0,59.0,875.0,8.0
00-0038933,Dalton Kincaid,TE,2022,,,,,70.0,890.0,8.0
00-0039152,Will Levis,QB,2022,2406.0,19.0,-103.0,2.0,,,
00-0039065,Sam LaPorta,TE,2022,,,6.0,0.0,58.0,656.0,1.0
00-0039066,Michael Mayer,TE,2022,,,,,67.0,809.0,9.0
00-0039062,Jonathan Mingo,WR,2022,,,-7.0,1.0,51.0,862.0,5.0
00-0039144,Luke Musgrave,TE,2022,,,,,11.0,169.0,1.0
00-0039146,Jayden Reed,WR,2022,25.0,1.0,11.0,0.0,55.0,636.0,5.0
00-0039165,Zach Charbonnet,RB,2022,,,1359.0,14.0,37.0,321.0,0.0
00-0039067,Rashee Rice,WR,2022,,,,,96.0,1355.0,10.0
00-0038547,Luke Schoonmaker,TE,2022,,,,,35.0,418.0,3.0
00-0038935,Brenton Strange,TE,2022,,,0.0,0.0,32.0,362.0,5.0
00-0038976,Marvin Mims,WR,2022,,,3.0,0.0,54.0,1083.0,6.0
00-0038550,Hendon Hooker,QB,2022,3135.0,27.0,430.0,5.0,,,
00-0038977,Tank Dell,WR,,,,,,,,
00-0038551,Kendre Miller,RB,2022,,,1399.0,17.0,16.0,116.0,0.0
00-0038938,Jalin Hyatt,WR,2022,,,0.0,0.0,67.0,1267.0,15.0
00-0038979,Cedric Tillman,WR,2022,,,,,37.0,417.0,3.0
00-0038996,Tucker Kraft,TE,2022,,,6.0,0.0,22.0,289.0,2.0
00-0038997,Josh Downs,WR,2022,,,,,94.0,1029.0,11.0
00-0039032,Tyjae Spears,RB,2022,,,1581.0,19.0,22.0,256.0,2.0
00-0039040,De'Von Achane,RB,,,,,,,,
00-0038555,Tank Bigsby,RB,2022,,,970.0,10.0,30.0,180.0,0.0
00-0038558,Darnell Washington,TE,2022,,,,,28.0,454.0,2.0
00-0038559,Michael Wilson,WR,2022,,,47.0,0.0,26.0,418.0,4.0
00-0038563,Tre Tucker,WR,2022,,,8.0,0.0,52.0,672.0,3.0
00-0038564,Cameron Latu,TE,2022,,,,,30.0,377.0,4.0
00-0039021,Roschon Johnson,RB,2022,,,554.0,5.0,14.0,128.0,1.0
00-0038573,Derius Davis,WR,2022,,,30.0,1.0,42.0,531.0,5.0
00-0038998,Jake Haener,QB,2022,2888.0,20.0,-116.0,2.0,,,
00-0039107,Stetson Bennett,QB,2022,4127.0,27.0,205.0,10.0,,,
00-0038576,Charlie Jones,WR,2022,,,3.0,0.0,110.0,1361.0,12.0
00-0038941,Tyler Scott,WR,2022,,,,,55.0,899.0,9.0
00-0038579,Aidan O'Connell,QB,2022,3481.0,22.0,-81.0,1.0,,,
00-0038582,Clayton Tune,QB,2022,4074.0,40.0,547.0,5.0,,,
00-0038583,Dorian Thompson-Robinson,QB,2022,3153.0,27.0,647.0,12.0,,,
00-0038389,Israel Abanikanda,RB,2022,,,1431.0,20.0,12.0,146.0,1.0
00-0038589,Josh Whyle,TE,2022,,,,,32.0,326.0,3.0
00-0038391,Sean Clifford,QB,2022,2822.0,24.0,185.0,5.0,2.0,24.0,0.0
00-0038590,Justin Shorter,WR,2023,,,0.0,0.0,34.0,443.0,3.0
00-0038393,Dontayvion Wicks,WR,2022,,,,,30.0,430.0,2.0
00-0038394,Will Mallory,TE,2022,,,,,42.0,538.0,3.0
00-0038597,Chase Brown,RB,2022,0.0,0.0,1648.0,10.0,27.0,240.0,3.0
00-0038598,Jaren Hall,QB,2022,3171.0,31.0,346.0,3.0,3.0,36.0,1.0
00-0039050,Payne Durham,TE,2022,,,4.0,0.0,56.0,560.0,8.0
00-0038396,Eric Gray,RB,2022,0.0,0.0,1364.0,11.0,33.0,229.0,0.0
00-0039074,Davis Allen,TE,2022,0.0,0.0,,,39.0,443.0,5.0
00-0038397,Evan Hull,RB,2022,,,913.0,5.0,55.0,546.0,2.0
00-0039075,Puka Nacua,WR,2022,,,209.0,5.0,48.0,625.0,5.0
00-0038606,Parker Washington,WR,2022,,,8.0,0.0,46.0,611.0,2.0
00-0038608,Kayshon Boutte,WR,2022,,,41.0,0.0,48.0,538.0,2.0
00-0038400,Tanner McKee,QB,2022,2947.0,13.0,-90.0,2.0,,,
00-0039052,Trey Palmer,WR,2022,,,75.0,0.0,71.0,1043.0,9.0
00-0038611,Chris Rodriguez,RB,2022,,,903.0,6.0,5.0,41.0,0.0
00-0038612,A.T. Perry,WR,2022,,,,,81.0,1096.0,11.0
00-0039041,Elijah Higgins,WR,2022,,,48.0,0.0,59.0,704.0,2.0
00-0038618,Xavier Hutchinson,WR,2022,0.0,0.0,,,107.0,1171.0,6.0
00-0038619,Andrei Iosivas,WR,2022,,,10.0,0.0,66.0,943.0,7.0
00-0038621,DeMario Douglas,WR,2022,,,105.0,1.0,78.0,993.0,6.0
00-0038622,Deuce Vaughn,RB,2022,,,1558.0,9.0,42.0,378.0,3.0
00-0039136,Zach Evans,RB,2023,,,230.0,1.0,2.0,15.0,0.0
00-0038627,Antoine Green,WR,2022,,,,,43.0,798.0,7.0
00-0038406,Zack Kuntz,TE,2022,,,,,12.0,144.0,2.0
00-0039046,DeWayne McBride,RB,2022,,,1710.0,19.0,2.0,10.0,0.0
00-0038632,Colton Dowell,WR,2022,,,6.0,0.0,67.0,1032.0,6.0
00-0038409,Lew Nichols,RB,2022,,,601.0,6.0,21.0,128.0,0.0
00-0038636,Kenny McIntosh,RB,2022,,,829.0,10.0,43.0,504.0,2.0
00-0038637,Max Duggan,QB,2022,3698.0,32.0,423.0,9.0,1.0,1.0,0.0
00-0038640,Jalen Brooks,WR,2022,,,51.0,1.0,33.0,504.0,1.0
00-0038643,Brayden Willis,TE,2022,24.0,1.0,26.0,0.0,39.0,514.0,7.0
00-0038647,Ronnie Bell,WR,2022,0.0,0.0,23.0,1.0,62.0,889.0,4.0
00-0038507,Grant Dubose,WR,2022,0.0,0.0,,,64.0,792.0,9.0
00-0039918,Caleb Williams,QB,2023,3633.0,30.0,115.0,11.0,1.0,15.0,0.0
00-0039910,Jayden Daniels,QB,2023,3812.0,40.0,1134.0,10.0,,,
00-0039851,Drake Maye,QB,2023,3608.0,24.0,449.0,9.0,,,
00-0039849,Marvin Harrison Jr.,WR,2023,,,26.0,1.0,67.0,1211.0,14.0
00-0039917,Michael Penix,QB,2023,4903.0,36.0,8.0,3.0,,,
00-0039919,Rome Odunze,WR,2023,,,37.0,1.0,92.0,1640.0,13.0
00-0039732,Bo Nix,QB,2023,4508.0,45.0,234.0,6.0,,,
00-0039338,Brock Bowers,TE,2023,,,28.0,1.0,56.0,714.0,6.0
00-0039893,Brian Thomas,WR,2024,,,67.0,0.0,4.0,32.0,1.0
00-0039916,Ricky Pearsall,WR,2023,,,62.0,2.0,64.0,970.0,4.0
00-0039342,Xavier Legette,WR,2023,,,-9.0,0.0,71.0,1255.0,7.0
00-0039915,Ladd McConkey,WR,2023,,,38.0,1.0,30.0,478.0,2.0
00-0039907,Ja'Lynn Polk,WR,2023,,,32.0,1.0,69.0,1159.0,9.0
00-0039890,Adonai Mitchell,WR,2023,,,1.0,0.0,55.0,845.0,11.0
00-0039912,Ben Sinnott,TE,2023,,,,,49.0,676.0,6.0
00-0039920,Malachi Corley,WR,2023,,,11.0,0.0,79.0,984.0,11.0
00-0039921,Trey Benson,RB,2023,,,905.0,14.0,20.0,227.0,1.0
00-0039810,Jermaine Burton,WR,2023,,,,,39.0,798.0,8.0
00-0039737,Tip Reiman,TE,2023,,,,,19.0,203.0,3.0
00-0039738,Blake Corum,RB,2023,,,1245.0,27.0,16.0,117.0,1.0
00-0039739,Roman Wilson,WR,2023,,,10.0,0.0,48.0,789.0,12.0
00-0039811,MarShawn Lloyd,RB,2023,,,820.0,9.0,13.0,232.0,0.0
00-0039855,Jalen McMillan,WR,2023,9.0,0.0,30.0,1.0,45.0,559.0,5.0
00-0039355,Luke McCaffrey,WR,2023,0.0,0.0,117.0,0.0,71.0,992.0,13.0
00-0039847,Theo Johnson,TE,2023,,,,,34.0,341.0,7.0
00-0039853,Javon Baker,WR,2023,,,,,52.0,1139.0,7.0
00-0039792,Devontez Walker,WR,2023,,,23.0,0.0,41.0,699.0,7.0
00-0039814,Erick All,TE,2023,,,,,21.0,299.0,3.0
00-0039793,AJ Barner,TE,,,,,,,,
00-0039359,Cade Stover,TE,2023,,,,,41.0,576.0,5.0
00-0039361,Bucky Irving,RB,,,,,,,,
00-0039746,Will Shipley,RB,2023,,,827.0,5.0,31.0,244.0,2.0
00-0039875,Ray Davis,RB,2022,,,116.0,1.0,3.0,38.0,1.0
00-0039363,Isaac Guerendo,RB,2023,,,810.0,11.0,22.0,234.0,0.0
00-0039824,Jared Wiley,TE,2023,,,,,47.0,520.0,8.0
00-0039365,Jacob Cowing,WR,2023,-2.0,0.0,26.0,0.0,89.0,839.0,13.0
00-0039816,Anthony Gould,WR,2023,,,22.0,0.0,44.0,718.0,2.0
00-0039376,Spencer Rattler,QB,2023,3186.0,19.0,102.0,4.0,,,
00-0039747,Ainias Smith,WR,2023,,,21.0,0.0,53.0,795.0,2.0
00-0039379,Jamari Thrash,WR,2023,,,12.0,1.0,63.0,858.0,6.0
00-0039796,Rasheen Ali,RB,2023,,,1140.0,15.0,28.0,213.0,1.0
00-0039384,Tyrone Tracy Jr.,RB,2023,,,716.0,8.0,19.0,132.0,0.0
00-0039385,Keilan Robinson,RB,2023,,,134.0,3.0,8.0,56.0,0.0
00-0039386,Bub Means,WR,,,,,,,,
00-0039797,Jordan Travis,QB,2023,2745.0,20.0,176.0,7.0,,,
00-0039798,Isaiah Davis,RB,2023,0.0,0.0,1529.0,17.0,25.0,248.0,1.0
00-0039391,Kimani Vidal,RB,2023,,,1662.0,14.0,18.0,201.0,1.0
00-0039392,Jha'Quan Jackson,WR,2023,,,51.0,0.0,26.0,439.0,4.0
00-0039880,Malik Washington,WR,2023,0.0,0.0,7.0,0.0,110.0,1426.0,9.0
00-0039236,Johnny Wilson,WR,2023,,,,,41.0,617.0,2.0
00-0039393,Jase McClellan,RB,2023,,,890.0,8.0,15.0,137.0,0.0
00-0039394,Casey Washington,WR,2023,,,,,49.0,670.0,4.0
00-0039397,Tejhaun Palmer,WR,2023,,,,,47.0,858.0,7.0
00-0039398,Joe Milton,QB,2023,2814.0,20.0,299.0,7.0,1.0,6.0,0.0
00-0039399,Tanner McLachlan,TE,2023,,,,,45.0,528.0,4.0
00-0039405,Jawhar Jordan,RB,2023,,,1128.0,13.0,21.0,246.0,1.0
00-0039407,Dylan Laube,RB,2023,,,715.0,9.0,68.0,699.0,7.0
00-0039751,Jordan Whittington,WR,2023,,,18.0,0.0,42.0,505.0,1.0
00-0039410,Ryan Flournoy,WR,2023,,,49.0,1.0,57.0,839.0,6.0
00-0039801,Devin Leary,QB,2023,2746.0,25.0,-60.0,1.0,1.0,-4.0,0.0
00-0039415,Brenden Rice,WR,2023,,,,,45.0,791.0,12.0
00-0039420,Jaheim Bell,TE,2023,,,2.0,1.0,39.0,503.0,2.0
00-0039424,Devaughn Vele,WR,2023,6.0,0.0,,,43.0,593.0,3.0
00-0039884,Tahj Washington,WR,2023,,,10.0,0.0,59.0,1062.0,8.0
00-0039238,Michael Pratt,QB,2023,2406.0,22.0,286.0,5.0,,,
00-0039754,Devin Culp,TE,2023,,,,,16.0,208.0,2.0
00-0039437,Cornelius Johnson,WR,2023,,,40.0,0.0,47.0,604.0,1.0
00-0040676,Cam Ward,QB,,,,,,,,
00-0040128,Tyler Warren,TE,2024,35.0,1.0,218.0,4.0,104.0,1233.0,8.0
00-0040129,Emeka Egbuka,WR,2024,,,33.0,0.0,81.0,1011.0,10.0
00-0040130,Jayden Higgins,WR,2024,,,,,87.0,1183.0,9.0
00-0040734,TreVeyon Henderson,RB,2024,,,1016.0,10.0,27.0,284.0,1.0
00-0040743,Tyler Shough,QB,2024,3195.0,23.0,19.0,1.0,,,
00-0040727,Tre Harris,WR,2024,,,,,61.0,1063.0,7.0
00-0040729,Jack Bech,WR,2024,,,7.0,0.0,62.0,1034.0,9.0
00-0040730,RJ Harvey,RB,2024,18.0,0.0,1577.0,22.0,20.0,267.0,3.0
00-0040131,Kyle Williams,WR,2024,,,97.0,0.0,71.0,1198.0,15.0
00-0040669,Isaac TeSlaa,WR,2024,,,,,28.0,545.0,3.0
00-0040134,Pat Bryant,WR,,,,,,,,
00-0040138,Jaylin Noel,WR,2024,0.0,0.0,38.0,0.0,81.0,1194.0,8.0
00-0040009,Savion Williams,WR,2024,22.0,1.0,322.0,6.0,60.0,611.0,6.0
00-0040673,Jalen Milroe,QB,2024,2844.0,16.0,726.0,20.0,,,
00-0040704,Dillon Gabriel,QB,2024,3857.0,30.0,149.0,7.0,,,
00-0040705,Chimere Dike,WR,2024,,,,,42.0,783.0,2.0
00-0040719,Bhayshul Tuten,RB,2024,,,1158.0,15.0,22.0,79.0,2.0
00-0040715,Cam Skattebo,RB,,,,,,,,
00-0040581,Dont'e Thornton,WR,2024,,,,,26.0,661.0,6.0
00-0040582,Arian Smith,WR,2024,,,54.0,0.0,48.0,817.0,4.0
00-0040583,Woody Marks,RB,,,,,,,,
00-0040692,Jarquez Hunter,RB,2024,0.0,0.0,1201.0,8.0,21.0,155.0,1.0
00-0040584,Gunnar Helm,TE,2024,,,,,60.0,786.0,7.0
00-0040164,Jaylin Lane,WR,2024,6.0,1.0,116.0,2.0,38.0,466.0,2.0
00-0040172,Jordan Watkins,WR,2024,,,20.0,0.0,49.0,906.0,9.0
00-0040668,Shedeur Sanders,QB,2024,4134.0,37.0,-50.0,4.0,,,
00-0040184,KeAndre Lambert-Smith,WR,,,,,,,,
00-0040648,Tory Horton,WR,2024,,,22.0,0.0,25.0,331.0,1.0
00-0040194,Jackson Hawes,TE,2024,,,,,16.0,195.0,0.0
00-0040649,Robbie Ouzts,TE,2024,,,,,8.0,108.0,2.0
00-0040014,Kyle McCord,QB,2024,4779.0,34.0,-65.0,3.0,,,
00-0040203,Will Howard,QB,2024,4010.0,35.0,226.0,7.0,1.0,0.0,0.0
00-0040205,Kalel Mullings,RB,2024,,,948.0,12.0,6.0,35.0,0.0
00-0040206,Riley Leonard,QB,2024,2861.0,21.0,906.0,17.0,1.0,-8.0,0.0
00-0040208,Tahj Brooks,RB,2024,38.0,0.0,1505.0,17.0,27.0,185.0,1.0
00-0040211,Graham Mertz,QB,2024,791.0,6.0,56.0,1.0,,,
00-0040075,LaJohntay Wester,WR,2024,,,0.0,0.0,74.0,931.0,10.0
00-0040218,Jimmy Horn,WR,2024,,,3.0,0.0,37.0,441.0,1.0
00-0040220,Tommy Mellott,QB,2024,2783.0,31.0,1037.0,15.0,,,
00-0040222,Cam Miller,QB,2024,3252.0,33.0,631.0,12.0,,,
00-0040225,Thomas Fidone,TE,2024,,,,,36.0,373.0,0.0
00-0040589,Kurtis Rourke,QB,2024,3042.0,29.0,-35.0,2.0,,,
00-0040236,Kyle Monangai,RB,2024,,,1279.0,13.0,14.0,75.0,1.0
00-0040237,Tez Johnson,WR,2024,0.0,0.0,-1.0,0.0,83.0,898.0,10.0
00-0040653,Ricky White,WR,2024,,,1.0,0.0,79.0,1041.0,11.0
00-0040021,Phil Mafah,RB,2024,,,1115.0,8.0,21.0,103.0,0.0
00-0040240,Caleb Lohner,TE,2024,,,,,4.0,54.0,4.0
00-0040590,Konata Mumpfield,WR,2024,,,,,52.0,813.0,5.0
00-0040241,Dominic Lovett,WR,2024,,,,,59.0,607.0,6.0
00-0040242,Jacory Croskey-Merritt,RB,,,,,,,,
00-0040247,Junior Bergen,WR,2024,0.0,0.0,2.0,0.0,48.0,542.0,3.0
00-0040250,Luke Lachey,TE,2024,,,,,28.0,231.0,0.0
,Carson Beck,QB,2025,3813.0,30.0,43.0,2.0,1.0,14.0,1.0
BLA097235,Kaelon Black,RB,2025,,,1039.0,10.0,4.0,36.0,0.0
HIB564972,Matthew Hibner,TE,2025,,,,,31.0,436.0,4.0
,Joe Royer,TE,2025,,,,,29.0,416.0,4.0
DAN490797,CJ Daniels,WR,,,,,,,,
SMI038569,Anthony Smith,WR,2025,,,45.0,1.0,64.0,1053.0,7.0
MCG547540,Seth McGowan,RB,2025,,,725.0,12.0,19.0,126.0,0.0
