gsis_id,player_name,position,draft_year,first_stat_season,rookie_ppr,rookie_games,rookie_ppr_per_game,rookie_ppr_rank_pos
00-0030564,DeAndre Hopkins,WR,2013,2013.0,142.2,16.0,8.8875,4.0
00-0030521,Justin Hunter,WR,2013,2013.0,77.39999999999999,13.0,5.953846153846153,10.0
00-0030456,Giovani Bernard,RB,2013,2013.0,222.9,16.0,13.93125,2.0
00-0030431,Robert Woods,WR,2013,2013.0,120.3,14.0,8.592857142857143,7.0
00-0030496,Le'Veon Bell,RB,2013,2013.0,216.9,13.0,16.684615384615384,3.0
00-0030279,Keenan Allen,WR,2013,2013.0,221.6,15.0,14.773333333333333,1.0
00-0030550,Ace Sanders,WR,2013,,,,,
00-0030474,Josh Boyce,WR,2013,2013.0,21.1,6.0,3.516666666666667,13.0
00-0030497,Marcus Lattimore,RB,2013,,,,,
00-0030085,Kenny Stills,WR,2013,2013.0,127.1,16.0,7.94375,6.0
00-0030388,Joseph Randle,RB,2013,,,,,
00-0030414,Spencer Ware,RB,2013,2013.0,1.0,1.0,1.0,15.0
00-0030415,Jawan Jamison,RB,2013,,,,,
00-0030047,Marquess Wilson,WR,2013,2013.0,3.3,3.0,1.0999999999999999,16.0
00-0031407,Blake Bortles,QB,2014,2014.0,168.22,14.0,12.015714285714285,3.0
00-0031325,Sammy Watkins,WR,2014,2014.0,198.0,16.0,12.375,5.0
00-0031408,Mike Evans,WR,2014,2014.0,245.1,15.0,16.34,2.0
00-0031387,Eric Ebron,TE,2014,2014.0,55.8,12.0,4.6499999999999995,2.0
00-0031235,Odell Beckham Jr.,WR,2014,2014.0,297.0,12.0,24.75,1.0
00-0031236,Brandin Cooks,WR,2014,2014.0,139.3,10.0,13.930000000000001,8.0
00-0031409,Johnny Manziel,QB,2014,,,,,
00-0031359,Kelvin Benjamin,WR,2014,2014.0,225.79999999999998,16.0,14.112499999999999,3.0
00-0031237,Teddy Bridgewater,QB,2014,2014.0,183.66,13.0,14.127692307692307,2.0
00-0031418,Austin Seferian-Jenkins,TE,2014,2014.0,53.1,9.0,5.9,4.0
00-0031431,Marqise Lee,WR,2014,2014.0,86.1,12.0,7.175,13.0
00-0031299,Jordan Matthews,WR,2014,2014.0,202.2,16.0,12.6375,4.0
00-0031257,Paul Richardson,WR,2014,2014.0,62.1,11.0,5.6454545454545455,14.0
00-0031042,Jace Amaro,TE,2014,2014.0,84.5,13.0,6.5,1.0
00-0031044,Troy Niklas,TE,2014,2014.0,6.800000000000001,3.0,2.266666666666667,7.0
00-0031381,Davante Adams,WR,2014,2014.0,100.60000000000001,14.0,7.185714285714286,11.0
00-0031413,Bishop Sankey,RB,2014,,,,,
00-0031301,Jeremy Hill,RB,2014,2014.0,210.9,16.0,13.18125,1.0
00-0031344,Cody Latimer,WR,2014,2014.0,4.3,3.0,1.4333333333333333,23.0
00-0031428,Allen Robinson,WR,2014,2014.0,116.8,10.0,11.68,10.0
00-0031382,Jarvis Landry,WR,2014,2014.0,189.4,16.0,11.8375,6.0
00-0031302,C.J. Fiedorowicz,TE,2014,2014.0,12.799999999999999,5.0,2.5599999999999996,6.0
00-0031391,Tre Mason,RB,2014,,,,,
00-0030990,Josh Huff,WR,2014,2014.0,22.5,10.0,2.25,19.0
00-0031339,Donte Moncrief,WR,2014,2014.0,96.1,14.0,6.864285714285714,12.0
00-0031376,Jerick McKinnon,RB,2014,2014.0,94.3,11.0,8.572727272727272,5.0
00-0031384,Richard Rodgers,TE,2014,2014.0,54.5,13.0,4.1923076923076925,3.0
00-0031285,Devonta Freeman,RB,2014,2014.0,87.3,16.0,5.45625,6.0
00-0031053,Jalen Saunders,WR,2014,,,,,
00-0031055,Andre Williams,RB,2014,2014.0,145.1,16.0,9.06875,2.0
00-0031057,Ka'Deem Carey,RB,2014,2014.0,26.5,10.0,2.65,11.0
00-0031060,De'Anthony Thomas,RB,2014,2014.0,61.9,12.0,5.158333333333333,9.0
00-0031062,James White,RB,2014,2014.0,11.1,3.0,3.6999999999999997,13.0
00-0031075,Alfred Blue,RB,2014,2014.0,103.1,16.0,6.44375,4.0
00-0031187,Robert Herron,WR,2014,,,,,
00-0031078,Lache Seastrunk,RB,2014,,,,,
00-0031189,T.J. Jones,WR,2014,2015.0,28.9,7.0,4.128571428571428,17.0
00-0031315,Matt Hazel,WR,2014,2015.0,0.0,1.0,0.0,26.0
00-0031023,Quincy Enunwa,WR,2014,2015.0,53.5,11.0,4.863636363636363,15.0
00-0031085,Jay Prosch,RB,2014,2014.0,3.4,3.0,1.1333333333333333,14.0
00-0031243,Storm Johnson,RB,2014,2014.0,21.2,5.0,4.24,12.0
00-0031291,James Wright,WR,2014,2014.0,17.1,10.0,1.7100000000000002,21.0
00-0031271,Trey Millard,RB,2014,,,,,
00-0031503,Jameis Winston,QB,2015,2015.0,274.98,16.0,17.18625,1.0
00-0032268,Marcus Mariota,QB,2015,2015.0,211.02,12.0,17.585,2.0
00-0031544,Amari Cooper,WR,2015,2015.0,213.9,16.0,13.36875,1.0
00-0031545,Kevin White,WR,2015,2016.0,38.6,4.0,9.65,16.0
00-0032241,Todd Gurley,RB,2015,2015.0,208.4,13.0,16.03076923076923,2.0
00-0031547,DeVante Parker,WR,2015,2015.0,93.4,8.0,11.675,7.0
00-0032144,Melvin Gordon,RB,2015,2015.0,108.3,14.0,7.735714285714286,9.0
00-0031549,Nelson Agholor,WR,2015,2015.0,55.3,13.0,4.253846153846154,8.0
00-0032054,Breshad Perriman,WR,2015,2016.0,101.1,15.0,6.739999999999999,6.0
00-0032208,Phillip Dorsett,WR,2015,2015.0,48.2,11.0,4.381818181818182,10.0
00-0032209,T.J. Yeldon,RB,2015,2015.0,155.9,12.0,12.991666666666667,4.0
00-0031934,Devin Smith,WR,2015,2015.0,26.5,7.0,3.7857142857142856,17.0
00-0032218,Dorial Green-Beckham,WR,2015,,,,,
00-0032055,Devin Funchess,WR,2015,2015.0,106.30000000000001,16.0,6.643750000000001,5.0
00-0032104,Ameer Abdullah,RB,2015,2015.0,117.0,16.0,7.3125,7.0
00-0031558,Maxx Williams,TE,2015,2015.0,64.8,11.0,5.890909090909091,2.0
00-0032211,Tyler Lockett,WR,2015,2015.0,167.4,16.0,10.4625,2.0
00-0031560,Jaelen Strong,WR,2015,2015.0,48.1,10.0,4.8100000000000005,11.0
00-0032058,Tevin Coleman,RB,2015,2015.0,42.599999999999994,12.0,3.5499999999999994,11.0
00-0032128,Chris Conley,WR,2015,2015.0,42.9,9.0,4.766666666666667,13.0
00-0032257,Duke Johnson,RB,2015,2015.0,164.3,16.0,10.26875,3.0
00-0032214,Tyler Kroft,TE,2015,2015.0,29.9,6.0,4.983333333333333,7.0
00-0032166,Sammie Coates,WR,2015,2015.0,2.1,1.0,2.1,25.0
00-0032245,Sean Mannion,QB,2015,2015.0,1.24,1.0,1.24,4.0
00-0032227,Jeff Heuerman,TE,2015,2016.0,23.1,6.0,3.85,8.0
00-0032200,Ty Montgomery,WR,2015,2015.0,42.0,5.0,8.4,14.0
00-0031939,Matt Jones,RB,2015,2015.0,116.4,13.0,8.953846153846154,8.0
00-0031941,Jamison Crowder,WR,2015,2015.0,135.6,16.0,8.475,4.0
00-0031569,Jeremy Langford,RB,2015,2015.0,147.6,15.0,9.84,5.0
00-0032130,Jalston Fowler,RB,2015,2015.0,22.7,7.0,3.242857142857143,13.0
00-0032062,Blake Bell,TE,2015,2015.0,33.6,9.0,3.7333333333333334,5.0
00-0031577,Javorius Allen,RB,2015,2015.0,145.7,16.0,9.10625,6.0
00-0032063,Mike Davis,RB,2015,2015.0,16.6,5.0,3.3200000000000003,14.0
00-0032133,David Cobb,RB,2015,,,,,
00-0032170,Rashad Greene,WR,2015,2015.0,46.300000000000004,9.0,5.144444444444445,12.0
00-0031585,MyCole Pruitt,TE,2015,2015.0,18.9,10.0,1.89,10.0
00-0031588,Stefon Diggs,WR,2015,2015.0,149.29999999999998,13.0,11.484615384615383,3.0
00-0031589,Brett Hundley,QB,2015,2016.0,-1.5199999999999998,4.0,-0.37999999999999995,6.0
00-0031590,Jay Ajayi,RB,2015,2015.0,42.699999999999996,9.0,4.744444444444444,10.0
00-0032152,Karlos Williams,RB,2015,,,,,
00-0031594,Tony Lippett,WR,2015,,,,,
00-0032134,C.J. Uzomah,TE,2015,2015.0,1.4,1.0,1.4,16.0
00-0032112,JJ Nelson,WR,2015,2015.0,52.9,9.0,5.877777777777777,9.0
00-0032135,Jesse James,TE,2015,2015.0,21.6,5.0,4.32,9.0
00-0032113,Kenny Bell,WR,2015,,,,,
00-0031595,Michael Burton,RB,2015,2015.0,16.1,8.0,2.0125,15.0
00-0031598,Nick Boyle,TE,2015,2015.0,35.3,8.0,4.4125,4.0
00-0031951,James O'Shaughnessy,TE,2015,2015.0,14.7,5.0,2.94,11.0
00-0031600,Keith Mumphery,WR,2015,,,,,
00-0032115,Kaelin Clay,WR,2015,2015.0,6.0,1.0,6.0,20.0
00-0031953,Geremy Davis,WR,2015,2015.0,4.1,3.0,1.3666666666666665,21.0
00-0031954,Evan Spencer,WR,2015,,,,,
00-0032117,Nick O'Leary,TE,2015,2015.0,4.7,3.0,1.5666666666666667,13.0
00-0032068,Malcolm Johnson,TE,2015,2015.0,5.5,5.0,1.1,12.0
00-0031533,Randall Telfer,TE,2015,2016.0,2.4,5.0,0.48,14.0
,Bud Sasser,WR,2015,,,,,
00-0031610,Darren Waller,WR,2015,2015.0,3.8000000000000003,3.0,1.2666666666666668,22.0
00-0031611,Josh Robinson,RB,2015,,,,,
00-0031612,Aaron Ripkowski,RB,2015,2015.0,2.8,1.0,2.8,17.0
00-0031617,Kennard Backman,TE,2015,,,,,
00-0032120,Neal Sterling,WR,2015,2016.0,23.0,5.0,4.6,18.0
00-0032139,Ben Koyack,TE,2015,2016.0,41.1,9.0,4.566666666666666,3.0
00-0031959,Marcus Murphy,RB,2015,2015.0,6.0,2.0,3.0,16.0
00-0032070,Dezmin Lewis,WR,2015,2016.0,0.0,1.0,0.0,26.0
00-0031625,Kenny Hilliard,RB,2015,,,,,
00-0031962,Mario Alford,WR,2015,2015.0,2.5,1.0,2.5,24.0
00-0032123,Tre McBride,WR,2015,2015.0,9.600000000000001,2.0,4.800000000000001,19.0
00-0032141,Geoff Swaim,TE,2015,2015.0,1.0,1.0,1.0,17.0
00-0032156,Trevor Siemian,QB,2015,2015.0,-0.1,1.0,-0.1,5.0
00-0032072,Rory Anderson,TE,2015,,,,,
00-0032190,Gerald Christian,TE,2015,2016.0,2.4,1.0,2.4,14.0
00-0033106,Jared Goff,QB,2016,2016.0,53.16,7.0,7.594285714285713,4.0
00-0032950,Carson Wentz,QB,2016,2016.0,213.98,16.0,13.37375,2.0
00-0033045,Ezekiel Elliott,RB,2016,2016.0,325.4,15.0,21.69333333333333,1.0
00-0032966,Corey Coleman,WR,2016,2016.0,93.3,10.0,9.33,8.0
00-0033127,Will Fuller,WR,2016,2016.0,128.2,14.0,9.157142857142857,4.0
00-0032760,Josh Doctson,WR,2016,2016.0,8.6,2.0,4.3,21.0
00-0032951,Laquon Treadwell,WR,2016,2016.0,2.5,2.0,1.25,24.0
00-0033108,Paxton Lynch,QB,2016,2016.0,28.380000000000003,3.0,9.46,5.0
00-0033090,Hunter Henry,TE,2016,2016.0,129.8,13.0,9.984615384615385,1.0
00-0032385,Sterling Shepard,WR,2016,2016.0,184.4,16.0,11.525,3.0
00-0032764,Derrick Henry,RB,2016,2016.0,105.7,14.0,7.55,4.0
00-0032765,Michael Thomas,WR,2016,2016.0,255.70000000000002,15.0,17.046666666666667,1.0
00-0032953,Christian Hackenberg,QB,2016,,,,,
00-0033009,Tyler Boyd,WR,2016,2016.0,124.1,16.0,7.75625,5.0
00-0033118,Kenyan Drake,RB,2016,2016.0,49.5,13.0,3.8076923076923075,10.0
00-0032392,Austin Hooper,TE,2016,2016.0,64.1,11.0,5.827272727272727,2.0
00-0033069,Braxton Miller,WR,2016,2016.0,30.9,9.0,3.433333333333333,13.0
00-0033060,Leonte Carroo,WR,2016,2016.0,11.9,5.0,2.38,19.0
00-0032393,C.J. Prosise,RB,2016,2016.0,61.0,6.0,10.166666666666666,8.0
00-0033119,Jacoby Brissett,QB,2016,2016.0,28.299999999999997,3.0,9.433333333333332,6.0
00-0033104,Cody Kessler,QB,2016,2016.0,77.0,9.0,8.555555555555555,3.0
00-0032394,Nick Vannett,TE,2016,2016.0,6.2,3.0,2.066666666666667,6.0
00-0032893,Connor Cook,QB,2016,2016.0,6.0,1.0,6.0,9.0
00-0032398,Chris Moore,WR,2016,2016.0,19.5,9.0,2.1666666666666665,15.0
00-0033110,Tyler Higbee,TE,2016,2016.0,25.5,11.0,2.3181818181818183,5.0
00-0032400,Malcolm Mitchell,WR,2016,2016.0,96.1,12.0,8.008333333333333,7.0
00-0033079,Ricardo Louis,WR,2016,2016.0,38.5,7.0,5.5,10.0
00-0033111,Pharoh Cooper,WR,2016,2016.0,22.6,8.0,2.825,14.0
00-0032404,Tyler Ervin,RB,2016,2016.0,5.1,3.0,1.7,18.0
00-0032775,Demarcus Robinson,WR,2016,2017.0,42.2,10.0,4.220000000000001,9.0
00-0032411,Kenneth Dixon,RB,2016,2016.0,102.4,12.0,8.533333333333333,5.0
00-0033077,Dak Prescott,QB,2016,2016.0,286.88,16.0,17.93,1.0
00-0032972,Devontae Booker,RB,2016,2016.0,142.7,16.0,8.91875,3.0
00-0033080,Seth Devalve,TE,2016,2016.0,34.7,8.0,4.3375,3.0
00-0033098,Cardale Jones,QB,2016,2016.0,1.74,1.0,1.74,10.0
00-0032778,Tajae Sharpe,WR,2016,2016.0,105.3,16.0,6.58125,6.0
00-0032940,DeAndre Washington,RB,2016,2016.0,85.2,13.0,6.553846153846154,6.0
00-0032417,Paul Perkins,RB,2016,2016.0,76.8,13.0,5.907692307692307,7.0
00-0032780,Jordan Howard,RB,2016,2016.0,230.1,15.0,15.34,2.0
00-0032782,Wendell Smallwood,RB,2016,2016.0,52.7,12.0,4.391666666666667,9.0
00-0032974,Jordan Payton,WR,2016,2016.0,1.3,2.0,0.65,25.0
00-0032975,Jonathan Williams,RB,2016,2016.0,12.4,8.0,1.55,15.0
00-0032784,Kevin Hogan,QB,2016,2016.0,16.66,3.0,5.553333333333334,7.0
00-0032423,Trevor Davis,WR,2016,2016.0,11.4,4.0,2.85,20.0
00-0033040,Tyreek Hill,WR,2016,2016.0,219.0,16.0,13.6875,2.0
00-0032426,Alex Collins,RB,2016,2016.0,35.9,9.0,3.988888888888889,12.0
00-0032977,Rashard Higgins,WR,2016,2016.0,13.7,10.0,1.3699999999999999,18.0
00-0032956,Andy Janovich,RB,2016,2016.0,18.7,7.0,2.6714285714285713,13.0
00-0033112,Temarrick Hemingway,TE,2016,2020.0,,,,
00-0032341,Moritz Boehringer,WR,2016,,,,,
00-0033078,Keenan Reynolds,RB,2016,,,,,
00-0032429,Jerell Adams,TE,2016,2016.0,34.2,9.0,3.8000000000000003,4.0
00-0032791,Jakeem Grant,WR,2016,2016.0,6.1,3.0,2.033333333333333,23.0
00-0032792,Nate Sudfeld,QB,2016,2017.0,7.56,1.0,7.56,8.0
00-0032430,David Morgan,TE,2016,2016.0,1.4,1.0,1.4,7.0
00-0032431,Jake Rudock,QB,2016,2017.0,-1.04,1.0,-1.04,11.0
00-0032957,Kolby Listenbee,WR,2016,,,,,
00-0032794,Danny Vitale,RB,2016,2016.0,6.7,5.0,1.34,16.0
00-0032897,Derek Watt,RB,2016,2016.0,12.7,6.0,2.1166666666666667,14.0
00-0032795,Cody Core,WR,2016,2016.0,37.0,6.0,6.166666666666667,12.0
00-0032434,Brandon Allen,QB,2016,2019.0,,,,
00-0033114,Mike Thomas,WR,2016,2016.0,6.7,6.0,1.1166666666666667,22.0
00-0032436,Jeff Driskel,QB,2016,2018.0,,,,
00-0032440,Kelvin Taylor,RB,2016,,,,,
00-0032441,Aaron Burbridge,WR,2016,2016.0,15.8,8.0,1.975,17.0
00-0033049,Darius Jackson,RB,2016,2018.0,,,,
00-0033054,Rico Gathers,TE,2016,2018.0,,,,
00-0032446,Brandon Doughty,QB,2016,,,,,
00-0032447,Devin Lucien,WR,2016,,,,,
00-0032365,Demarcus Ayers,WR,2016,2016.0,16.099999999999998,2.0,8.049999999999999,16.0
00-0032801,Daniel Braverman,WR,2016,2016.0,0.0,2.0,0.0,26.0
00-0033061,Thomas Duarte,TE,2016,,,,,
00-0032450,Dwayne Washington,RB,2016,2016.0,48.7,11.0,4.427272727272728,11.0
00-0032804,Daniel Lasco,RB,2016,2016.0,6.3,3.0,2.1,17.0
00-0032451,Devin Fuller,WR,2016,,,,,
00-0032959,Charone Peake,WR,2016,2016.0,37.6,11.0,3.4181818181818184,11.0
00-0032806,Keith Marshall,RB,2016,,,,,
00-0032453,Kenny Lawler,WR,2016,,,,,
00-0032808,Zac Brooks,RB,2016,,,,,
00-0032900,Beau Sandland,TE,2016,,,,,
00-0033869,Mitchell Trubisky,QB,2017,2017.0,134.52,12.0,11.21,3.0
00-0033856,Leonard Fournette,RB,2017,2017.0,230.2,13.0,17.707692307692305,3.0
00-0033871,Corey Davis,WR,2017,2017.0,71.5,11.0,6.5,7.0
00-0033536,Mike Williams,WR,2017,2017.0,20.500000000000004,9.0,2.277777777777778,14.0
00-0033280,Christian McCaffrey,RB,2017,2017.0,228.6,16.0,14.2875,4.0
00-0033460,John Ross,WR,2017,2017.0,-0.8,3.0,-0.26666666666666666,27.0
00-0033873,Patrick Mahomes,QB,2017,2017.0,10.36,1.0,10.36,5.0
00-0033537,Deshaun Watson,QB,2017,2017.0,168.86,7.0,24.122857142857146,2.0
00-0033879,O.J. Howard,TE,2017,2017.0,101.2,13.0,7.7846153846153845,3.0
00-0033881,Evan Engram,TE,2017,2017.0,173.6,15.0,11.573333333333332,1.0
00-0033885,David Njoku,TE,2017,2017.0,94.7,16.0,5.91875,4.0
00-0033891,Zay Jones,WR,2017,2017.0,70.60000000000001,14.0,5.042857142857144,8.0
00-0033282,Curtis Samuel,WR,2017,2017.0,32.9,8.0,4.1125,12.0
00-0033893,Dalvin Cook,RB,2017,2017.0,65.4,4.0,16.35,13.0
00-0033895,Gerald Everett,TE,2017,2017.0,51.7,13.0,3.976923076923077,5.0
00-0033896,Adam Shaheen,TE,2017,2017.0,42.7,6.0,7.116666666666667,7.0
00-0033897,Joe Mixon,RB,2017,2017.0,141.3,14.0,10.092857142857143,7.0
00-0033899,DeShone Kizer,QB,2017,2017.0,175.66,15.0,11.710666666666667,1.0
00-0033857,JuJu Smith-Schuster,WR,2017,2017.0,197.7,13.0,15.207692307692307,1.0
00-0033906,Alvin Kamara,RB,2017,2017.0,320.4,16.0,20.025,1.0
00-0033908,Cooper Kupp,WR,2017,2017.0,176.9,15.0,11.793333333333333,2.0
00-0033911,Taywan Taylor,WR,2017,2017.0,49.4,16.0,3.0875,10.0
00-0033916,ArDarius Stewart,WR,2017,2017.0,16.9,9.0,1.8777777777777775,17.0
00-0033919,Carlos Henderson,WR,2017,,,,,
00-0033921,Chris Godwin,WR,2017,2017.0,92.5,15.0,6.166666666666667,6.0
00-0033923,Kareem Hunt,RB,2017,2017.0,295.2,16.0,18.45,2.0
00-0033550,Davis Webb,QB,2017,2021.0,,,,
00-0033925,D'Onta Foreman,RB,2017,2017.0,57.0,9.0,6.333333333333333,14.0
00-0033932,Kenny Golladay,WR,2017,2017.0,94.6,11.0,8.6,5.0
00-0033933,Chad Williams,WR,2017,2017.0,9.4,5.0,1.8800000000000001,20.0
00-0033858,Jonnu Smith,TE,2017,2017.0,45.7,13.0,3.5153846153846158,6.0
00-0033936,C.J. Beathard,QB,2017,2017.0,88.8,6.0,14.799999999999999,4.0
00-0033553,James Conner,RB,2017,2017.0,14.4,12.0,1.2,17.0
00-0033937,Amara Darboh,WR,2017,2017.0,15.1,8.0,1.8875,19.0
00-0033839,Dede Westbrook,WR,2017,2017.0,66.9,7.0,9.557142857142859,9.0
00-0033526,Samaje Perine,RB,2017,2017.0,108.5,13.0,8.346153846153847,8.0
00-0033943,Josh Reynolds,WR,2017,2017.0,27.4,8.0,3.425,13.0
00-0033555,Mack Hollins,WR,2017,2017.0,44.6,11.0,4.054545454545455,11.0
00-0033556,Tarik Cohen,RB,2017,2017.0,152.14,16.0,9.50875,5.0
00-0033286,Joe Williams,RB,2017,,,,,
00-0033559,Michael Roberts,TE,2017,2017.0,8.6,5.0,1.72,12.0
00-0033859,Josh Malone,WR,2017,2017.0,18.5,9.0,2.0555555555555554,15.0
00-0033561,Donnel Pumphrey,RB,2017,,,,,
00-0033562,Ryan Switzer,WR,2017,2017.0,16.6,7.0,2.3714285714285714,18.0
00-0033948,Jamaal Williams,RB,2017,2017.0,142.8,14.0,10.200000000000001,6.0
00-0033949,Joshua Dobbs,QB,2017,2018.0,0.8200000000000001,5.0,0.164,7.0
00-0033464,Jehu Chesson,WR,2017,2017.0,3.8,2.0,1.9,23.0
00-0033950,Wayne Gallman,RB,2017,2017.0,104.9,13.0,8.069230769230769,9.0
00-0033840,Chad Hansen,WR,2017,2017.0,18.4,6.0,3.0666666666666664,16.0
00-0033951,Marlon Mack,RB,2017,2017.0,103.30000000000001,14.0,7.378571428571429,10.0
00-0033564,Jake Butt,TE,2017,2018.0,16.5,3.0,5.5,9.0
00-0033288,George Kittle,TE,2017,2017.0,106.5,15.0,7.1,2.0
00-0033953,Jordan Leggett,TE,2017,2018.0,31.400000000000002,13.0,2.4153846153846157,8.0
00-0033528,Jeremy Sprinkle,TE,2017,2017.0,9.3,3.0,3.1,11.0
00-0033567,Brian Hill,RB,2017,2017.0,9.3,3.0,3.1,20.0
00-0033955,Jeremy McNichols,RB,2017,2018.0,0.4,1.0,0.4,23.0
00-0033573,Shelton Gibson,WR,2017,2017.0,3.1,1.0,3.1,24.0
00-0033957,Rodney Adams,WR,2017,2021.0,,,,
00-0033958,Nathan Peterman,QB,2017,2017.0,9.540000000000001,4.0,2.3850000000000002,6.0
00-0033466,Isaiah McKenzie,WR,2017,2017.0,7.3,7.0,1.042857142857143,21.0
00-0033576,Eric Saubert,TE,2017,2018.0,9.8,5.0,1.9600000000000002,10.0
00-0033291,DeAngelo Yancey,WR,2017,,,,,
00-0033292,Trent Taylor,WR,2017,2017.0,98.0,15.0,6.533333333333333,4.0
00-0033789,T.J. Logan,RB,2017,2018.0,10.9,4.0,2.725,19.0
00-0033293,Aaron Jones,RB,2017,2017.0,80.0,10.0,8.0,11.0
00-0033295,Elijah McGuire,RB,2017,2017.0,76.2,15.0,5.08,12.0
00-0033296,Alex Armah,RB,2017,2018.0,15.0,8.0,1.875,16.0
00-0033966,Bucky Hodges,TE,2017,,,,,
00-0033581,De'Angelo Henderson,RB,2017,2017.0,12.9,3.0,4.3,18.0
00-0033967,Sam Rogers,RB,2017,,,,,
00-0033791,Brandon Wilson,RB,2017,2019.0,,,,
00-0033530,Robert Davis,WR,2017,2019.0,,,,
00-0033585,Brad Kaaya,QB,2017,,,,,
00-0033968,Stacy Coley,WR,2017,2017.0,0.0,1.0,0.0,25.0
00-0033589,David Moore,WR,2017,2018.0,101.0,14.0,7.214285714285714,3.0
00-0033471,Isaiah Ford,WR,2017,2018.0,0.0,1.0,0.0,25.0
00-0033304,Devante Mays,RB,2017,2017.0,1.1,2.0,0.55,22.0
00-0033591,Noah Brown,WR,2017,2017.0,7.3,7.0,1.042857142857143,21.0
00-0033796,Marquez Williams,RB,2017,2017.0,0.0,1.0,0.0,24.0
00-0033797,Khalfani Muhammad,RB,2017,,,,,
00-0033975,Elijah Hood,RB,2017,,,,,
00-0033305,Malachi Dupre,WR,2017,,,,,
00-0033594,Chris Carson,RB,2017,2017.0,39.7,4.0,9.925,15.0
00-0033798,Mason Schreck,TE,2017,2020.0,,,,
00-0033596,Matthew Dayes,RB,2017,2017.0,8.200000000000001,5.0,1.6400000000000001,21.0
00-0033597,Chad Kelly,QB,2017,2018.0,-0.1,1.0,-0.1,8.0
00-0034855,Baker Mayfield,QB,2018,2018.0,240.1,14.0,17.15,1.0
00-0034844,Saquon Barkley,RB,2018,2018.0,385.8,16.0,24.1125,1.0
00-0034869,Sam Darnold,QB,2018,2018.0,168.1,13.0,12.930769230769231,3.0
00-0034857,Josh Allen,QB,2018,2018.0,206.86,12.0,17.238333333333333,2.0
00-0034343,Josh Rosen,QB,2018,2018.0,112.92,14.0,8.065714285714286,5.0
00-0034827,D.J. Moore,WR,2018,2018.0,159.0,16.0,9.9375,2.0
00-0034830,Hayden Hurst,TE,2018,2018.0,35.3,9.0,3.922222222222222,10.0
00-0034837,Calvin Ridley,WR,2018,2018.0,206.8,16.0,12.925,1.0
00-0034750,Rashaad Penny,RB,2018,2018.0,70.4,12.0,5.866666666666667,9.0
00-0034845,Sony Michel,RB,2018,2018.0,139.1,13.0,10.7,5.0
00-0034796,Lamar Jackson,QB,2018,2018.0,157.54,16.0,9.84625,4.0
00-0034791,Nick Chubb,RB,2018,2018.0,194.5,16.0,12.15625,2.0
00-0034816,Ronald Jones II,RB,2018,2018.0,20.7,6.0,3.4499999999999997,17.0
00-0034348,Courtland Sutton,WR,2018,2018.0,136.3,16.0,8.51875,3.0
00-0034829,Mike Gesicki,TE,2018,2018.0,40.2,14.0,2.8714285714285714,7.0
00-0034349,Kerryon Johnson,RB,2018,2018.0,139.4,10.0,13.940000000000001,4.0
00-0034860,Dante Pettis,WR,2018,2018.0,103.5,9.0,11.5,8.0
00-0034775,Christian Kirk,WR,2018,2018.0,123.5,12.0,10.291666666666666,5.0
00-0034351,Dallas Goedert,TE,2018,2018.0,90.4,14.0,6.457142857142857,3.0
00-0034353,Anthony Miller,WR,2018,2018.0,120.22,14.0,8.587142857142856,6.0
00-0034358,Derrius Guice,RB,2018,2019.0,57.4,5.0,11.48,13.0
00-0034676,James Washington,WR,2018,2018.0,43.7,12.0,3.641666666666667,14.0
00-0034777,DJ Chark,WR,2018,2018.0,29.4,10.0,2.94,17.0
00-0034838,Royce Freeman,RB,2018,2018.0,101.3,14.0,7.235714285714286,6.0
00-0034771,Mason Rudolph,QB,2018,2019.0,108.8,10.0,10.879999999999999,6.0
00-0034764,Michael Gallup,WR,2018,2018.0,97.7,15.0,6.513333333333334,10.0
00-0034753,Mark Andrews,TE,2018,2018.0,107.2,16.0,6.7,2.0
00-0034765,Tre'Quan Smith,WR,2018,2018.0,100.7,13.0,7.746153846153846,9.0
00-0034364,Jordan Akins,TE,2018,2018.0,39.5,13.0,3.0384615384615383,8.0
00-0034365,Ian Thomas,TE,2018,2018.0,81.30000000000001,10.0,8.13,5.0
00-0034366,Keke Coutee,WR,2018,2018.0,62.699999999999996,6.0,10.45,12.0
00-0034367,Nyheim Hines,RB,2018,2018.0,160.9,16.0,10.05625,3.0
00-0034772,Antonio Callaway,WR,2018,2018.0,132.3,16.0,8.26875,4.0
00-0034766,Chris Herndon,TE,2018,2018.0,113.2,14.0,8.085714285714285,1.0
00-0034369,Kyle Lauletta,QB,2018,2018.0,-2.2,1.0,-2.2,8.0
00-0034679,Mark Walton,RB,2018,2018.0,12.5,6.0,2.0833333333333335,18.0
00-0034370,DaeSean Hamilton,WR,2018,2018.0,66.3,8.0,8.2875,11.0
00-0034159,Will Dissly,TE,2018,2018.0,35.6,4.0,8.9,9.0
00-0034798,Durham Smythe,TE,2018,2018.0,11.0,6.0,1.8333333333333333,15.0
00-0034378,Ito Smith,RB,2018,2018.0,97.7,13.0,7.515384615384615,8.0
00-0034799,Kalen Ballage,RB,2018,2018.0,37.7,10.0,3.7700000000000005,16.0
00-0034267,Jaleel Scott,WR,2018,2019.0,1.6,1.0,1.6,28.0
00-0034268,J'Mon Moore,WR,2018,2018.0,3.5,2.0,1.75,27.0
00-0034681,Chase Edmonds,RB,2018,2018.0,63.1,16.0,3.94375,10.0
00-0034383,Dalton Schultz,TE,2018,2018.0,23.6,7.0,3.3714285714285714,11.0
00-0034386,Justin Watson,WR,2018,2018.0,1.5,3.0,0.5,29.0
00-0034393,Troy Fumagalli,TE,2018,2019.0,15.799999999999999,6.0,2.6333333333333333,13.0
00-0034270,Tyler Conklin,TE,2018,2018.0,12.7,4.0,3.175,14.0
00-0034395,Daurice Fountain,WR,2018,2020.0,,,,
00-0034271,Jordan Lasley,WR,2018,,,,,
00-0034331,Jaylen Samuels,TE,2018,2018.0,89.5,9.0,9.944444444444445,4.0
00-0034400,Jordan Wilkins,RB,2018,2018.0,60.1,13.0,4.6230769230769235,12.0
00-0034401,Mike White,QB,2018,2021.0,,,,
00-0034272,Marquez Valdes-Scantling,WR,2018,2018.0,111.0,15.0,7.4,7.0
00-0034273,Damion Ratley,WR,2018,2018.0,27.4,5.0,5.4799999999999995,18.0
00-0034808,John Kelly,RB,2018,2018.0,12.100000000000001,3.0,4.033333333333334,19.0
00-0034406,Deon Cain,WR,2018,2019.0,9.2,6.0,1.5333333333333332,23.0
00-0034407,Ray-Ray McCloud,WR,2018,2018.0,9.0,7.0,1.2857142857142858,24.0
00-0034409,Dylan Cantrell,WR,2018,,,,,
00-0034411,Russell Gage,WR,2018,2018.0,12.299999999999999,5.0,2.46,21.0
00-0034278,Tremon Smith,WR,2018,2021.0,,,,
00-0034412,Luke Falk,QB,2018,2019.0,8.64,3.0,2.8800000000000003,7.0
00-0034414,Boston Scott,RB,2018,2019.0,98.9,8.0,12.3625,7.0
00-0034416,Tanner Lee,QB,2018,,,,,
00-0034164,Trenton Cannon,RB,2018,2018.0,48.7,11.0,4.427272727272728,14.0
00-0034279,Equanimeous St. Brown,WR,2018,2018.0,54.3,11.0,4.9363636363636365,13.0
00-0034418,Cedrick Wilson Jr.,WR,2018,2019.0,9.6,3.0,3.1999999999999997,22.0
00-0034419,Braxton Berrios,WR,2018,2019.0,17.5,6.0,2.9166666666666665,20.0
00-0034420,Jordan Thomas,TE,2018,2018.0,65.5,14.0,4.678571428571429,6.0
00-0034423,Danny Etling,QB,2018,,,,,
00-0034732,Alex McGough,QB,2018,,,,,
00-0034426,Javon Wims,WR,2018,2018.0,7.2,2.0,3.6,26.0
00-0034427,David Williams,RB,2018,2018.0,3.6000000000000005,3.0,1.2000000000000002,21.0
00-0034747,Marcell Ateman,WR,2018,2018.0,36.4,6.0,6.066666666666666,15.0
00-0034432,Bo Scarbrough,RB,2018,2019.0,43.2,6.0,7.2,15.0
00-0034433,Nick Bawden,RB,2018,2019.0,5.7,5.0,1.1400000000000001,20.0
00-0034286,Richie James,WR,2018,2018.0,34.0,7.0,4.857142857142857,16.0
00-0034438,Logan Woodside,QB,2018,2020.0,,,,
00-0034439,Ryan Izzo,TE,2018,2019.0,23.4,4.0,5.85,12.0
00-0034440,Justin Jackson,RB,2018,2018.0,61.1,8.0,7.6375,11.0
00-0034686,Auden Tate,WR,2018,2018.0,7.5,4.0,1.875,25.0
00-0034442,Austin Proehl,WR,2018,,,,,
00-0034339,Trey Quinn,WR,2018,2018.0,22.5,2.0,11.25,19.0
00-0035228,Kyler Murray,QB,2019,2019.0,285.98,16.0,17.87375,1.0
00-0035710,Daniel Jones,QB,2019,2019.0,216.98000000000002,13.0,16.69076923076923,3.0
00-0035229,T.J. Hockenson,TE,2019,2019.0,80.7,12.0,6.7250000000000005,2.0
00-0035232,Dwayne Haskins,QB,2019,2019.0,76.7,9.0,8.522222222222222,4.0
00-0035644,Noah Fant,TE,2019,2019.0,111.0,16.0,6.9375,1.0
00-0035700,Josh Jacobs,RB,2019,2019.0,191.6,13.0,14.738461538461538,2.0
00-0035662,Marquise Brown,WR,2019,2019.0,146.4,14.0,10.457142857142857,7.0
00-0035624,N'Keal Harry,WR,2019,2019.0,39.4,7.0,5.628571428571428,15.0
00-0035719,Deebo Samuel,WR,2019,2019.0,189.1,15.0,12.606666666666666,3.0
00-0035704,Drew Lock,QB,2019,2019.0,68.0,5.0,13.6,5.0
00-0034970,Irv Smith Jr.,TE,2019,2019.0,79.1,14.0,5.6499999999999995,4.0
00-0035676,A.J. Brown,WR,2019,2019.0,217.1,16.0,13.56875,1.0
00-0035631,Drew Sample,TE,2019,2019.0,8.0,4.0,2.0,8.0
00-0035243,Miles Sanders,RB,2019,2019.0,218.70000000000002,16.0,13.668750000000001,1.0
00-0035140,Mecole Hardman,WR,2019,2019.0,123.5,15.0,8.233333333333333,9.0
00-0035246,JJ Arcega-Whiteside,WR,2019,2019.0,32.9,8.0,4.1125,18.0
00-0035639,Parris Campbell,WR,2019,2019.0,38.1,7.0,5.442857142857143,16.0
00-0035527,Andy Isabella,WR,2019,2019.0,35.4,9.0,3.933333333333333,17.0
00-0035640,D.K. Metcalf,WR,2019,2019.0,187.1,16.0,11.69375,4.0
00-0035216,Diontae Johnson,WR,2019,2019.0,165.1,16.0,10.31875,6.0
00-0034971,Jalen Hurd,WR,2019,,,,,
00-0035249,Josh Oliver,TE,2019,2019.0,4.5,3.0,1.5,11.0
00-0035664,Darrell Henderson,RB,2019,2019.0,22.400000000000002,7.0,3.2,15.0
00-0035685,David Montgomery,RB,2019,2019.0,170.4,16.0,10.65,3.0
00-0035250,Devin Singletary,RB,2019,2019.0,147.9,12.0,12.325000000000001,4.0
00-0035671,Jace Sternberger,TE,2019,2019.0,0.0,1.0,0.0,14.0
00-0035659,Terry McLaurin,WR,2019,2019.0,191.9,14.0,13.707142857142857,2.0
00-0035660,Kahale Warring,TE,2019,2020.0,6.5,4.0,1.625,10.0
00-0035657,Damien Harris,RB,2019,2019.0,1.2,1.0,1.2,20.0
00-0035703,Miles Boykin,WR,2019,2019.0,50.8,12.0,4.233333333333333,12.0
00-0035689,Dawson Knox,TE,2019,2019.0,79.7,15.0,5.3133333333333335,3.0
00-0035251,Will Grier,QB,2019,2019.0,1.3200000000000003,2.0,0.6600000000000001,7.0
00-0034972,Alexander Mattison,RB,2019,2019.0,68.4,13.0,5.261538461538462,6.0
00-0035529,Hakeem Butler,WR,2019,2020.0,0.0,1.0,0.0,22.0
00-0035652,Ryan Finley,QB,2019,2019.0,24.66,3.0,8.22,6.0
00-0035256,Bryce Love,RB,2019,,,,,
00-0034975,Justice Hill,RB,2019,2019.0,49.5,15.0,3.3,10.0
00-0035589,Gary Jennings Jr,WR,2019,,,,,
00-0035259,Trevon Wesco,TE,2019,2019.0,6.9,3.0,2.3000000000000003,9.0
00-0035217,Benny Snell Jr.,RB,2019,2019.0,57.9,11.0,5.263636363636364,8.0
00-0035590,Riley Ridley,WR,2019,2019.0,12.9,3.0,4.3,19.0
00-0035261,Tony Pollard,RB,2019,2019.0,89.2,14.0,6.371428571428572,5.0
00-0035264,Jarrett Stidham,QB,2019,2019.0,-1.64,3.0,-0.5466666666666666,10.0
00-0034981,Foster Moreau,TE,2019,2019.0,68.4,11.0,6.218181818181819,6.0
00-0035268,Ryquell Armstead,RB,2019,2019.0,51.2,14.0,3.6571428571428575,9.0
00-0035222,Zach Gentry,TE,2019,2019.0,1.4,1.0,1.4,13.0
00-0034983,Hunter Renfrow,WR,2019,2019.0,133.5,13.0,10.26923076923077,8.0
00-0035273,Qadree Ollison,RB,2019,2019.0,30.7,6.0,5.116666666666666,13.0
00-0035275,Jordan Scarlett,RB,2019,2019.0,0.9,1.0,0.9,22.0
00-0035282,Easton Stick,QB,2019,2020.0,-0.04,1.0,-0.04,9.0
00-0035283,Clayton Thorson,QB,2019,,,,,
00-0035535,Darius Slayton,WR,2019,2019.0,170.0,14.0,12.142857142857142,5.0
00-0035287,KeeSean Johnson,WR,2019,2019.0,46.0,10.0,4.6,13.0
00-0034988,Kaden Smith,TE,2019,2019.0,75.8,7.0,10.828571428571427,5.0
00-0035289,Gardner Minshew II,QB,2019,2019.0,229.24,14.0,16.374285714285715,2.0
00-0035291,Trayveon Williams,RB,2019,2020.0,21.7,6.0,3.6166666666666667,16.0
00-0035592,Travis Fulgham,WR,2019,2019.0,0.0,2.0,0.0,22.0
00-0035537,Ty Johnson,RB,2019,2019.0,60.199999999999996,15.0,4.013333333333333,7.0
00-0035593,Juwann Winfree,WR,2019,2021.0,,,,
00-0034995,Dexter Williams,RB,2019,2019.0,1.1,2.0,0.55,21.0
00-0035146,Trace McSorley,QB,2019,2019.0,0.1,1.0,0.1,8.0
00-0035296,Marcus Green,WR,2019,,,,,
00-0035594,Travis Homer,RB,2019,2019.0,28.0,4.0,7.0,14.0
00-0035297,Kelvin Harmon,WR,2019,2019.0,66.94,13.0,5.149230769230769,11.0
00-0035298,Scott Miller,WR,2019,2019.0,40.6,9.0,4.511111111111111,14.0
00-0035299,Rodney Anderson,RB,2019,,,,,
00-0035148,Darwin Thompson,RB,2019,2019.0,32.1,10.0,3.21,11.0
00-0035303,Mike Weber,RB,2019,,,,,
00-0035304,Cullen Gillaspia,RB,2019,2020.0,1.6,1.0,1.6,19.0
00-0035596,Kerrith Whyte Jr,RB,2019,2019.0,14.1,6.0,2.35,17.0
00-0035539,Isaac Nauta,TE,2019,2019.0,3.3,2.0,1.65,12.0
00-0035308,Tommy Sweeney,TE,2019,2019.0,19.4,5.0,3.88,7.0
00-0035309,Alizé Mack,TE,2019,,,,,
00-0035310,Chandler Cox,RB,2019,2020.0,2.9000000000000004,2.0,1.4500000000000002,18.0
00-0035311,Myles Gaskin,RB,2019,2019.0,31.4,7.0,4.485714285714286,12.0
00-0035597,John Ursua,WR,2019,2019.0,2.1,1.0,2.1,21.0
00-0035313,Terry Godwin,WR,2019,2020.0,6.5,2.0,3.25,20.0
00-0035002,Dillon Mitchell,WR,2019,,,,,
00-0035006,Olabisi Johnson,WR,2019,2019.0,79.0,13.0,6.076923076923077,10.0
00-0035320,Caleb Wilson,TE,2019,,,,,
00-0036442,Joe Burrow,QB,2020,2020.0,173.72,10.0,17.372,2.0
00-0036212,Tua Tagovailoa,QB,2020,2020.0,135.46,10.0,13.546000000000001,3.0
00-0036355,Justin Herbert,QB,2020,2020.0,332.84,15.0,22.18933333333333,1.0
00-0036357,Henry Ruggs III,WR,2020,2020.0,84.10000000000001,13.0,6.46923076923077,14.0
00-0036407,Jerry Jeudy,WR,2020,2020.0,157.6,16.0,9.85,7.0
00-0036358,CeeDee Lamb,WR,2020,2020.0,217.7,16.0,13.60625,2.0
00-0036387,Jalen Reagor,WR,2020,2020.0,87.2,11.0,7.927272727272728,13.0
00-0036322,Justin Jefferson,WR,2020,2020.0,274.2,16.0,17.1375,1.0
00-0036261,Brandon Aiyuk,WR,2020,2020.0,184.5,12.0,15.375,5.0
00-0036264,Jordan Love,QB,2020,2021.0,21.14,6.0,3.5233333333333334,6.0
00-0036360,Clyde Edwards-Helaire,RB,2020,2020.0,176.0,13.0,13.538461538461538,4.0
00-0036410,Tee Higgins,WR,2020,2020.0,194.6,15.0,12.973333333333333,4.0
00-0036252,Michael Pittman Jr.,WR,2020,2020.0,98.9,13.0,7.607692307692308,11.0
00-0036275,D'Andre Swift,RB,2020,2020.0,189.8,13.0,14.600000000000001,3.0
00-0036223,Jonathan Taylor,RB,2020,2020.0,252.8,15.0,16.853333333333335,1.0
00-0036268,Laviska Shenault Jr.,WR,2020,2020.0,157.1,14.0,11.221428571428572,8.0
00-0036290,Cole Kmet,TE,2020,2020.0,62.0,13.0,4.769230769230769,1.0
00-0036412,KJ Hamler,WR,2020,2020.0,90.10000000000001,12.0,7.508333333333334,12.0
00-0036326,Chase Claypool,WR,2020,2020.0,214.9,16.0,13.43125,3.0
00-0036414,Cam Akers,RB,2020,2020.0,101.8,11.0,9.254545454545454,6.0
00-0036389,Jalen Hurts,QB,2020,2020.0,109.14,14.0,7.795714285714285,4.0
00-0036158,J.K. Dobbins,RB,2020,2020.0,168.5,15.0,11.233333333333333,5.0
00-0036415,Van Jefferson,WR,2020,2020.0,46.9,13.0,3.6076923076923078,22.0
00-0036255,Denzel Mims,WR,2020,2020.0,60.699999999999996,9.0,6.744444444444444,17.0
00-0036265,AJ Dillon,RB,2020,2020.0,40.3,9.0,4.477777777777778,11.0
00-0036328,Antonio Gibson,RB,2020,2020.0,202.2,14.0,14.442857142857141,2.0
00-0036450,Ke'Shawn Vaughn,RB,2020,2020.0,23.3,6.0,3.8833333333333333,14.0
00-0036364,Lynn Bowden Jr.,WR,2020,2020.0,53.58,9.0,5.953333333333333,20.0
00-0036365,Bryan Edwards,WR,2020,2020.0,36.3,9.0,4.033333333333333,25.0
00-0036251,Zack Moss,RB,2020,2020.0,101.6,13.0,7.815384615384615,7.0
00-0036194,Devin Asiasi,TE,2020,2020.0,11.9,4.0,2.975,5.0
00-0036331,Devin Duvernay,WR,2020,2020.0,53.1,14.0,3.792857142857143,21.0
00-0036297,Darrynton Evans,RB,2020,2020.0,16.099999999999998,4.0,4.0249999999999995,16.0
00-0036332,Josiah Deguara,TE,2020,2020.0,2.2,1.0,2.2,9.0
00-0036225,Dalton Keene,TE,2020,2020.0,4.6,3.0,1.5333333333333332,7.0
00-0036422,Adam Trautman,TE,2020,2020.0,38.1,10.0,3.81,3.0
00-0036370,Joshua Kelley,RB,2020,2020.0,81.2,13.0,6.246153846153846,8.0
00-0036232,Harrison Bryant,TE,2020,2020.0,61.8,12.0,5.1499999999999995,2.0
00-0036423,Albert Okwuegbunam,TE,2020,2020.0,29.1,4.0,7.275,4.0
00-0036269,La'Mical Perine,RB,2020,2020.0,52.5,9.0,5.833333333333333,10.0
00-0036226,Jacob Eason,QB,2020,2021.0,-1.0,1.0,-1.0,10.0
00-0036336,Anthony McFarland Jr.,RB,2020,2020.0,22.7,11.0,2.0636363636363635,15.0
00-0036301,James Morgan,QB,2020,,,,,
00-0036196,Gabe Davis,WR,2020,2020.0,136.9,16.0,8.55625,10.0
00-0036244,Colby Parkinson,TE,2020,2020.0,3.6,1.0,3.6,8.0
00-0036424,Brycen Hopkins,TE,2020,2021.0,1.9,1.0,1.9,10.0
00-0036340,Antonio Gandy-Golden,WR,2020,2020.0,3.5,4.0,0.875,32.0
00-0036425,DeeJay Dallas,RB,2020,2020.0,56.900000000000006,8.0,7.112500000000001,9.0
00-0036377,Joe Reed,WR,2020,2020.0,8.9,3.0,2.966666666666667,31.0
00-0036427,Tyler Johnson,WR,2020,2020.0,40.9,10.0,4.09,23.0
00-0036254,Collin Johnson,WR,2020,2020.0,59.2,10.0,5.92,18.0
00-0036277,Quintez Cephus,WR,2020,2020.0,66.9,11.0,6.081818181818182,16.0
00-0036197,Jake Fromm,QB,2020,2021.0,10.9,3.0,3.6333333333333333,7.0
00-0036398,John Hightower,WR,2020,2020.0,28.8,10.0,2.88,26.0
00-0036308,Isaiah Coulter,WR,2020,2021.0,0.0,1.0,0.0,34.0
00-0036278,Jason Huntley,RB,2020,2020.0,2.9000000000000004,3.0,0.9666666666666668,17.0
00-0036309,Darnell Mooney,WR,2020,2020.0,152.1,16.0,9.50625,9.0
00-0036345,K.J. Osborn,WR,2020,2021.0,158.5,17.0,9.323529411764707,6.0
00-0036233,Donovan Peoples-Jones,WR,2020,2020.0,58.4,7.0,8.342857142857143,19.0
00-0036312,Jake Luton,QB,2020,2020.0,28.26,3.0,9.42,5.0
00-0036429,Charlie Woerner,TE,2020,2020.0,6.6,3.0,2.1999999999999997,6.0
00-0036271,Quez Watkins,WR,2020,2020.0,23.6,4.0,5.9,27.0
00-0036133,James Proche,WR,2020,2020.0,2.4,3.0,0.7999999999999999,33.0
00-0036250,Tyler Davis,TE,2020,2020.0,0.0,1.0,0.0,11.0
00-0036165,Isaiah Hodgins,WR,2020,2022.0,,,,
00-0036228,Dezmon Patmon,WR,2020,2021.0,10.1,4.0,2.525,30.0
00-0036247,Freddie Swain,WR,2020,2020.0,40.9,12.0,3.408333333333333,23.0
00-0036259,Jauan Jennings,WR,2020,2021.0,82.19999999999999,13.0,6.323076923076922,15.0
00-0036382,K.J. Hill,WR,2020,2020.0,14.3,5.0,2.8600000000000003,28.0
00-0036383,Eno Benjamin,RB,2020,2021.0,28.0,7.0,4.0,12.0
,Cole McDonald,QB,2020,,,,,
00-0036384,Ben DiNucci,QB,2020,2020.0,6.960000000000001,2.0,3.4800000000000004,8.0
00-0036433,Tommy Stevens,QB,2020,2020.0,2.4,1.0,2.4,9.0
00-0036279,Nate Stanley,QB,2020,,,,,
00-0036435,Raymond Calais,RB,2020,,,,,
00-0036245,Malcolm Perry,RB,2020,2020.0,24.7,8.0,3.0875,13.0
00-0036438,Stephen Sullivan,TE,2020,2021.0,0.0,1.0,0.0,11.0
00-0036439,Tyrie Cleveland,WR,2020,2020.0,12.3,5.0,2.46,29.0
00-0036971,Trevor Lawrence,QB,2021,2021.0,199.04,17.0,11.708235294117646,2.0
00-0037013,Zach Wilson,QB,2021,2021.0,151.85999999999999,13.0,11.68153846153846,4.0
00-0037012,Trey Lance,QB,2021,2021.0,64.92,6.0,10.82,6.0
00-0036970,Kyle Pitts,TE,2021,2021.0,176.6,17.0,10.388235294117647,1.0
00-0036900,Ja'Marr Chase,WR,2021,2021.0,304.6,17.0,17.91764705882353,1.0
00-0036613,Jaylen Waddle,WR,2021,2021.0,247.8,16.0,15.4875,2.0
00-0036912,DeVonta Smith,WR,2021,2021.0,185.6,17.0,10.91764705882353,4.0
00-0036945,Justin Fields,QB,2021,2021.0,126.8,12.0,10.566666666666666,5.0
00-0036972,Mac Jones,QB,2021,2021.0,224.94,17.0,13.231764705882354,1.0
00-0036913,Kadarius Toney,WR,2021,2021.0,82.36,9.0,9.151111111111112,10.0
00-0036893,Najee Harris,RB,2021,2021.0,300.7,17.0,17.688235294117646,1.0
00-0036973,Travis Etienne,RB,2021,2022.0,203.1,17.0,11.947058823529412,3.0
00-0036550,Rashod Bateman,WR,2021,2021.0,103.5,12.0,8.625,7.0
00-0036980,Elijah Moore,WR,2021,2021.0,138.2,11.0,12.563636363636363,5.0
00-0036997,Javonte Williams,RB,2021,2021.0,204.9,17.0,12.052941176470588,2.0
00-0036936,Rondale Moore,WR,2021,2021.0,111.1,14.0,7.935714285714285,6.0
00-0036894,Pat Freiermuth,TE,2021,2021.0,151.7,16.0,9.48125,2.0
00-0036620,D'Wayne Eskridge,WR,2021,2021.0,28.3,8.0,3.5375,15.0
00-0036849,Tutu Atwell,WR,2021,2022.0,63.2,12.0,5.266666666666667,11.0
00-0036955,Terrace Marshall Jr.,WR,2021,2021.0,32.800000000000004,12.0,2.733333333333334,13.0
00-0036928,Kyle Trask,QB,2021,2022.0,0.92,1.0,0.92,8.0
00-0036946,Kellen Mond,QB,2021,2021.0,0.2,1.0,0.2,10.0
00-0036898,Davis Mills,QB,2021,2021.0,156.95999999999998,13.0,12.073846153846151,3.0
00-0036988,Josh Palmer,WR,2021,2021.0,92.9,15.0,6.193333333333333,8.0
00-0037004,Hunter Long,TE,2021,2021.0,1.8,3.0,0.6,10.0
00-0036626,Dyami Brown,WR,2021,2021.0,28.1,9.0,3.1222222222222222,16.0
00-0037005,Tommy Tremble,TE,2021,2021.0,53.1,14.0,3.792857142857143,4.0
00-0036991,Amari Rodgers,WR,2021,2021.0,9.6,4.0,2.4,22.0
00-0036984,Trey Sermon,RB,2021,2021.0,28.3,5.0,5.66,12.0
00-0036554,Nico Collins,WR,2021,2021.0,83.6,14.0,5.971428571428571,9.0
00-0036999,Anthony Schwartz,WR,2021,2021.0,33.4,12.0,2.783333333333333,12.0
00-0037011,Tre' McKitty,TE,2021,2021.0,10.5,6.0,1.75,9.0
00-0036924,Michael Carter,RB,2021,2021.0,154.4,14.0,11.028571428571428,5.0
00-0036627,Dez Fitzpatrick,WR,2021,2021.0,15.9,3.0,5.3,19.0
00-0036963,Amon-Ra St. Brown,WR,2021,2021.0,227.3,16.0,14.20625,3.0
00-0036842,Kene Nwangwu,RB,2021,2021.0,23.0,6.0,3.8333333333333335,14.0
00-0036875,Rhamondre Stevenson,RB,2021,2021.0,114.89999999999999,12.0,9.575,8.0
00-0036628,John Bates,TE,2021,2021.0,50.9,11.0,4.627272727272727,5.0
00-0036555,Chuba Hubbard,RB,2021,2021.0,137.6,16.0,8.6,6.0
00-0036876,Kylen Granson,TE,2021,2021.0,21.6,10.0,2.16,6.0
00-0036877,Jaelon Darden,WR,2021,2021.0,11.399999999999999,7.0,1.6285714285714283,21.0
00-0036630,Tylan Wallace,WR,2021,2021.0,4.3,4.0,1.075,26.0
00-0036929,Ian Book,QB,2021,2021.0,2.0,1.0,2.0,7.0
00-0036918,Jacob Harris,WR,2021,2022.0,1.6,1.0,1.6,30.0
00-0036887,Luke Farrell,TE,2021,2021.0,12.6,8.0,1.575,8.0
00-0036556,Brevin Jordan,TE,2021,2021.0,55.8,8.0,6.975,3.0
00-0036919,Kenneth Gainwell,RB,2021,2021.0,123.4,16.0,7.7125,7.0
00-0036635,Ihmir Smith-Marsette,WR,2021,2021.0,28.6,3.0,9.533333333333333,14.0
00-0036637,Noah Gray,TE,2021,2021.0,16.6,7.0,2.3714285714285714,7.0
00-0036640,Zach Davidson,TE,2021,2024.0,,,,
00-0036646,Simi Fehoko,WR,2021,2022.0,5.4,2.0,2.7,23.0
00-0036647,Cornell Powell,WR,2021,,,,,
00-0036565,Ben Mason,RB,2021,,,,,
00-0036951,Frank Darby,WR,2021,2021.0,2.4,2.0,1.2,28.0
00-0036567,Elijah Mitchell,RB,2021,2021.0,165.0,11.0,15.0,4.0
00-0036569,Gary Brightwell,RB,2021,2021.0,2.0,2.0,1.0,17.0
00-0036650,Larry Rountree,RB,2021,2021.0,15.600000000000001,8.0,1.9500000000000002,15.0
00-0036857,Chris Evans,RB,2021,2021.0,49.8,9.0,5.533333333333333,11.0
00-0036571,Marquez Stevenson,WR,2021,,,,,
00-0036572,Shi Smith,WR,2021,2021.0,16.1,5.0,3.22,18.0
00-0036652,Racey McMath,WR,2021,2021.0,0.7999999999999998,5.0,0.15999999999999998,31.0
00-0036858,Jalen Camp,WR,2021,2022.0,1.7,1.0,1.7,29.0
00-0036654,Demetric Felton,RB,2021,2021.0,50.5,11.0,4.590909090909091,10.0
00-0036906,Khalil Herbert,RB,2021,2021.0,78.9,14.0,5.635714285714286,9.0
00-0036879,Sam Ehlinger,QB,2021,2021.0,0.9,3.0,0.3,9.0
00-0036657,Seth Williams,WR,2021,2021.0,4.4,1.0,4.4,25.0
00-0036907,Dazz Newsome,WR,2021,2021.0,4.3,3.0,1.4333333333333333,26.0
00-0036482,Mike Strachan,WR,2021,2021.0,4.6,2.0,2.3,24.0
00-0036860,Jake Funk,RB,2021,2021.0,0.5,2.0,0.25,18.0
00-0036536,Tre Nixon,WR,2021,,,,,
00-0036578,Gerrid Doaks,RB,2021,,,,,
00-0036862,Ben Skowronek,WR,2021,2021.0,24.3,7.0,3.4714285714285715,17.0
00-0036939,Kawaan Baker,WR,2021,,,,,
00-0036669,Kylin Hill,RB,2021,2021.0,3.9,4.0,0.975,16.0
00-0036670,Jermar Jefferson,RB,2021,2021.0,25.7,4.0,6.425,13.0
00-0036671,Dax Milne,WR,2021,2021.0,15.4,9.0,1.7111111111111112,20.0
00-0037238,Drake London,WR,2022,2022.0,178.6,17.0,10.505882352941176,3.0
00-0037740,Garrett Wilson,WR,2022,2022.0,215.7,17.0,12.688235294117646,1.0
00-0037239,Chris Olave,WR,2022,2022.0,198.2,15.0,13.213333333333333,2.0
00-0037240,Jameson Williams,WR,2022,2022.0,15.1,6.0,2.5166666666666666,22.0
00-0037741,Jahan Dotson,WR,2022,2022.0,130.6,12.0,10.883333333333333,6.0
00-0037742,Treylon Burks,WR,2022,2022.0,88.1,11.0,8.009090909090908,9.0
00-0038102,Kenny Pickett,QB,2022,2022.0,149.85999999999999,13.0,11.527692307692307,1.0
00-0038124,Christian Watson,WR,2022,2022.0,164.10000000000002,14.0,11.721428571428573,5.0
00-0038120,Breece Hall,RB,2022,2022.0,115.1,7.0,16.442857142857143,6.0
00-0038134,Kenneth Walker III,RB,2022,2022.0,202.5,15.0,13.5,1.0
00-0038117,Wan'Dale Robinson,WR,2022,2022.0,51.599999999999994,6.0,8.6,12.0
00-0037614,John Metchie,WR,2022,2023.0,32.2,14.0,2.3000000000000003,19.0
00-0038104,Tyquan Thornton,WR,2022,2022.0,66.3,12.0,5.5249999999999995,10.0
00-0037247,George Pickens,WR,2022,2022.0,166.5,17.0,9.794117647058824,4.0
00-0037664,Alec Pierce,WR,2022,2022.0,112.30000000000001,16.0,7.018750000000001,7.0
00-0038090,Skyy Moore,WR,2022,2022.0,49.4,14.0,3.5285714285714285,13.0
00-0037744,Trey McBride,TE,2022,2022.0,61.5,9.0,6.833333333333333,7.0
00-0037248,James Cook,RB,2022,2022.0,105.7,16.0,6.60625,8.0
00-0037745,Velus Jones Jr.,WR,2022,2022.0,38.0,9.0,4.222222222222222,16.0
00-0037755,Jelani Woods,TE,2022,2022.0,74.2,12.0,6.183333333333334,6.0
00-0038122,Desmond Ridder,QB,2022,2022.0,38.72,4.0,9.68,4.0
00-0037252,Greg Dulcich,TE,2022,2022.0,86.1,10.0,8.61,4.0
00-0038128,Malik Willis,QB,2022,2022.0,19.34,7.0,2.762857142857143,5.0
00-0037666,Jalen Tolbert,WR,2022,2022.0,3.2,2.0,1.6,26.0
00-0037256,Rachaad White,RB,2022,2022.0,141.1,16.0,8.81875,4.0
00-0037827,Tyrion Davis-Price,RB,2022,2022.0,9.9,5.0,1.98,16.0
00-0038132,Matt Corral,QB,2022,,,,,
00-0037746,Brian Robinson Jr.,RB,2022,2022.0,112.69999999999999,12.0,9.391666666666666,7.0
00-0037257,David Bell,WR,2022,2022.0,45.4,14.0,3.242857142857143,15.0
00-0037805,Jeremy Ruckert,TE,2022,2022.0,1.8,2.0,0.9,19.0
00-0037828,Danny Gray,WR,2022,2022.0,2.9,5.0,0.58,27.0
00-0038129,Cade Otton,TE,2022,2022.0,93.10000000000001,14.0,6.65,2.0
00-0037258,Dameon Pierce,RB,2022,2022.0,166.4,13.0,12.8,2.0
00-0038115,Daniel Bellinger,TE,2022,2022.0,75.0,11.0,6.818181818181818,5.0
00-0038040,Zamir White,RB,2022,2022.0,7.0,11.0,0.6363636363636364,20.0
00-0038045,Isaiah Spiller,RB,2022,2022.0,8.399999999999999,5.0,1.6799999999999997,18.0
00-0038092,Erik Ezukanma,WR,2022,2022.0,1.3,1.0,1.3,28.0
00-0038098,Pierre Strong,RB,2022,2022.0,27.2,4.0,6.8,10.0
00-0038046,Charlie Kolar,TE,2022,2022.0,8.9,1.0,8.9,15.0
00-0038041,Jake Ferguson,TE,2022,2022.0,48.4,11.0,4.3999999999999995,8.0
00-0037617,Hassan Haskins,RB,2022,2022.0,26.0,7.0,3.7142857142857144,11.0
00-0037816,Romeo Doubs,WR,2022,2022.0,101.6,13.0,7.815384615384615,8.0
00-0038108,Bailey Zappe,QB,2022,2022.0,39.64,4.0,9.91,3.0
00-0037837,Calvin Austin III,WR,2022,2023.0,52.7,14.0,3.7642857142857147,11.0
00-0037838,Isaiah Likely,TE,2022,2022.0,91.3,14.0,6.521428571428571,3.0
00-0037809,Chig Okonkwo,TE,2022,2022.0,97.2,15.0,6.48,1.0
00-0037077,Sam Howell,QB,2022,2022.0,18.26,1.0,18.26,6.0
00-0037261,Khalil Shakir,WR,2022,2022.0,34.1,10.0,3.41,17.0
00-0037078,Cole Turner,TE,2022,2022.0,4.3,5.0,0.86,16.0
00-0037263,Tyler Allgeier,RB,2022,2022.0,159.4,16.0,9.9625,3.0
00-0037265,Snoop Conner,RB,2022,2022.0,10.2,5.0,2.04,15.0
00-0037267,Jerome Ford,RB,2022,2022.0,1.2,2.0,0.6,22.0
00-0037272,Montrell Washington,WR,2022,2022.0,7.2,9.0,0.8,24.0
00-0037273,Kyle Philips,WR,2022,2022.0,15.799999999999999,4.0,3.9499999999999997,21.0
00-0037840,Kyren Williams,RB,2022,2022.0,30.5,8.0,3.8125,9.0
00-0037276,Ty Chandler,RB,2022,2022.0,2.0,1.0,2.0,21.0
00-0037277,Teagan Quitoriano,TE,2022,2022.0,30.3,7.0,4.328571428571428,11.0
00-0037282,James Mitchell,TE,2022,2022.0,28.3,8.0,3.5375,12.0
00-0037286,Kevin Harris,RB,2022,2022.0,11.2,5.0,2.2399999999999998,14.0
00-0037291,Jalen Nailor,WR,2022,2022.0,32.9,5.0,6.58,18.0
00-0037292,Andrew Ogletree,TE,2022,2023.0,35.7,10.0,3.5700000000000003,10.0
00-0037085,Tyler Badie,RB,2022,2022.0,9.4,1.0,9.4,17.0
00-0037086,Grant Calcaterra,TE,2022,2022.0,13.100000000000001,5.0,2.62,14.0
00-0037299,Keaontay Ingram,RB,2022,2022.0,18.099999999999998,10.0,1.8099999999999998,13.0
00-0037300,Michael Woods II,WR,2022,2022.0,9.0,6.0,1.5,23.0
00-0037087,Trestan Ebner,RB,2022,2022.0,8.2,7.0,1.1714285714285713,19.0
00-0037304,Connor Heyward,TE,2022,2022.0,35.8,8.0,4.475,9.0
00-0037306,John FitzPatrick,TE,2022,2023.0,2.2,1.0,2.2,18.0
00-0037311,Ko Kieft,TE,2022,2022.0,21.0,8.0,2.625,13.0
00-0037317,Nick Muse,TE,2022,2023.0,3.2,1.0,3.2,17.0
00-0037091,Bo Melton,WR,2022,2023.0,45.9,4.0,11.475,14.0
00-0037093,Dareke Young,WR,2022,2022.0,4.4,1.0,4.4,25.0
00-0037324,Chris Oladokun,QB,2022,2024.0,,,,
00-0037327,Skylar Thompson,QB,2022,2022.0,17.46,7.0,2.494285714285714,7.0
00-0037329,Brittain Brown,RB,2022,,,,,
00-0037197,Isiah Pacheco,RB,2022,2022.0,135.0,17.0,7.9411764705882355,5.0
00-0037098,Samori Toure,WR,2022,2022.0,19.2,4.0,4.8,20.0
00-0037331,Zander Horvath,RB,2022,2022.0,18.6,8.0,2.325,12.0
00-0037834,Brock Purdy,QB,2022,2022.0,106.26,9.0,11.806666666666667,2.0
00-0039150,Bryce Young,QB,2023,2023.0,156.38,16.0,9.77375,2.0
00-0039163,C.J. Stroud,QB,2023,2023.0,275.02,15.0,18.334666666666667,1.0
00-0039164,Anthony Richardson,QB,2023,2023.0,72.68,4.0,18.17,5.0
00-0038542,Bijan Robinson,RB,2023,2023.0,246.3,17.0,14.488235294117647,1.0
00-0039139,Jahmyr Gibbs,RB,2023,2023.0,242.1,15.0,16.14,2.0
00-0038543,Jaxon Smith-Njigba,WR,2023,2023.0,149.8,17.0,8.811764705882354,8.0
00-0038544,Quentin Johnston,WR,2023,2023.0,94.0,17.0,5.529411764705882,13.0
00-0039064,Zay Flowers,WR,2023,2023.0,206.4,16.0,12.9,5.0
00-0038994,Jordan Addison,WR,2023,2023.0,221.3,17.0,13.01764705882353,2.0
00-0038933,Dalton Kincaid,TE,2023,2023.0,150.3,16.0,9.39375,2.0
00-0039152,Will Levis,QB,2023,2023.0,102.02,9.0,11.335555555555555,4.0
00-0039065,Sam LaPorta,TE,2023,2023.0,239.3,17.0,14.076470588235296,1.0
00-0039066,Michael Mayer,TE,2023,2023.0,71.4,12.0,5.95,5.0
00-0039062,Jonathan Mingo,WR,2023,2023.0,84.8,15.0,5.653333333333333,14.0
00-0039144,Luke Musgrave,TE,2023,2023.0,75.2,11.0,6.836363636363637,4.0
00-0039146,Jayden Reed,WR,2023,2023.0,217.2,16.0,13.575,3.0
00-0039165,Zach Charbonnet,RB,2023,2023.0,106.1,16.0,6.63125,5.0
00-0039067,Rashee Rice,WR,2023,2023.0,212.5,16.0,13.28125,4.0
00-0038547,Luke Schoonmaker,TE,2023,2023.0,26.5,11.0,2.409090909090909,7.0
00-0038935,Brenton Strange,TE,2023,2023.0,14.499999999999998,5.0,2.8999999999999995,10.0
00-0038976,Marvin Mims,WR,2023,2023.0,74.7,15.0,4.98,15.0
00-0038550,Hendon Hooker,QB,2023,2024.0,2.68,3.0,0.8933333333333334,10.0
00-0038977,Tank Dell,WR,2023,2023.0,165.0,10.0,16.5,6.0
00-0038551,Kendre Miller,RB,2023,2023.0,43.3,7.0,6.185714285714285,8.0
00-0038938,Jalin Hyatt,WR,2023,2023.0,60.3,13.0,4.638461538461538,18.0
00-0038979,Cedric Tillman,WR,2023,2023.0,44.2,11.0,4.0181818181818185,20.0
00-0038996,Tucker Kraft,TE,2023,2023.0,78.5,10.0,7.85,3.0
00-0038997,Josh Downs,WR,2023,2023.0,157.1,17.0,9.241176470588234,7.0
00-0039032,Tyjae Spears,RB,2023,2023.0,153.8,17.0,9.047058823529412,4.0
00-0039040,De'Von Achane,RB,2023,2023.0,190.7,11.0,17.336363636363636,3.0
00-0038555,Tank Bigsby,RB,2023,2023.0,24.8,13.0,1.9076923076923078,10.0
00-0038558,Darnell Washington,TE,2023,2023.0,13.1,8.0,1.6375,11.0
00-0038559,Michael Wilson,WR,2023,2023.0,114.5,13.0,8.807692307692308,10.0
00-0038563,Tre Tucker,WR,2023,2023.0,71.8,13.0,5.523076923076923,16.0
00-0038564,Cameron Latu,TE,2023,,,,,
00-0039021,Roschon Johnson,RB,2023,2023.0,102.1,15.0,6.806666666666667,6.0
00-0038573,Derius Davis,WR,2023,2023.0,37.7,14.0,2.692857142857143,22.0
00-0038998,Jake Haener,QB,2023,2024.0,13.24,8.0,1.655,8.0
00-0039107,Stetson Bennett,QB,2023,,,,,
00-0038576,Charlie Jones,WR,2023,2023.0,20.7,5.0,4.14,27.0
00-0038941,Tyler Scott,WR,2023,2023.0,35.9,13.0,2.7615384615384615,24.0
00-0038579,Aidan O'Connell,QB,2023,2023.0,125.82,11.0,11.438181818181818,3.0
00-0038582,Clayton Tune,QB,2023,2023.0,7.4799999999999995,6.0,1.2466666666666666,9.0
00-0038583,Dorian Thompson-Robinson,QB,2023,2023.0,22.1,7.0,3.1571428571428575,7.0
00-0038389,Israel Abanikanda,RB,2023,2023.0,18.3,6.0,3.0500000000000003,12.0
00-0038589,Josh Whyle,TE,2023,2023.0,24.4,8.0,3.05,9.0
00-0038391,Sean Clifford,QB,2023,2023.0,1.28,2.0,0.64,12.0
00-0038590,Justin Shorter,WR,2023,,,,,
00-0038393,Dontayvion Wicks,WR,2023,2023.0,119.75999999999999,15.0,7.983999999999999,9.0
00-0038394,Will Mallory,TE,2023,2023.0,38.699999999999996,11.0,3.5181818181818176,6.0
00-0038597,Chase Brown,RB,2023,2023.0,53.5,10.0,5.35,7.0
00-0038598,Jaren Hall,QB,2023,2023.0,2.12,3.0,0.7066666666666667,11.0
00-0039050,Payne Durham,TE,2023,2023.0,10.8,6.0,1.8,12.0
00-0038396,Eric Gray,RB,2023,2023.0,13.0,5.0,2.6,14.0
00-0039074,Davis Allen,TE,2023,2023.0,25.5,4.0,6.375,8.0
00-0038397,Evan Hull,RB,2023,2023.0,1.7,1.0,1.7,16.0
00-0039075,Puka Nacua,WR,2023,2023.0,298.5,17.0,17.558823529411764,1.0
00-0038606,Parker Washington,WR,2023,2023.0,39.2,6.0,6.533333333333334,21.0
00-0038608,Kayshon Boutte,WR,2023,2023.0,3.9000000000000004,3.0,1.3,29.0
00-0038400,Tanner McKee,QB,2023,2024.0,28.82,2.0,14.41,6.0
00-0039052,Trey Palmer,WR,2023,2023.0,95.7,17.0,5.629411764705883,12.0
00-0038611,Chris Rodriguez,RB,2023,2023.0,37.9,8.0,4.7375,9.0
00-0038612,A.T. Perry,WR,2023,2023.0,60.6,8.0,7.575,17.0
00-0039041,Elijah Higgins,WR,2023,2023.0,36.3,9.0,4.033333333333333,23.0
00-0038618,Xavier Hutchinson,WR,2023,2023.0,21.9,11.0,1.9909090909090907,26.0
00-0038619,Andrei Iosivas,WR,2023,2023.0,50.6,9.0,5.622222222222223,19.0
00-0038621,DeMario Douglas,WR,2023,2023.0,107.2,14.0,7.6571428571428575,11.0
00-0038622,Deuce Vaughn,RB,2023,2023.0,15.0,6.0,2.5,13.0
00-0039136,Zach Evans,RB,2023,2023.0,1.9,4.0,0.475,15.0
00-0038627,Antoine Green,WR,2023,2023.0,1.2,2.0,0.6,32.0
00-0038406,Zack Kuntz,TE,2023,,,,,
00-0039046,DeWayne McBride,RB,2023,,,,,
00-0038632,Colton Dowell,WR,2023,2023.0,1.3,2.0,0.65,31.0
00-0038409,Lew Nichols,RB,2023,,,,,
00-0038636,Kenny McIntosh,RB,2023,2024.0,22.4,7.0,3.1999999999999997,11.0
00-0038637,Max Duggan,QB,2023,,,,,
00-0038640,Jalen Brooks,WR,2023,2023.0,12.4,3.0,4.133333333333334,28.0
00-0038643,Brayden Willis,TE,2023,2024.0,0.0,1.0,0.0,13.0
00-0038647,Ronnie Bell,WR,2023,2023.0,30.8,8.0,3.85,25.0
00-0038507,Grant Dubose,WR,2023,2024.0,3.0999999999999996,2.0,1.5499999999999998,30.0
00-0039918,Caleb Williams,QB,2024,2024.0,254.54,17.0,14.972941176470588,3.0
00-0039910,Jayden Daniels,QB,2024,2024.0,355.82,17.0,20.930588235294117,1.0
00-0039851,Drake Maye,QB,2024,2024.0,177.14000000000001,13.0,13.626153846153848,4.0
00-0039849,Marvin Harrison Jr.,WR,2024,2024.0,196.5,17.0,11.558823529411764,4.0
00-0039337,Malik Nabers,WR,2024,2024.0,273.6,15.0,18.240000000000002,2.0
00-0039917,Michael Penix,QB,2024,2024.0,44.1,5.0,8.82,7.0
00-0039919,Rome Odunze,WR,2024,2024.0,144.9,17.0,8.523529411764706,6.0
00-0039923,J.J. McCarthy,QB,2024,2025.0,85.28,,,5.0
00-0039732,Bo Nix,QB,2024,2024.0,317.2,17.0,18.658823529411762,2.0
00-0039338,Brock Bowers,TE,2024,2024.0,262.7,17.0,15.452941176470588,1.0
00-0039893,Brian Thomas,WR,2024,2024.0,284.0,17.0,16.705882352941178,1.0
00-0039894,Xavier Worthy,WR,2024,2024.0,187.2,16.0,11.7,5.0
00-0039916,Ricky Pearsall,WR,2024,2024.0,93.5,10.0,9.35,11.0
00-0039342,Xavier Legette,WR,2024,2024.0,125.10000000000001,15.0,8.34,8.0
00-0039901,Keon Coleman,WR,2024,2024.0,111.5,13.0,8.576923076923077,9.0
00-0039915,Ladd McConkey,WR,2024,2024.0,240.9,16.0,15.05625,3.0
00-0039907,Ja'Lynn Polk,WR,2024,2024.0,32.699999999999996,13.0,2.515384615384615,17.0
00-0039344,Jonathon Brooks,RB,2024,2024.0,7.5,3.0,2.5,13.0
00-0039890,Adonai Mitchell,WR,2024,2024.0,53.76,17.0,3.1623529411764704,14.0
00-0039912,Ben Sinnott,TE,2024,2024.0,13.8,4.0,3.45,7.0
00-0039920,Malachi Corley,WR,2024,2024.0,7.2,5.0,1.44,25.0
00-0039921,Trey Benson,RB,2024,2024.0,47.0,12.0,3.9166666666666665,7.0
00-0039810,Jermaine Burton,WR,2024,2024.0,14.7,4.0,3.675,22.0
00-0039737,Tip Reiman,TE,2024,2024.0,9.7,5.0,1.94,9.0
00-0039738,Blake Corum,RB,2024,2024.0,33.5,14.0,2.392857142857143,9.0
00-0039739,Roman Wilson,WR,2024,,,,,
00-0039811,MarShawn Lloyd,RB,2024,2024.0,2.8,1.0,2.8,16.0
00-0039855,Jalen McMillan,WR,2024,2024.0,135.4,13.0,10.415384615384616,7.0
00-0039355,Luke McCaffrey,WR,2024,2024.0,34.8,12.0,2.9,16.0
00-0039356,Ja'Tavion Sanders,TE,2024,2024.0,73.2,15.0,4.88,3.0
00-0039868,Troy Franklin,WR,2024,2024.0,67.1,16.0,4.19375,12.0
00-0039847,Theo Johnson,TE,2024,2024.0,68.1,10.0,6.81,4.0
00-0039853,Javon Baker,WR,2024,2024.0,2.2,4.0,0.55,29.0
00-0039792,Devontez Walker,WR,2024,2024.0,9.1,2.0,4.55,24.0
00-0039814,Erick All,TE,2024,2024.0,35.8,8.0,4.475,5.0
00-0039874,Jaylen Wright,RB,2024,2024.0,26.7,13.0,2.0538461538461537,11.0
00-0039793,AJ Barner,TE,2024,2024.0,78.5,14.0,5.607142857142857,2.0
00-0039359,Cade Stover,TE,2024,2024.0,34.3,13.0,2.6384615384615384,6.0
00-0039361,Bucky Irving,RB,2024,2024.0,244.4,17.0,14.376470588235295,1.0
00-0039746,Will Shipley,RB,2024,2024.0,15.7,5.0,3.1399999999999997,12.0
00-0039875,Ray Davis,RB,2024,2024.0,116.1,16.0,7.25625,3.0
00-0039363,Isaac Guerendo,RB,2024,2024.0,96.2,13.0,7.4,4.0
00-0039824,Jared Wiley,TE,2024,2024.0,1.7,1.0,1.7,11.0
00-0039794,Braelon Allen,RB,2024,2024.0,85.2,17.0,5.011764705882353,5.0
00-0039365,Jacob Cowing,WR,2024,2024.0,12.7,3.0,4.233333333333333,23.0
00-0039816,Anthony Gould,WR,2024,2024.0,3.3,1.0,3.3,27.0
00-0039373,Audric Estime,RB,2024,2024.0,48.7,13.0,3.746153846153846,6.0
00-0039376,Spencer Rattler,QB,2024,2024.0,67.28,7.0,9.611428571428572,6.0
00-0039747,Ainias Smith,WR,2024,2024.0,17.7,3.0,5.8999999999999995,20.0
00-0039379,Jamari Thrash,WR,2024,2024.0,5.2,6.0,0.8666666666666667,26.0
00-0039796,Rasheen Ali,RB,2024,2024.0,3.1,4.0,0.775,15.0
00-0039384,Tyrone Tracy Jr.,RB,2024,2024.0,182.3,17.0,10.723529411764707,2.0
00-0039385,Keilan Robinson,RB,2024,,,,,
00-0039386,Bub Means,WR,2024,2024.0,26.8,4.0,6.7,18.0
00-0039797,Jordan Travis,QB,2024,,,,,
00-0039798,Isaiah Davis,RB,2024,2024.0,45.9,9.0,5.1,8.0
00-0039391,Kimani Vidal,RB,2024,2024.0,32.7,9.0,3.6333333333333337,10.0
00-0039392,Jha'Quan Jackson,WR,2024,2024.0,1.3,2.0,0.65,30.0
00-0039880,Malik Washington,WR,2024,2024.0,56.8,12.0,4.733333333333333,13.0
00-0039236,Johnny Wilson,WR,2024,2024.0,14.8,9.0,1.6444444444444446,21.0
00-0039393,Jase McClellan,RB,2024,2024.0,3.2,2.0,1.6,14.0
00-0039394,Casey Washington,WR,2024,2024.0,2.4,2.0,1.2,28.0
00-0039397,Tejhaun Palmer,WR,2024,,,,,
00-0039398,Joe Milton,QB,2024,2024.0,19.24,1.0,19.24,8.0
00-0039399,Tanner McLachlan,TE,2024,,,,,
00-0039405,Jawhar Jordan,RB,2024,,,,,
00-0039407,Dylan Laube,RB,2024,2024.0,-2.0,1.0,-2.0,17.0
00-0039751,Jordan Whittington,WR,2024,2024.0,52.5,6.0,8.75,15.0
00-0039410,Ryan Flournoy,WR,2024,2024.0,18.2,7.0,2.6,19.0
00-0039801,Devin Leary,QB,2024,,,,,
00-0039415,Brenden Rice,WR,2024,,,,,
00-0039420,Jaheim Bell,TE,2024,2024.0,4.0,3.0,1.3333333333333333,10.0
00-0039424,Devaughn Vele,WR,2024,2024.0,106.5,13.0,8.192307692307692,10.0
00-0039884,Tahj Washington,WR,2024,,,,,
00-0039238,Michael Pratt,QB,2024,,,,,
00-0039754,Devin Culp,TE,2024,2024.0,13.799999999999999,2.0,6.8999999999999995,8.0
00-0039437,Cornelius Johnson,WR,2024,,,,,
00-0040676,Cam Ward,QB,2025,2025.0,172.76,,,2.0
00-0040718,Travis Hunter,WR,2025,,,,,
00-0040122,Ashton Jeanty,RB,2025,2025.0,247.1,,,1.0
00-0040124,Tetairoa McMillan,WR,2025,2025.0,213.4,,,2.0
00-0040126,Colston Loveland,TE,2025,2025.0,153.1,,,3.0
00-0040128,Tyler Warren,TE,2025,2025.0,200.5,,,2.0
00-0040129,Emeka Egbuka,WR,2025,2025.0,247.7,,,1.0
00-0040666,Omarion Hampton,RB,2025,2025.0,135.7,,,8.0
00-0040667,Matthew Golden,WR,2025,,,,,
00-0040691,Jaxson Dart,QB,2025,2025.0,243.58,,,1.0
00-0040130,Jayden Higgins,WR,2025,2025.0,129.5,,,3.0
00-0040784,Quinshon Judkins,RB,2025,2025.0,167.8,,,4.0
00-0040734,TreVeyon Henderson,RB,2025,2025.0,208.2,,,3.0
00-0040735,Luther Burden,WR,2025,,,,,
00-0040743,Tyler Shough,QB,2025,2025.0,123.36,,,3.0
00-0040736,Mason Taylor,TE,2025,,,,,
00-0040737,Terrance Ferguson,TE,2025,,,,,
00-0040739,Elijah Arroyo,TE,2025,,,,,
00-0040727,Tre Harris,WR,2025,,,,,
00-0040729,Jack Bech,WR,2025,,,,,
00-0040730,RJ Harvey,RB,2025,2025.0,208.6,,,2.0
00-0040663,Harold Fannin,TE,2025,2025.0,206.4,,,1.0
00-0040131,Kyle Williams,WR,2025,,,,,
00-0040669,Isaac TeSlaa,WR,2025,2025.0,75.9,,,4.0
00-0040134,Pat Bryant,WR,2025,,,,,
00-0040138,Jaylin Noel,WR,2025,,,,,
00-0040142,Kaleb Johnson,RB,2025,,,,,
00-0040009,Savion Williams,WR,2025,,,,,
00-0040673,Jalen Milroe,QB,2025,,,,,
00-0040704,Dillon Gabriel,QB,2025,2025.0,61.47999999999999,,,5.0
00-0040154,Tai Felton,WR,2025,,,,,
00-0040705,Chimere Dike,WR,2025,,,,,
00-0040719,Bhayshul Tuten,RB,2025,2025.0,90.6,,,10.0
00-0040715,Cam Skattebo,RB,2025,2025.0,127.7,,,9.0
00-0040581,Dont'e Thornton,WR,2025,,,,,
00-0040582,Arian Smith,WR,2025,,,,,
00-0040644,Trevor Etienne,RB,2025,,,,,
00-0040583,Woody Marks,RB,2025,2025.0,145.1,,,5.0
00-0040692,Jarquez Hunter,RB,2025,,,,,
00-0040584,Gunnar Helm,TE,2025,,,,,
00-0040162,Dylan Sampson,RB,2025,,,,,
00-0040164,Jaylin Lane,WR,2025,,,,,
00-0040646,Jalen Royals,WR,2025,,,,,
00-0040170,Elic Ayomanor,WR,2025,,,,,
00-0040172,Jordan Watkins,WR,2025,,,,,
00-0040668,Shedeur Sanders,QB,2025,2025.0,64.0,,,4.0
00-0040177,Jordan James,RB,2025,,,,,
00-0040586,Jaydon Blue,RB,2025,,,,,
00-0040179,DJ Giddens,RB,2025,,,,,
00-0040184,KeAndre Lambert-Smith,WR,2025,,,,,
00-0040187,Mitchell Evans,TE,2025,,,,,
00-0040189,Oronde Gadsden II,TE,2025,,,,,
00-0040648,Tory Horton,WR,2025,,,,,
00-0040194,Jackson Hawes,TE,2025,,,,,
00-0040649,Robbie Ouzts,TE,2025,,,,,
00-0040198,Ollie Gordon,RB,2025,,,,,
00-0040014,Kyle McCord,QB,2025,,,,,
00-0040202,Devin Neal,RB,2025,,,,,
00-0040203,Will Howard,QB,2025,,,,,
00-0040205,Kalel Mullings,RB,2025,,,,,
00-0040206,Riley Leonard,QB,2025,2025.0,18.6,,,7.0
00-0040208,Tahj Brooks,RB,2025,,,,,
00-0040211,Graham Mertz,QB,2025,,,,,
00-0040215,Gavin Bartholomew,TE,2025,,,,,
00-0040075,LaJohntay Wester,WR,2025,,,,,
00-0040218,Jimmy Horn,WR,2025,,,,,
00-0040220,Tommy Mellott,QB,2025,,,,,
00-0040222,Cam Miller,QB,2025,,,,,
00-0040225,Thomas Fidone,TE,2025,,,,,
00-0040651,Damien Martinez,RB,2025,,,,,
00-0040589,Kurtis Rourke,QB,2025,,,,,
00-0040078,Brashard Smith,RB,2025,,,,,
00-0040234,Quinn Ewers,QB,2025,2025.0,30.879999999999995,,,6.0
00-0040236,Kyle Monangai,RB,2025,2025.0,142.7,,,7.0
00-0040237,Tez Johnson,WR,2025,,,,,
00-0040238,LeQuint Allen,RB,2025,,,,,
00-0040653,Ricky White,WR,2025,,,,,
00-0040021,Phil Mafah,RB,2025,,,,,
,Kaden Prather,WR,2025,,,,,
00-0040240,Caleb Lohner,TE,2025,,,,,
00-0040590,Konata Mumpfield,WR,2025,,,,,
00-0040241,Dominic Lovett,WR,2025,,,,,
00-0040242,Jacory Croskey-Merritt,RB,2025,2025.0,144.3,,,6.0
00-0040244,Moliki Matavao,TE,2025,,,,,
00-0040247,Junior Bergen,WR,2025,,,,,
00-0040250,Luke Lachey,TE,2025,,,,,
MEN516487,Fernando Mendoza,QB,2026,,,,,
LOV121782,Jeremiyah Love,RB,2026,,,,,
TAT143045,Carnell Tate,WR,2026,,,,,
TYS405541,Jordyn Tyson,WR,2026,,,,,
SIM639376,Ty Simpson,QB,2026,,,,,
SAD482340,Kenyon Sadiq,TE,2026,,,,,
LEM694125,Makai Lemon,WR,2026,,,,,
CON046719,KC Concepcion,WR,2026,,,,,
COO816508,Omar Cooper Jr.,WR,2026,,,,,
PRI206342,Jadarian Price,RB,2026,,,,,
,De'Zhaun Stribling,WR,2026,,,,,
BOS677861,Denzel Boston,WR,2026,,,,,
BER218265,Germie Bernard,WR,2026,,,,,
STO806346,Eli Stowers,TE,2026,,,,,
KLE258860,Marlin Klein,TE,2026,,,,,
KLA269938,Max Klare,TE,2026,,,,,
,Carson Beck,QB,2026,,,,,
ROU550040,Sam Roush,TE,2026,,,,,
WIL143106,Antonio Williams,WR,2026,,,,,
,Oscar Delp,TE,2026,,,,,
FIE775129,Malachi Fields,WR,2026,,,,,
DOU210628,Caleb Douglas,WR,2026,,,,,
ALL015451,Drew Allar,QB,2026,,,,,
BRA531428,Zachariah Branch,WR,2026,,,,,
LAN311008,Ja'Kobi Lane,WR,2026,,,,,
BRA836631,Chris Brazzell II,WR,2026,,,,,
HUR541377,Ted Hurst,WR,2026,,,,,
THO417520,Zavion Thomas,WR,2026,,,,,
BLA097235,Kaelon Black,RB,2026,,,,,
BEL267684,Chris Bell,WR,2026,,,,,
RAR148318,Eli Raridon,TE,2026,,,,,
THO495568,Brenen Thompson,WR,2026,,,,,
COL293648,Jonah Coleman,RB,2026,,,,,
KLU066027,Cade Klubnik,QB,2026,,,,,
SAR527100,Elijah Sarratt,WR,2026,,,,,
WAS797326,Mike Washington Jr.,RB,2026,,,,,
BEL597603,Skyler Bell,WR,2026,,,,,
HIB564972,Matthew Hibner,TE,2026,,,,,
LAN016345,Bryce Lance,WR,2026,,,,,
,Colbie Young,WR,2026,,,,,
VIR271235,Reggie Virgil,WR,2026,,,,,
JOL735174,Justin Joly,TE,2026,,,,,
JOH224817,Emmett Johnson,RB,2026,,,,,
KOZ404039,Tanner Koziol,TE,2026,,,,,
,Nicholas Singleton,RB,2026,,,,,
LAW090280,Kendrick Law,WR,2026,,,,,
,Joe Royer,TE,2026,,,,,
RAN022436,Adam Randall,RB,2026,,,,,
ALL092954,Cyrus Allen,WR,2026,,,,,
COL362413,Kevin Coleman Jr.,WR,2026,,,,,
GRE361852,Taylen Green,QB,2026,,,,,
ALL532376,Kaytron Allen,RB,2026,,,,,
BRO268113,Barion Brown,WR,2026,,,,,
BEN601117,Malik Benson,WR,2026,,,,,
DAN490797,CJ Daniels,WR,2026,,,,,
CLA041524,Demond Claiborne,RB,2026,,,,,
HEN199637,Emmanuel Henderson Jr.,WR,2026,,,,,
WIL189259,CJ Williams,WR,2026,,,,,
BON235618,Lewis Bond,WR,2026,,,,,
SMI038569,Anthony Smith,WR,2026,,,,,
KAL252591,Athan Kaliakmanis,QB,2026,,,,,
HEI114391,Eli Heidenreich,RB,2026,,,,,
MOR767384,Behren Morton,QB,2026,,,,,
MCG547540,Seth McGowan,RB,2026,,,,,
MIL303300,Jam Miller,RB,2026,,,,,
RYA022232,Carsen Ryan,TE,2026,,,,,
NUS440041,Garrett Nussmeier,QB,2026,,,,,
,Deion Burks,WR,2026,,,,,
