season,overall_pick,round,round_pick,team_id,espn_player_id,gsis_id,player_name,position,pro_team,is_keeper,bid_amount
2018,1,1,1,10,2977644,00-0032241,Todd Gurley II,RB,LA,False,0
2018,2,1,2,5,13934,00-0027793,Antonio Brown,WR,PIT,False,0
2018,3,1,3,1,3054850,00-0033906,Alvin Kamara,RB,NO,False,0
2018,4,1,4,3,8439,00-0023459,Aaron Rodgers,QB,GB,False,0
2018,5,1,5,2,3051392,00-0033045,Ezekiel Elliott,RB,DAL,False,0
2018,6,1,6,7,2508176,00-0032187,David Johnson,RB,ARI,False,0
2018,7,1,7,4,3929630,00-0034844,Saquon Barkley,RB,NYG,False,0
2018,8,1,8,8,16733,00-0031235,Odell Beckham Jr.,WR,NYG,False,0
2018,9,1,9,9,3059915,00-0033923,Kareem Hunt,RB,FA,False,0
2018,10,1,10,6,13982,00-0027944,Julio Jones,WR,ATL,False,0
2018,11,2,1,6,15795,00-0030564,DeAndre Hopkins,WR,HOU,False,0
2018,12,2,2,9,3115364,00-0033856,Leonard Fournette,RB,JAX,False,0
2018,13,2,3,8,2573300,00-0031590,Jay Ajayi,RB,PHI,False,0
2018,14,2,4,4,14881,00-0029263,Russell Wilson,QB,SEA,False,0
2018,15,2,5,7,2330,00-0019596,Tom Brady,QB,NE,False,0
2018,16,2,6,2,13994,00-0027939,Cam Newton,QB,CAR,False,0
2018,17,2,7,3,15825,00-0030496,Le'Veon Bell,RB,PIT,False,0
2018,18,2,8,1,3116593,00-0033893,Dalvin Cook,RB,MIN,False,0
2018,19,2,9,5,5536,00-0022924,Ben Roethlisberger,QB,PIT,False,0
2018,20,2,10,10,2976316,00-0032765,Michael Thomas,WR,NO,False,0
2018,21,3,1,10,2580,00-0020531,Drew Brees,QB,NO,False,0
2018,22,3,2,5,13229,00-0027656,Rob Gronkowski,TE,NE,False,0
2018,23,3,3,1,15818,00-0030279,Keenan Allen,WR,LAC,False,0
2018,24,3,4,3,13983,00-0027942,A.J. Green,WR,CIN,False,0
2018,25,3,5,2,2576434,00-0032144,Melvin Gordon,RB,LAC,False,0
2018,26,3,6,7,16800,00-0031381,Davante Adams,WR,GB,False,0
2018,27,3,7,4,3060022,00-0032780,Jordan Howard,RB,CHI,False,0
2018,28,3,8,8,16790,00-0031382,Jarvis Landry,WR,CLE,False,0
2018,29,3,9,9,3117251,00-0033280,Christian McCaffrey,RB,CAR,False,0
2018,30,3,10,6,16944,00-0031285,Devonta Freeman,RB,ATL,False,0
2018,31,4,1,6,16737,00-0031408,Mike Evans,WR,TB,False,0
2018,32,4,2,9,16460,00-0030035,Adam Thielen,WR,MIN,False,0
2018,33,4,3,8,5526,00-0022803,Eli Manning,QB,NYG,False,0
2018,34,4,4,4,3116406,00-0033040,Tyreek Hill,WR,KC,False,0
2018,35,4,5,7,5528,00-0022921,Larry Fitzgerald,WR,ARI,False,0
2018,36,4,6,2,13216,00-0027874,Demaryius Thomas,WR,HOU,False,0
2018,37,4,7,3,12514,00-0027029,LeSean McCoy,RB,BUF,False,0
2018,38,4,8,1,2976212,00-0031588,Stefon Diggs,WR,MIN,False,0
2018,39,4,9,5,13217,00-0027891,Golden Tate,WR,PHI,False,0
2018,40,4,10,10,2976499,00-0031544,Amari Cooper,WR,DAL,False,0
2018,41,5,1,10,3116385,00-0033897,Joe Mixon,RB,CIN,False,0
2018,42,5,2,5,15847,00-0030506,Travis Kelce,TE,KC,False,0
2018,43,5,3,1,14924,00-0029608,T.Y. Hilton,WR,IND,False,0
2018,44,5,4,3,15835,00-0030061,Zach Ertz,TE,PHI,False,0
2018,45,5,5,2,14221,00-0028434,Doug Baldwin,WR,SEA,False,0
2018,46,5,6,7,3122672,00-0034838,Royce Freeman,RB,DEN,False,0
2018,47,5,7,4,3122840,00-0033537,Deshaun Watson,QB,HOU,False,0
2018,48,5,8,8,10456,00-0025399,Marshawn Lynch,RB,LV,False,0
2018,49,5,9,9,16731,00-0031236,Brandin Cooks,WR,LA,False,0
2018,50,5,10,6,2979843,00-0033118,Kenyan Drake,RB,MIA,False,0
2018,51,6,1,6,16799,00-0031428,Allen Robinson,WR,CHI,False,0
2018,52,6,2,9,15072,00-0029293,Marvin Jones Jr.,WR,DET,False,0
2018,53,6,3,8,9761,00-0024389,Delanie Walker,TE,TEN,False,0
2018,54,6,4,4,15880,00-0030431,Robert Woods,WR,LA,False,0
2018,55,6,5,7,3120348,00-0033857,JuJu Smith-Schuster,WR,PIT,False,0
2018,56,6,6,2,14402,00-0028237,Chris Hogan,WR,NE,False,0
2018,57,6,7,3,9704,00-0024333,Stephen Gostkowski,K,NE,False,0
2018,58,6,8,1,12563,00-0026986,Michael Crabtree,WR,BAL,False,0
2018,59,6,9,5,3046409,00-0032426,Alex Collins,RB,BAL,False,0
2018,60,6,10,10,13295,00-0027685,Emmanuel Sanders,WR,DEN,False,0
2018,61,7,1,10,10475,00-0025418,Greg Olsen,TE,CAR,False,0
2018,62,7,2,5,3042778,00-0033871,Corey Davis,WR,TEN,False,0
2018,63,7,3,1,3043078,00-0032764,Derrick Henry,RB,TEN,False,0
2018,64,7,4,3,-16014,,LA D/ST,D/ST,LA,False,0
2018,65,7,5,2,14198,00-0028087,Dion Lewis,RB,TEN,False,0
2018,66,7,6,7,3051876,00-0033881,Evan Engram,TE,NYG,False,0
2018,67,7,7,4,14054,00-0027981,Kyle Rudolph,TE,MIN,False,0
2018,68,7,8,8,-16030,,JAX D/ST,D/ST,JAX,False,0
2018,69,7,9,9,13232,00-0027696,Jimmy Graham,TE,GB,False,0
2018,70,7,10,6,14880,00-0029604,Kirk Cousins,QB,MIN,False,0
2018,71,8,1,6,-16033,,BAL D/ST,D/ST,BAL,False,0
2018,72,8,2,9,15705,00-0029664,Josh Gordon,WR,NE,False,0
2018,73,8,3,8,15683,00-0029597,Justin Tucker,K,BAL,False,0
2018,74,8,4,4,-16021,,PHI D/ST,D/ST,PHI,False,0
2018,75,8,5,7,14993,00-0029621,Greg Zuerlein,K,LA,False,0
2018,76,8,6,2,14886,00-0029615,Lamar Miller,RB,HOU,False,0
2018,77,8,7,3,2977609,00-0032055,Devin Funchess,WR,CAR,False,0
2018,78,8,8,1,15860,00-0030472,Jordan Reed,TE,WAS,False,0
2018,79,8,9,5,14053,00-0028002,Randall Cobb,WR,GB,False,0
2018,80,8,10,10,-16024,,LAC D/ST,D/ST,LAC,False,0
2018,81,9,1,10,13981,00-0027966,Mark Ingram II,RB,NO,False,0
2018,82,9,2,5,15971,00-0030288,Rex Burkhead,RB,NE,False,0
2018,83,9,3,1,12483,00-0026498,Matthew Stafford,QB,DET,False,0
2018,84,9,4,3,2979477,00-0032058,Tevin Coleman,RB,ATL,False,0
2018,85,9,5,2,15839,00-0030068,Marquise Goodwin,WR,SF,False,0
2018,86,9,6,7,11439,00-0026345,Pierre Garcon,WR,SF,False,0
2018,87,9,7,4,16725,00-0031325,Sammy Watkins,WR,KC,False,0
2018,88,9,8,8,3919596,00-0033594,Chris Carson,RB,SEA,False,0
2018,89,9,9,9,16777,00-0031045,Carlos Hyde,RB,JAX,False,0
2018,90,9,10,6,14874,00-0029668,Andrew Luck,QB,IND,False,0
2018,91,10,1,6,16504,00-0030181,Jack Doyle,TE,IND,False,0
2018,92,10,2,9,2573079,00-0032950,Carson Wentz,QB,PHI,False,0
2018,93,10,3,8,2574808,00-0032688,Robby Anderson,WR,NYJ,False,0
2018,94,10,4,4,17372,00-0031136,Chris Boswell,K,PIT,False,0
2018,95,10,5,7,16760,00-0031345,Jimmy Garoppolo,QB,SF,False,0
2018,96,10,6,2,2576716,00-0031941,Jamison Crowder,WR,WAS,False,0
2018,97,10,7,3,11237,00-0026143,Matt Ryan,QB,ATL,False,0
2018,98,10,8,1,-16016,,MIN D/ST,D/ST,MIN,False,0
2018,99,10,9,5,11270,00-0026176,Jordy Nelson,WR,LV,False,0
2018,100,10,10,10,8416,00-0023436,Alex Smith,QB,WAS,False,0
2018,101,11,1,10,9354,00-0023252,Robbie Gould,K,SF,False,0
2018,102,11,2,5,15009,00-0029141,Alfred Morris,RB,SF,False,0
2018,103,11,3,1,2576980,00-0032268,Marcus Mariota,QB,TEN,False,0
2018,104,11,4,3,15966,00-0030404,Chris Thompson,RB,WAS,False,0
2018,105,11,5,2,4333,00-0020578,Matt Bryant,K,ATL,False,0
2018,106,11,6,7,-16007,,DEN D/ST,D/ST,DEN,False,0
2018,107,11,7,4,2977187,00-0033908,Cooper Kupp,WR,LA,False,0
2018,108,11,8,8,3139925,00-0034750,Rashaad Penny,RB,SEA,False,0
2018,109,11,9,9,2969962,00-0032257,Duke Johnson Jr.,RB,CLE,False,0
2018,110,11,10,6,16974,00-0030710,Trey Burton,TE,CHI,False,0
2018,111,12,1,6,3055899,00-0033303,Harrison Butker,K,KC,False,0
2018,112,12,2,9,5529,00-0022942,Philip Rivers,QB,LAC,False,0
2018,113,12,3,8,14145,00-0028112,Charles Clay,TE,BUF,False,0
2018,114,12,4,4,12649,00-0027150,Julian Edelman,WR,NE,False,0
2018,115,12,5,7,17133,00-0030656,Isaiah Crowell,RB,NYJ,False,0
2018,116,12,6,2,2976592,00-0032385,Sterling Shepard,WR,NYG,False,0
2018,117,12,7,3,16730,00-0031359,Kelvin Benjamin,WR,KC,False,0
2018,118,12,8,1,3123076,00-0033885,David Njoku,TE,CLE,False,0
2018,119,12,9,5,3066158,00-0033556,Tarik Cohen,RB,CHI,False,0
2018,120,12,10,10,16016,00-0030085,Kenny Stills,WR,MIA,False,0
2018,121,13,1,10,16913,00-0031062,James White,RB,NE,False,0
2018,122,13,2,5,3050478,00-0033787,Jake Elliott,K,PHI,False,0
2018,123,13,3,1,14912,00-0029137,Alshon Jeffery,WR,PHI,False,0
2018,124,13,4,3,3040151,00-0033288,George Kittle,TE,SF,False,0
2018,125,13,5,2,12537,00-0027061,Jared Cook,TE,LV,False,0
2018,126,13,6,7,5557,00-0022943,Benjamin Watson,TE,NO,False,0
2018,127,13,7,4,-16018,,NO D/ST,D/ST,NO,False,0
2018,128,13,8,8,2577417,00-0033077,Dak Prescott,QB,DAL,False,0
2018,129,13,9,9,-16017,,NE D/ST,D/ST,NE,False,0
2018,130,13,10,6,3916925,00-0034349,Kerryon Johnson,RB,DET,False,0
2018,131,14,1,6,11122,00-0023853,Matt Prater,K,DET,False,0
2018,132,14,2,9,3052876,00-0033127,Will Fuller V,WR,HOU,False,0
2018,133,14,3,8,2577327,00-0032211,Tyler Lockett,WR,SEA,False,0
2018,134,14,4,4,16757,00-0031280,Derek Carr,QB,LV,False,0
2018,135,14,5,7,2980453,00-0033948,Jamaal Williams,RB,GB,False,0
2018,136,14,6,2,-16010,,TEN D/ST,D/ST,TEN,False,0
2018,137,14,7,3,2985659,00-0032569,Wil Lutz,K,NO,False,0
2018,138,14,8,1,3051902,00-0032741,Peyton Barber,RB,TB,False,0
2018,139,14,9,5,2971618,00-0031549,Nelson Agholor,WR,PHI,False,0
2018,140,14,10,10,15788,00-0030549,Tyler Eifert,TE,CIN,False,0
2018,141,15,1,10,2577253,00-0031577,Javorius Allen,RB,BAL,False,0
2018,142,15,2,5,3049916,00-0033308,Matt Breida,RB,SF,False,0
2018,143,15,3,1,3071572,00-0033681,Keelan Cole,WR,JAX,False,0
2018,144,15,4,3,-16034,,HOU D/ST,D/ST,HOU,False,0
2018,145,15,5,2,5362,00-0021547,Antonio Gates,TE,LAC,False,0
2018,146,15,6,7,-16022,,ARI D/ST,D/ST,ARI,False,0
2018,147,15,7,4,3128721,00-0034845,Sony Michel,RB,NE,False,0
2018,148,15,8,8,3043275,00-0032392,Austin Hooper,TE,ATL,False,0
2018,149,15,9,9,16795,00-0031418,Austin Seferian-Jenkins,TE,JAX,False,0
2018,150,15,10,6,-16003,,CHI D/ST,D/ST,CHI,False,0
2018,151,16,1,6,14922,00-0029632,Mohamed Sanu,WR,ATL,False,0
2018,152,16,2,9,10636,00-0025580,Mason Crosby,K,GB,False,0
2018,153,16,3,8,10452,00-0025394,Adrian Peterson,RB,WAS,False,0
2018,154,16,4,4,17453,00-0031273,Cameron Brate,TE,TB,False,0
2018,155,16,5,7,2576019,00-0032760,Josh Doctson,WR,WAS,False,0
2018,156,16,6,2,16732,00-0031387,Eric Ebron,TE,IND,False,0
2018,157,16,7,3,17177,00-0030821,Allen Hurns,WR,DAL,False,0
2018,158,16,8,1,1097,00-0016919,Adam Vinatieri,K,IND,False,0
2018,159,16,9,5,-16029,,CAR D/ST,D/ST,CAR,False,0
2018,160,16,10,10,2974858,00-0033932,Kenny Golladay,WR,DET,False,0
2019,1,1,1,8,3929630,00-0034844,Saquon Barkley,RB,NYG,False,0
2019,2,1,2,4,3054850,00-0033906,Alvin Kamara,RB,NO,False,0
2019,3,1,3,6,3117251,00-0033280,Christian McCaffrey,RB,CAR,False,0
2019,4,1,4,1,2977644,00-0032241,Todd Gurley II,RB,LA,False,0
2019,5,1,5,10,3051392,00-0033045,Ezekiel Elliott,RB,DAL,False,0
2019,6,1,6,2,3116406,00-0033040,Tyreek Hill,WR,KC,False,0
2019,7,1,7,9,2508176,00-0032187,David Johnson,RB,ARI,False,0
2019,8,1,8,7,15795,00-0030564,DeAndre Hopkins,WR,HOU,False,0
2019,9,1,9,5,2976316,00-0032765,Michael Thomas,WR,NO,False,0
2019,10,1,10,3,16800,00-0031381,Davante Adams,WR,GB,False,0
2019,11,2,1,3,15825,00-0030496,Le'Veon Bell,RB,NYJ,False,0
2019,12,2,2,5,3120348,00-0033857,JuJu Smith-Schuster,WR,PIT,False,0
2019,13,2,3,7,13982,00-0027944,Julio Jones,WR,ATL,False,0
2019,14,2,4,9,3045147,00-0033553,James Conner,RB,PIT,False,0
2019,15,2,5,2,3128720,00-0034791,Nick Chubb,RB,CLE,False,0
2019,16,2,6,10,3116385,00-0033897,Joe Mixon,RB,CIN,False,0
2019,17,2,7,1,3116593,00-0033893,Dalvin Cook,RB,MIN,False,0
2019,18,2,8,6,13934,00-0027793,Antonio Brown,WR,FA,False,0
2019,19,2,9,4,15847,00-0030506,Travis Kelce,TE,KC,False,0
2019,20,2,10,8,3040151,00-0033288,George Kittle,TE,SF,False,0
2019,21,3,1,8,3139477,00-0033873,Patrick Mahomes,QB,KC,False,0
2019,22,3,2,4,3115364,00-0033856,Leonard Fournette,RB,JAX,False,0
2019,23,3,3,6,3122840,00-0033537,Deshaun Watson,QB,HOU,False,0
2019,24,3,4,1,3043078,00-0032764,Derrick Henry,RB,TEN,False,0
2019,25,3,5,10,16737,00-0031408,Mike Evans,WR,TB,False,0
2019,26,3,6,2,15818,00-0030279,Keenan Allen,WR,LAC,False,0
2019,27,3,7,9,16733,00-0031235,Odell Beckham Jr.,WR,CLE,False,0
2019,28,3,8,7,16944,00-0031285,Devonta Freeman,RB,ATL,False,0
2019,29,3,9,5,3916925,00-0034349,Kerryon Johnson,RB,DET,False,0
2019,30,3,10,3,15835,00-0030061,Zach Ertz,TE,PHI,False,0
2019,31,4,1,3,12649,00-0027150,Julian Edelman,WR,NE,False,0
2019,32,4,2,5,3042519,00-0033293,Aaron Jones,RB,GB,False,0
2019,33,4,3,7,4047365,00-0035700,Josh Jacobs,RB,LV,False,0
2019,34,4,4,9,3919596,00-0033594,Chris Carson,RB,SEA,False,0
2019,35,4,5,2,3128721,00-0034845,Sony Michel,RB,NE,False,0
2019,36,4,6,10,2976499,00-0031544,Amari Cooper,WR,DAL,False,0
2019,37,4,7,1,16460,00-0030035,Adam Thielen,WR,MIN,False,0
2019,38,4,8,6,16913,00-0031062,James White,RB,NE,False,0
2019,39,4,9,4,2976212,00-0031588,Stefon Diggs,WR,MIN,False,0
2019,40,4,10,8,4035538,00-0035685,David Montgomery,RB,CHI,False,0
2019,41,5,1,8,16731,00-0031236,Brandin Cooks,WR,LA,False,0
2019,42,5,2,4,3045144,00-0033009,Tyler Boyd,WR,CIN,False,0
2019,43,5,3,6,2576434,00-0032144,Melvin Gordon,RB,LAC,False,0
2019,44,5,4,1,15880,00-0030431,Robert Woods,WR,LA,False,0
2019,45,5,5,10,14924,00-0029608,T.Y. Hilton,WR,IND,False,0
2019,46,5,6,2,15705,00-0029664,Josh Gordon,WR,SEA,False,0
2019,47,5,7,9,2974858,00-0033932,Kenny Golladay,WR,DET,False,0
2019,48,5,8,7,13981,00-0027966,Mark Ingram II,RB,BAL,False,0
2019,49,5,9,5,2577327,00-0032211,Tyler Lockett,WR,SEA,False,0
2019,50,5,10,3,3139605,00-0033951,Marlon Mack,RB,IND,False,0
2019,51,6,1,3,11237,00-0026143,Matt Ryan,QB,ATL,False,0
2019,52,6,2,5,3045138,00-0033536,Mike Williams,WR,LAC,False,0
2019,53,6,3,7,14912,00-0029137,Alshon Jeffery,WR,PHI,False,0
2019,54,6,4,9,3051876,00-0033881,Evan Engram,TE,NYG,False,0
2019,55,6,5,2,16790,00-0031382,Jarvis Landry,WR,CLE,False,0
2019,56,6,6,10,2969962,00-0032257,Duke Johnson,RB,HOU,False,0
2019,57,6,7,1,3915416,00-0034827,DJ Moore,WR,CAR,False,0
2019,58,6,8,6,12537,00-0027061,Jared Cook,TE,NO,False,0
2019,59,6,9,4,16725,00-0031325,Sammy Watkins,WR,KC,False,0
2019,60,6,10,8,-16003,,CHI D/ST,D/ST,CHI,False,0
2019,61,7,1,8,3116165,00-0033921,Chris Godwin,WR,TB,False,0
2019,62,7,2,4,12514,00-0027029,LeSean McCoy,RB,KC,False,0
2019,63,7,3,6,3925357,00-0034837,Calvin Ridley,WR,ATL,False,0
2019,64,7,4,1,2979843,00-0033118,Kenyan Drake,RB,ARI,False,0
2019,65,7,5,10,2977187,00-0033908,Cooper Kupp,WR,LA,False,0
2019,66,7,6,2,13295,00-0027685,Emmanuel Sanders,WR,SF,False,0
2019,67,7,7,9,4045163,00-0035243,Miles Sanders,RB,PHI,False,0
2019,68,7,8,7,3052117,00-0034109,Phillip Lindsay,RB,DEN,False,0
2019,69,7,9,5,3043080,00-0033879,O.J. Howard,TE,TB,False,0
2019,70,7,10,3,16799,00-0031428,Allen Robinson II,WR,CHI,False,0
2019,71,8,1,3,2979477,00-0032058,Tevin Coleman,RB,SF,False,0
2019,72,8,2,5,8439,00-0023459,Aaron Rodgers,QB,GB,False,0
2019,73,8,3,7,3046439,00-0033090,Hunter Henry,TE,LAC,False,0
2019,74,8,4,9,4040761,00-0035250,Devin Singletary,RB,BUF,False,0
2019,75,8,5,2,16732,00-0031387,Eric Ebron,TE,IND,False,0
2019,76,8,6,10,3068267,00-0033699,Austin Ekeler,RB,LAC,False,0
2019,77,8,7,1,2976592,00-0032385,Sterling Shepard,WR,NYG,False,0
2019,78,8,8,6,3066158,00-0033556,Tarik Cohen,RB,CHI,False,0
2019,79,8,9,4,3052587,00-0034855,Baker Mayfield,QB,CLE,False,0
2019,80,8,10,8,14993,00-0029621,Greg Zuerlein,K,LA,False,0
2019,81,9,1,8,13983,00-0027942,A.J. Green,WR,CIN,False,0
2019,82,9,2,4,3892889,00-0033839,Dede Westbrook,WR,JAX,False,0
2019,83,9,3,6,2574808,00-0032688,Robby Anderson,WR,NYJ,False,0
2019,84,9,4,1,15853,00-0030470,Vance McDonald,TE,PIT,False,0
2019,85,9,5,10,3049916,00-0033308,Matt Breida,RB,SF,False,0
2019,86,9,6,2,3843750,00-0034358,Derrius Guice,RB,WAS,False,0
2019,87,9,7,9,4036348,00-0034764,Michael Gallup,WR,DAL,False,0
2019,88,9,8,7,17359,00-0030874,Damien Williams,RB,KC,False,0
2019,89,9,9,5,15683,00-0029597,Justin Tucker,K,BAL,False,0
2019,90,9,10,3,3895856,00-0034775,Christian Kirk,WR,ARI,False,0
2019,91,10,1,3,3139925,00-0034750,Rashaad Penny,RB,SEA,False,0
2019,92,10,2,5,15072,00-0029293,Marvin Jones Jr.,WR,DET,False,0
2019,93,10,3,7,2573079,00-0032950,Carson Wentz,QB,PHI,False,0
2019,94,10,4,9,3042778,00-0033871,Corey Davis,WR,TEN,False,0
2019,95,10,5,2,3122672,00-0034838,Royce Freeman,RB,DEN,False,0
2019,96,10,6,10,3060022,00-0032780,Jordan Howard,RB,PHI,False,0
2019,97,10,7,1,3052876,00-0033127,Will Fuller V,WR,HOU,False,0
2019,98,10,8,6,15920,00-0030513,Latavius Murray,RB,NO,False,0
2019,99,10,9,4,2985659,00-0032569,Wil Lutz,K,NO,False,0
2019,100,10,10,8,2580,00-0020531,Drew Brees,QB,NO,False,0
2019,101,11,1,8,3123076,00-0033885,David Njoku,TE,CLE,False,0
2019,102,11,2,4,-16014,,LA D/ST,D/ST,LA,False,0
2019,103,11,3,6,-16030,,JAX D/ST,D/ST,JAX,False,0
2019,104,11,4,1,3128429,00-0034348,Courtland Sutton,WR,DEN,False,0
2019,105,11,5,10,5536,00-0022924,Ben Roethlisberger,QB,PIT,False,0
2019,106,11,6,2,13994,00-0027939,Cam Newton,QB,CAR,False,0
2019,107,11,7,9,2577417,00-0033077,Dak Prescott,QB,DAL,False,0
2019,108,11,8,7,3917315,00-0035228,Kyler Murray,QB,ARI,False,0
2019,109,11,9,5,-16018,,NO D/ST,D/ST,NO,False,0
2019,110,11,10,3,14881,00-0029263,Russell Wilson,QB,SEA,False,0
2019,111,12,1,3,3051902,00-0032741,Peyton Barber,RB,TB,False,0
2019,112,12,2,5,2972091,00-0033025,Jalen Richard,RB,LV,False,0
2019,113,12,3,7,5528,00-0022921,Larry Fitzgerald,WR,ARI,False,0
2019,114,12,4,9,3121427,00-0033282,Curtis Samuel,WR,CAR,False,0
2019,115,12,5,2,-16016,,MIN D/ST,D/ST,MIN,False,0
2019,116,12,6,10,9761,00-0024389,Delanie Walker,TE,TEN,False,0
2019,117,12,7,1,3046779,00-0033106,Jared Goff,QB,LA,False,0
2019,118,12,8,6,3122449,00-0034676,James Washington,WR,PIT,False,0
2019,119,12,9,4,3039707,00-0033869,Mitchell Trubisky,QB,CHI,False,0
2019,120,12,10,8,3916430,00-0034367,Nyheim Hines,RB,IND,False,0
2019,121,13,1,8,2576716,00-0031941,Jamison Crowder,WR,NYJ,False,0
2019,122,13,2,4,16791,00-0031339,Donte Moncrief,WR,CAR,False,0
2019,123,13,3,6,3055899,00-0033303,Harrison Butker,K,KC,False,0
2019,124,13,4,1,3043275,00-0032392,Austin Hooper,TE,ATL,False,0
2019,125,13,5,10,-16005,,CLE D/ST,D/ST,CLE,False,0
2019,126,13,6,2,2330,00-0019596,Tom Brady,QB,NE,False,0
2019,127,13,7,9,3127306,00-0034860,Dante Pettis,WR,SF,False,0
2019,128,13,8,7,10475,00-0025418,Greg Olsen,TE,SEA,False,0
2019,129,13,9,5,14922,00-0029632,Mohamed Sanu Sr.,WR,NE,False,0
2019,130,13,10,3,3051738,00-0034272,Marquez Valdes-Scantling,WR,GB,False,0
2019,131,14,1,3,2969939,00-0031503,Jameis Winston,QB,TB,False,0
2019,132,14,2,5,14054,00-0027981,Kyle Rudolph,TE,MIN,False,0
2019,133,14,3,7,2971573,00-0032726,Ka'imi Fairbairn,K,HOU,False,0
2019,134,14,4,9,9704,00-0024333,Stephen Gostkowski,K,NE,False,0
2019,135,14,5,2,3116365,00-0034753,Mark Andrews,TE,BAL,False,0
2019,136,14,6,10,9354,00-0023252,Robbie Gould,K,SF,False,0
2019,137,14,7,1,16486,00-0030332,Brett Maher,K,DAL,False,0
2019,138,14,8,6,3916387,00-0034796,Lamar Jackson,QB,BAL,False,0
2019,139,14,9,4,4361606,00-0035148,Darwin Thompson,RB,KC,False,0
2019,140,14,10,8,16974,00-0030710,Trey Burton,TE,CHI,False,0
2019,141,15,1,8,14198,00-0028087,Dion Lewis,RB,TEN,False,0
2019,142,15,2,4,4039359,00-0035664,Darrell Henderson Jr.,RB,LA,False,0
2019,143,15,3,6,-16024,,LAC D/ST,D/ST,LAC,False,0
2019,144,15,4,1,4241372,00-0035662,Marquise Brown,WR,BAL,False,0
2019,145,15,5,10,5529,00-0022942,Philip Rivers,QB,LAC,False,0
2019,146,15,6,2,4333,00-0020578,Matt Bryant,K,FA,False,0
2019,147,15,7,9,-16017,,NE D/ST,D/ST,NE,False,0
2019,148,15,8,7,4047650,00-0035640,DK Metcalf,WR,SEA,False,0
2019,149,15,9,5,8479,00-0023500,Frank Gore,RB,BUF,False,0
2019,150,15,10,3,11122,00-0023853,Matt Prater,K,DET,False,0
2019,151,16,1,3,-16002,,BUF D/ST,D/ST,BUF,False,0
2019,152,16,2,5,2587819,00-0032160,Tyrell Williams,WR,LV,False,0
2019,153,16,3,7,-16021,,PHI D/ST,D/ST,PHI,False,0
2019,154,16,4,9,13232,00-0027696,Jimmy Graham,TE,GB,False,0
2019,155,16,5,2,3912550,00-0034816,Ronald Jones II,RB,TB,False,0
2019,156,16,6,10,13217,00-0027891,Golden Tate,WR,NYG,False,0
2019,157,16,7,1,-16033,,BAL D/ST,D/ST,BAL,False,0
2019,158,16,8,6,15860,00-0030472,Jordan Reed,TE,WAS,False,0
2019,159,16,9,4,3915823,00-0034366,Keke Coutee,WR,HOU,False,0
2019,160,16,10,8,11283,00-0026189,DeSean Jackson,WR,PHI,False,0
2020,1,1,1,7,3117251,00-0033280,Christian McCaffrey,RB,CAR,False,0
2020,2,1,2,8,3929630,00-0034844,Saquon Barkley,RB,NYG,False,0
2020,3,1,3,9,3051392,00-0033045,Ezekiel Elliott,RB,DAL,False,0
2020,4,1,4,4,3043078,00-0032764,Derrick Henry,RB,TEN,False,0
2020,5,1,5,3,3054850,00-0033906,Alvin Kamara,RB,NO,False,0
2020,6,1,6,1,3116593,00-0033893,Dalvin Cook,RB,MIN,False,0
2020,7,1,7,5,2976316,00-0032765,Michael Thomas,WR,NO,False,0
2020,8,1,8,2,3116406,00-0033040,Tyreek Hill,WR,KC,False,0
2020,9,1,9,6,4242214,00-0036360,Clyde Edwards-Helaire,RB,KC,False,0
2020,10,1,10,10,3042519,00-0033293,Aaron Jones,RB,GB,False,0
2020,11,2,1,10,15795,00-0030564,DeAndre Hopkins,WR,ARI,False,0
2020,12,2,2,6,4045163,00-0035243,Miles Sanders,RB,PHI,False,0
2020,13,2,3,2,16800,00-0031381,Davante Adams,WR,GB,False,0
2020,14,2,4,5,3128720,00-0034791,Nick Chubb,RB,CLE,False,0
2020,15,2,5,1,4047365,00-0035700,Josh Jacobs,RB,LV,False,0
2020,16,2,6,3,2979843,00-0033118,Kenyan Drake,RB,ARI,False,0
2020,17,2,7,4,15847,00-0030506,Travis Kelce,TE,KC,False,0
2020,18,2,8,9,3068267,00-0033699,Austin Ekeler,RB,LAC,False,0
2020,19,2,9,8,2977644,00-0032241,Todd Gurley II,RB,ATL,False,0
2020,20,2,10,7,3116385,00-0033897,Joe Mixon,RB,CIN,False,0
2020,21,3,1,7,13982,00-0027944,Julio Jones,WR,ATL,False,0
2020,22,3,2,8,3919596,00-0033594,Chris Carson,RB,SEA,False,0
2020,23,3,3,9,3040151,00-0033288,George Kittle,TE,SF,False,0
2020,24,3,4,4,16737,00-0031408,Mike Evans,WR,TB,False,0
2020,25,3,5,3,3116165,00-0033921,Chris Godwin,WR,TB,False,0
2020,26,3,6,1,3120348,00-0033857,JuJu Smith-Schuster,WR,PIT,False,0
2020,27,3,7,5,16460,00-0030035,Adam Thielen,WR,MIN,False,0
2020,28,3,8,2,15825,00-0030496,Le'Veon Bell,RB,KC,False,0
2020,29,3,9,6,2974858,00-0033932,Kenny Golladay,WR,DET,False,0
2020,30,3,10,10,3915416,00-0034827,DJ Moore,WR,CAR,False,0
2020,31,4,1,10,3045147,00-0033553,James Conner,RB,PIT,False,0
2020,32,4,2,6,16799,00-0031428,Allen Robinson II,WR,CHI,False,0
2020,33,4,3,2,2976499,00-0031544,Amari Cooper,WR,DAL,False,0
2020,34,4,4,5,2508176,00-0032187,David Johnson,RB,HOU,False,0
2020,35,4,5,1,16733,00-0031235,Odell Beckham Jr.,WR,CLE,False,0
2020,36,4,6,3,3925357,00-0034837,Calvin Ridley,WR,ATL,False,0
2020,37,4,7,4,3139477,00-0033873,Patrick Mahomes,QB,KC,False,0
2020,38,4,8,9,3916387,00-0034796,Lamar Jackson,QB,BAL,False,0
2020,39,4,9,8,3122840,00-0033537,Deshaun Watson,QB,HOU,False,0
2020,40,4,10,7,2577327,00-0032211,Tyler Lockett,WR,SEA,False,0
2020,41,5,1,7,15880,00-0030431,Robert Woods,WR,LA,False,0
2020,42,5,2,8,3128429,00-0034348,Courtland Sutton,WR,DEN,False,0
2020,43,5,3,9,15818,00-0030279,Keenan Allen,WR,LAC,False,0
2020,44,5,4,4,4047646,00-0035676,A.J. Brown,WR,TEN,False,0
2020,45,5,5,3,15835,00-0030061,Zach Ertz,TE,PHI,False,0
2020,46,5,6,1,14924,00-0029608,T.Y. Hilton,WR,IND,False,0
2020,47,5,7,5,3116365,00-0034753,Mark Andrews,TE,BAL,False,0
2020,48,5,8,2,2577417,00-0033077,Dak Prescott,QB,DAL,False,0
2020,49,5,9,6,2977187,00-0033908,Cooper Kupp,WR,LA,False,0
2020,50,5,10,10,2576434,00-0032144,Melvin Gordon III,RB,DEN,False,0
2020,51,6,1,10,4242335,00-0036223,Jonathan Taylor,RB,IND,False,0
2020,52,6,2,6,4240021,00-0036414,Cam Akers,RB,LA,False,0
2020,53,6,3,2,4040761,00-0035250,Devin Singletary,RB,BUF,False,0
2020,54,6,4,5,3121422,00-0035659,Terry McLaurin,WR,WAS,False,0
2020,55,6,5,1,3115394,00-0034777,DJ Chark Jr.,WR,JAX,False,0
2020,56,6,6,3,14881,00-0029263,Russell Wilson,QB,SEA,False,0
2020,57,6,7,4,3059915,00-0033923,Kareem Hunt,RB,CLE,False,0
2020,58,6,8,9,16790,00-0031382,Jarvis Landry,WR,CLE,False,0
2020,59,6,9,8,2576925,00-0031610,Darren Waller,TE,LV,False,0
2020,60,6,10,7,2576414,00-0031687,Raheem Mostert,RB,SF,False,0
2020,61,7,1,7,4047650,00-0035640,DK Metcalf,WR,SEA,False,0
2020,62,7,2,8,4036348,00-0034764,Michael Gallup,WR,DAL,False,0
2020,63,7,3,9,2976212,00-0031588,Stefon Diggs,WR,BUF,False,0
2020,64,7,4,4,4259545,00-0036275,D'Andre Swift,RB,DET,False,0
2020,65,7,5,3,13983,00-0027942,A.J. Green,WR,CIN,False,0
2020,66,7,6,1,13981,00-0027966,Mark Ingram II,RB,FA,False,0
2020,67,7,7,5,3917315,00-0035228,Kyler Murray,QB,ARI,False,0
2020,68,7,8,2,4360294,00-0036328,Antonio Gibson,RB,WAS,False,0
2020,69,7,9,6,4035538,00-0035685,David Montgomery,RB,CHI,False,0
2020,70,7,10,10,2576623,00-0031547,DeVante Parker,WR,MIA,False,0
2020,71,8,1,10,3051876,00-0033881,Evan Engram,TE,NYG,False,0
2020,72,8,2,6,3045144,00-0033009,Tyler Boyd,WR,CIN,False,0
2020,73,8,3,2,3912550,00-0034816,Ronald Jones II,RB,TB,False,0
2020,74,8,4,5,3055899,00-0033303,Harrison Butker,K,KC,False,0
2020,75,8,5,1,12649,00-0027150,Julian Edelman,WR,NE,False,0
2020,76,8,6,3,2573401,00-0033110,Tyler Higbee,TE,LA,False,0
2020,77,8,7,4,3052876,00-0033127,Will Fuller V,WR,HOU,False,0
2020,78,8,8,9,3115364,00-0033856,Leonard Fournette,RB,TB,False,0
2020,79,8,9,8,4241372,00-0035662,Marquise Brown,WR,BAL,False,0
2020,80,8,10,7,3126486,00-0035719,Deebo Samuel,WR,SF,False,0
2020,81,9,1,7,3918298,00-0034857,Josh Allen,QB,BUF,False,0
2020,82,9,2,8,15072,00-0029293,Marvin Jones Jr.,WR,DET,False,0
2020,83,9,3,9,16913,00-0031062,James White,RB,NE,False,0
2020,84,9,4,4,3066158,00-0033556,Tarik Cohen,RB,CHI,False,0
2020,85,9,5,3,3060022,00-0032780,Jordan Howard,RB,PHI,False,0
2020,86,9,6,1,12537,00-0027061,Jared Cook,TE,FA,False,0
2020,87,9,7,5,4241985,00-0036158,J.K. Dobbins,RB,BAL,False,0
2020,88,9,8,2,13229,00-0027656,Rob Gronkowski,TE,TB,False,0
2020,89,9,9,6,3916925,00-0034349,Kerryon Johnson,RB,DET,False,0
2020,90,9,10,10,2976592,00-0032385,Sterling Shepard,WR,NYG,False,0
2020,91,10,1,10,2580,00-0020531,Drew Brees,QB,NO,False,0
2020,92,10,2,6,16731,00-0031236,Brandin Cooks,WR,HOU,False,0
2020,93,10,3,2,3932905,00-0035216,Diontae Johnson,WR,PIT,False,0
2020,94,10,4,5,2576716,00-0031941,Jamison Crowder,WR,NYJ,False,0
2020,95,10,5,1,4241475,00-0036357,Henry Ruggs III,WR,LV,False,0
2020,96,10,6,3,3895856,00-0034775,Christian Kirk,WR,ARI,False,0
2020,97,10,7,4,3052117,00-0034109,Phillip Lindsay,RB,DEN,False,0
2020,98,10,8,9,3046439,00-0033090,Hunter Henry,TE,LAC,False,0
2020,99,10,9,8,4036131,00-0035644,Noah Fant,TE,DEN,False,0
2020,100,10,10,7,3043275,00-0032392,Austin Hooper,TE,CLE,False,0
2020,101,11,1,7,-16023,,PIT D/ST,D/ST,PIT,False,0
2020,102,11,2,8,-16017,,NE D/ST,D/ST,NE,False,0
2020,103,11,3,9,15683,00-0029597,Justin Tucker,K,BAL,False,0
2020,104,11,4,4,3049916,00-0033308,Matt Breida,RB,MIA,False,0
2020,105,11,5,3,3924365,00-0034830,Hayden Hurst,TE,ATL,False,0
2020,106,11,6,1,-16002,,BUF D/ST,D/ST,BUF,False,0
2020,107,11,7,5,-16025,,SF D/ST,D/ST,SF,False,0
2020,108,11,8,2,-16033,,BAL D/ST,D/ST,BAL,False,0
2020,109,11,9,6,4035676,00-0036251,Zack Moss,RB,BUF,False,0
2020,110,11,10,10,-16027,,TB D/ST,D/ST,TB,False,0
2020,111,12,1,10,16504,00-0030181,Jack Doyle,TE,IND,False,0
2020,112,12,2,6,4039359,00-0035664,Darrell Henderson Jr.,RB,LA,False,0
2020,113,12,3,2,2985659,00-0032569,Wil Lutz,K,NO,False,0
2020,114,12,4,5,3139605,00-0033951,Marlon Mack,RB,IND,False,0
2020,115,12,5,1,2573079,00-0032950,Carson Wentz,QB,IND,False,0
2020,116,12,6,3,3916148,00-0035261,Tony Pollard,RB,DAL,False,0
2020,117,12,7,4,3915399,00-0035350,Preston Williams,WR,MIA,False,0
2020,118,12,8,9,16804,00-0031051,John Brown,WR,BUF,False,0
2020,119,12,9,8,15920,00-0030513,Latavius Murray,RB,NO,False,0
2020,120,12,10,7,11237,00-0026143,Matt Ryan,QB,ATL,False,0
2020,121,13,1,7,9354,00-0023252,Robbie Gould,K,SF,False,0
2020,122,13,2,8,11122,00-0023853,Matt Prater,K,DET,False,0
2020,123,13,3,9,4241463,00-0036407,Jerry Jeudy,WR,DEN,False,0
2020,124,13,4,4,13217,00-0027891,Golden Tate,WR,FA,False,0
2020,125,13,5,3,8439,00-0023459,Aaron Rodgers,QB,GB,False,0
2020,126,13,6,1,4035004,00-0035140,Mecole Hardman,WR,KC,False,0
2020,127,13,7,5,3916945,00-0035535,Darius Slayton,WR,NYG,False,0
2020,128,13,8,2,13295,00-0027685,Emmanuel Sanders,WR,NO,False,0
2020,129,13,9,6,4036133,00-0035229,T.J. Hockenson,TE,DET,False,0
2020,130,13,10,10,14993,00-0029621,Greg Zuerlein,K,DAL,False,0
2020,131,14,1,10,13994,00-0027939,Cam Newton,QB,NE,False,0
2020,132,14,2,6,2330,00-0019596,Tom Brady,QB,TB,False,0
2020,133,14,3,2,3116164,00-0034829,Mike Gesicki,TE,MIA,False,0
2020,134,14,4,5,11283,00-0026189,DeSean Jackson,WR,FA,False,0
2020,135,14,5,1,4241389,00-0036358,CeeDee Lamb,WR,DAL,False,0
2020,136,14,6,3,-16011,,IND D/ST,D/ST,IND,False,0
2020,137,14,7,4,2574808,00-0032688,Robby Anderson,WR,CAR,False,0
2020,138,14,8,9,2969962,00-0032257,Duke Johnson,RB,FA,False,0
2020,139,14,9,8,2979477,00-0032058,Tevin Coleman,RB,SF,False,0
2020,140,14,10,7,16732,00-0031387,Eric Ebron,TE,PIT,False,0
2020,141,15,1,7,5528,00-0022921,Larry Fitzgerald,WR,ARI,False,0
2020,142,15,2,8,4048244,00-0034972,Alexander Mattison,RB,MIN,False,0
2020,143,15,3,9,-16016,,MIN D/ST,D/ST,MIN,False,0
2020,144,15,4,4,-16003,,CHI D/ST,D/ST,CHI,False,0
2020,145,15,5,3,2972460,00-0032054,Breshad Perriman,WR,NYJ,False,0
2020,146,15,6,1,15966,00-0030404,Chris Thompson,RB,JAX,False,0
2020,147,15,7,5,3045138,00-0033536,Mike Williams,WR,LAC,False,0
2020,148,15,8,2,12483,00-0026498,Matthew Stafford,QB,LA,False,0
2020,149,15,9,6,-16007,,DEN D/ST,D/ST,DEN,False,0
2020,150,15,10,10,-16006,,DAL D/ST,D/ST,DAL,False,0
2020,151,16,1,10,4047839,00-0035624,N'Keal Harry,WR,NE,False,0
2020,152,16,2,6,17372,00-0031136,Chris Boswell,K,PIT,False,0
2020,153,16,3,2,3121410,00-0035639,Parris Campbell,WR,IND,False,0
2020,154,16,4,5,3121427,00-0033282,Curtis Samuel,WR,CAR,False,0
2020,155,16,5,1,3043234,00-0033862,Zane Gonzalez,K,FA,False,0
2020,156,16,6,3,3915165,00-0035849,Rodrigo Blankenship,K,IND,False,0
2020,157,16,7,4,3050478,00-0033787,Jake Elliott,K,PHI,False,0
2020,158,16,8,9,3917792,00-0035710,Daniel Jones,QB,NYG,False,0
2020,159,16,9,8,3050487,00-0034353,Anthony Miller,WR,CHI,False,0
2020,160,16,10,7,4262921,00-0036322,Justin Jefferson,WR,MIN,False,0
2021,1,1,1,10,3117251,00-0033280,Christian McCaffrey,RB,CAR,False,0
2021,2,1,2,4,3043078,00-0032764,Derrick Henry,RB,TEN,False,0
2021,3,1,3,1,3116593,00-0033893,Dalvin Cook,RB,MIN,False,0
2021,4,1,4,2,16800,00-0031381,Davante Adams,WR,GB,False,0
2021,5,1,5,6,3051392,00-0033045,Ezekiel Elliott,RB,DAL,False,0
2021,6,1,6,7,3054850,00-0033906,Alvin Kamara,RB,NO,False,0
2021,7,1,7,3,3929630,00-0034844,Saquon Barkley,RB,NYG,False,0
2021,8,1,8,9,3042519,00-0033293,Aaron Jones,RB,GB,False,0
2021,9,1,9,8,15847,00-0030506,Travis Kelce,TE,KC,False,0
2021,10,1,10,5,3128720,00-0034791,Nick Chubb,RB,CLE,False,0
2021,11,2,1,5,3116406,00-0033040,Tyreek Hill,WR,KC,False,0
2021,12,2,2,8,4242335,00-0036223,Jonathan Taylor,RB,IND,False,0
2021,13,2,3,9,3068267,00-0033699,Austin Ekeler,RB,LAC,False,0
2021,14,2,4,3,4241457,00-0036893,Najee Harris,RB,PIT,False,0
2021,15,2,5,7,4047650,00-0035640,DK Metcalf,WR,SEA,False,0
2021,16,2,6,6,3925357,00-0034837,Calvin Ridley,WR,ATL,False,0
2021,17,2,7,2,2976212,00-0031588,Stefon Diggs,WR,BUF,False,0
2021,18,2,8,1,15795,00-0030564,DeAndre Hopkins,WR,ARI,False,0
2021,19,2,9,4,16737,00-0031408,Mike Evans,WR,TB,False,0
2021,20,2,10,10,4360294,00-0036328,Antonio Gibson,RB,WAS,False,0
2021,21,3,1,10,4262921,00-0036322,Justin Jefferson,WR,MIN,False,0
2021,22,3,2,4,3116385,00-0033897,Joe Mixon,RB,CIN,False,0
2021,23,3,3,1,3919596,00-0033594,Chris Carson,RB,SEA,False,0
2021,24,3,4,2,4052042,00-0035831,James Robinson,RB,JAX,False,0
2021,25,3,5,6,3121422,00-0035659,Terry McLaurin,WR,WAS,False,0
2021,26,3,6,7,4045163,00-0035243,Miles Sanders,RB,PHI,False,0
2021,27,3,7,3,4047646,00-0035676,A.J. Brown,WR,TEN,False,0
2021,28,3,8,9,4035538,00-0035685,David Montgomery,RB,CHI,False,0
2021,29,3,9,8,4242214,00-0036360,Clyde Edwards-Helaire,RB,KC,False,0
2021,30,3,10,5,4047365,00-0035700,Josh Jacobs,RB,LV,False,0
2021,31,4,1,5,15818,00-0030279,Keenan Allen,WR,LAC,False,0
2021,32,4,2,8,2576925,00-0031610,Darren Waller,TE,LV,False,0
2021,33,4,3,9,16799,00-0031428,Allen Robinson II,WR,CHI,False,0
2021,34,4,4,3,15880,00-0030431,Robert Woods,WR,LA,False,0
2021,35,4,5,7,2577327,00-0032211,Tyler Lockett,WR,SEA,False,0
2021,36,4,6,6,4241985,00-0036158,J.K. Dobbins,RB,BAL,False,0
2021,37,4,7,2,4259545,00-0036275,D'Andre Swift,RB,DET,False,0
2021,38,4,8,1,2977187,00-0033908,Cooper Kupp,WR,LA,False,0
2021,39,4,9,4,16460,00-0030035,Adam Thielen,WR,MIN,False,0
2021,40,4,10,10,3040151,00-0033288,George Kittle,TE,SF,False,0
2021,41,5,1,10,2976499,00-0031544,Amari Cooper,WR,DAL,False,0
2021,42,5,2,4,3139477,00-0033873,Patrick Mahomes,QB,KC,False,0
2021,43,5,3,1,3119195,00-0034681,Chase Edmonds,RB,ARI,False,0
2021,44,5,4,2,13982,00-0027944,Julio Jones,WR,TEN,False,0
2021,45,5,5,6,3918298,00-0034857,Josh Allen,QB,BUF,False,0
2021,46,5,6,7,4360438,00-0036261,Brandon Aiyuk,WR,SF,False,0
2021,47,5,7,3,3116365,00-0034753,Mark Andrews,TE,BAL,False,0
2021,48,5,8,9,4360248,00-0036970,Kyle Pitts,TE,ATL,False,0
2021,49,5,9,8,3116165,00-0033921,Chris Godwin,WR,TB,False,0
2021,50,5,10,5,3917315,00-0035228,Kyler Murray,QB,ARI,False,0
2021,51,6,1,5,3120348,00-0033857,JuJu Smith-Schuster,WR,PIT,False,0
2021,52,6,2,8,3932905,00-0035216,Diontae Johnson,WR,PIT,False,0
2021,53,6,3,9,4241389,00-0036358,CeeDee Lamb,WR,DAL,False,0
2021,54,6,4,3,2974858,00-0033932,Kenny Golladay,WR,NYG,False,0
2021,55,6,5,7,16733,00-0031235,Odell Beckham Jr.,WR,LA,False,0
2021,56,6,6,6,3915416,00-0034827,DJ Moore,WR,CAR,False,0
2021,57,6,7,2,2577417,00-0033077,Dak Prescott,QB,DAL,False,0
2021,58,6,8,1,3025433,00-0032063,Mike Davis,RB,ATL,False,0
2021,59,6,9,4,3886818,00-0035311,Myles Gaskin,RB,MIA,False,0
2021,60,6,10,10,4239993,00-0036410,Tee Higgins,WR,CIN,False,0
2021,61,7,1,10,3916387,00-0034796,Lamar Jackson,QB,BAL,False,0
2021,62,7,2,4,4241463,00-0036407,Jerry Jeudy,WR,DEN,False,0
2021,63,7,3,1,4361579,00-0036997,Javonte Williams,RB,DEN,False,0
2021,64,7,4,2,16813,00-0031260,Logan Thomas,TE,WAS,False,0
2021,65,7,5,6,3059915,00-0033923,Kareem Hunt,RB,CLE,False,0
2021,66,7,6,7,3925347,00-0035657,Damien Harris,RB,NE,False,0
2021,67,7,7,3,4039359,00-0035664,Darrell Henderson Jr.,RB,LA,False,0
2021,68,7,8,9,4046692,00-0036326,Chase Claypool,WR,PIT,False,0
2021,69,7,9,8,2574808,00-0032688,Robby Anderson,WR,CAR,False,0
2021,70,7,10,5,3128721,00-0034845,Sony Michel,RB,LA,False,0
2021,71,8,1,5,2976316,00-0032765,Michael Thomas,WR,NO,False,0
2021,72,8,2,8,3128429,00-0034348,Courtland Sutton,WR,DEN,False,0
2021,73,8,3,9,8439,00-0023459,Aaron Rodgers,QB,GB,False,0
2021,74,8,4,3,4036133,00-0035229,T.J. Hockenson,TE,DET,False,0
2021,75,8,5,7,14881,00-0029263,Russell Wilson,QB,SEA,False,0
2021,76,8,6,6,4036131,00-0035644,Noah Fant,TE,DEN,False,0
2021,77,8,7,2,2576414,00-0031687,Raheem Mostert,RB,SF,False,0
2021,78,8,8,1,4038941,00-0036355,Justin Herbert,QB,LAC,False,0
2021,79,8,9,4,3121023,00-0034351,Dallas Goedert,TE,PHI,False,0
2021,80,8,10,10,2576434,00-0032144,Melvin Gordon III,RB,DEN,False,0
2021,81,9,1,10,16731,00-0031236,Brandin Cooks,WR,HOU,False,0
2021,82,9,2,4,4362628,00-0036900,Ja'Marr Chase,WR,CIN,False,0
2021,83,9,3,1,2975674,00-0033757,Robert Tonyan,TE,GB,False,0
2021,84,9,4,2,16790,00-0031382,Jarvis Landry,WR,CLE,False,0
2021,85,9,5,6,3045144,00-0033009,Tyler Boyd,WR,CIN,False,0
2021,86,9,6,7,3126486,00-0035719,Deebo Samuel,WR,SF,False,0
2021,87,9,7,3,4036348,00-0034764,Michael Gallup,WR,DAL,False,0
2021,88,9,8,9,4241478,00-0036912,DeVonta Smith,WR,PHI,False,0
2021,89,9,9,8,3052876,00-0033127,William Fuller V,WR,MIA,False,0
2021,90,9,10,5,2979843,00-0033118,Kenyan Drake,RB,LV,False,0
2021,91,10,1,5,-16027,,TB D/ST,D/ST,TB,False,0
2021,92,10,2,8,4243160,00-0036268,Laviska Shenault Jr.,WR,JAX,False,0
2021,93,10,3,9,-16023,,PIT D/ST,D/ST,PIT,False,0
2021,94,10,4,3,2330,00-0019596,Tom Brady,QB,TB,False,0
2021,95,10,5,7,3115394,00-0034777,DJ Chark Jr.,WR,JAX,False,0
2021,96,10,6,6,4040715,00-0036389,Jalen Hurts,QB,PHI,False,0
2021,97,10,7,2,3116164,00-0034829,Mike Gesicki,TE,MIA,False,0
2021,98,10,8,1,3042778,00-0033871,Corey Davis,WR,NYJ,False,0
2021,99,10,9,4,3115364,00-0033856,Leonard Fournette,RB,TB,False,0
2021,100,10,10,10,3912550,00-0034816,Ronald Jones II,RB,TB,False,0
2021,101,11,1,10,3045138,00-0033536,Mike Williams,WR,LAC,False,0
2021,102,11,2,4,4035676,00-0036251,Zack Moss,RB,BUF,False,0
2021,103,11,3,1,-16033,,BAL D/ST,D/ST,BAL,False,0
2021,104,11,4,2,-16011,,IND D/ST,D/ST,IND,False,0
2021,105,11,5,6,4241475,00-0036357,Henry Ruggs III,WR,FA,False,0
2021,106,11,6,7,3054212,00-0033858,Jonnu Smith,TE,NE,False,0
2021,107,11,7,3,3915511,00-0036442,Joe Burrow,QB,CIN,False,0
2021,108,11,8,9,4239934,00-0036265,AJ Dillon,RB,GB,False,0
2021,109,11,9,8,15072,00-0029293,Marvin Jones Jr.,WR,JAX,False,0
2021,110,11,10,5,2573401,00-0033110,Tyler Higbee,TE,LA,False,0
2021,111,12,1,5,3045147,00-0033553,James Conner,RB,ARI,False,0
2021,112,12,2,8,4241372,00-0035662,Marquise Brown,WR,BAL,False,0
2021,113,12,3,9,3121427,00-0033282,Curtis Samuel,WR,WAS,False,0
2021,114,12,4,3,4241401,00-0036984,Trey Sermon,RB,SF,False,0
2021,115,12,5,7,3055899,00-0033303,Harrison Butker,K,KC,False,0
2021,116,12,6,6,-16028,,WAS D/ST,D/ST,WAS,False,0
2021,117,12,7,2,15683,00-0029597,Justin Tucker,K,BAL,False,0
2021,118,12,8,1,15349,00-0029000,Cole Beasley,WR,BUF,False,0
2021,119,12,9,4,3043275,00-0032392,Austin Hooper,TE,CLE,False,0
2021,120,12,10,10,12483,00-0026498,Matthew Stafford,QB,LA,False,0
2021,121,13,1,10,-16002,,BUF D/ST,D/ST,BUF,False,0
2021,122,13,2,4,-16025,,SF D/ST,D/ST,SF,False,0
2021,123,13,3,1,2473037,00-0031492,Jason Myers,K,SEA,False,0
2021,124,13,4,2,14876,00-0029701,Ryan Tannehill,QB,TEN,False,0
2021,125,13,5,6,16339,00-0029822,Brandon McManus,K,DEN,False,0
2021,126,13,6,7,4035687,00-0036252,Michael Pittman Jr.,WR,IND,False,0
2021,127,13,7,3,4372016,00-0036613,Jaylen Waddle,WR,MIA,False,0
2021,128,13,8,9,4040761,00-0035250,Devin Singletary,RB,BUF,False,0
2021,129,13,9,8,3052587,00-0034855,Baker Mayfield,QB,CLE,False,0
2021,130,13,10,5,13934,00-0027793,Antonio Brown,WR,FA,False,0
2021,131,14,1,5,4240657,00-0036924,Michael Carter,RB,NYJ,False,0
2021,132,14,2,8,3049899,00-0033702,Younghoe Koo,K,ATL,False,0
2021,133,14,3,9,2576623,00-0031547,DeVante Parker,WR,MIA,False,0
2021,134,14,4,3,3916433,00-0034960,Jakobi Meyers,WR,NE,False,0
2021,135,14,5,7,4040980,00-0034970,Irv Smith Jr.,TE,MIN,False,0
2021,136,14,6,6,4241802,00-0036387,Jalen Reagor,WR,PHI,False,0
2021,137,14,7,2,-16005,,CLE D/ST,D/ST,CLE,False,0
2021,138,14,8,1,4035170,00-0036219,Marquez Callaway,WR,NO,False,0
2021,139,14,9,4,4035004,00-0035140,Mecole Hardman,WR,KC,False,0
2021,140,14,10,10,3124679,00-0034794,Jason Sanders,K,MIA,False,0
2021,141,15,1,10,16732,00-0031387,Eric Ebron,TE,PIT,False,0
2021,142,15,2,4,4249087,00-0035269,Matt Gay,K,LA,False,0
2021,143,15,3,1,2980453,00-0033948,Jamaal Williams,RB,DET,False,0
2021,144,15,4,2,3916430,00-0034367,Nyheim Hines,RB,IND,False,0
2021,145,15,5,6,3051926,00-0034184,Gus Edwards,RB,BAL,False,0
2021,146,15,6,7,4362887,00-0036945,Justin Fields,QB,CHI,False,0
2021,147,15,7,3,-16014,,LA D/ST,D/ST,LA,False,0
2021,148,15,8,9,3051876,00-0033881,Evan Engram,TE,NYG,False,0
2021,149,15,9,8,3052117,00-0034109,Phillip Lindsay,RB,MIA,False,0
2021,150,15,10,5,11122,00-0023853,Matt Prater,K,ARI,False,0
2021,151,16,1,5,14053,00-0028002,Randall Cobb,WR,GB,False,0
2021,152,16,2,8,-16007,,DEN D/ST,D/ST,DEN,False,0
2021,153,16,3,9,3917232,00-0036162,Tyler Bass,K,BUF,False,0
2021,154,16,4,3,3150744,00-0035358,Chase McLaughlin,K,CLE,False,0
2021,155,16,5,7,-16015,,MIA D/ST,D/ST,MIA,False,0
2021,156,16,6,6,-16017,,NE D/ST,D/ST,NE,False,0
2021,157,16,7,2,2572861,00-0032602,J.D. McKissic,RB,WAS,False,0
2021,158,16,8,1,2971618,00-0031549,Nelson Agholor,WR,NE,False,0
2021,159,16,9,4,16913,00-0031062,James White,RB,NE,False,0
2021,160,16,10,10,2508176,00-0032187,David Johnson,RB,HOU,False,0
2022,1,1,1,3,4242335,00-0036223,Jonathan Taylor,RB,IND,False,0
2022,2,1,2,1,3117251,00-0033280,Christian McCaffrey,RB,SF,False,0
2022,3,1,3,8,3043078,00-0032764,Derrick Henry,RB,TEN,False,0
2022,4,1,4,6,2977187,00-0033908,Cooper Kupp,WR,LA,False,0
2022,5,1,5,10,3116593,00-0033893,Dalvin Cook,RB,MIN,False,0
2022,6,1,6,2,4262921,00-0036322,Justin Jefferson,WR,MIN,False,0
2022,7,1,7,7,3068267,00-0033699,Austin Ekeler,RB,LAC,False,0
2022,8,1,8,5,4362628,00-0036900,Ja'Marr Chase,WR,CIN,False,0
2022,9,1,9,4,4241457,00-0036893,Najee Harris,RB,PIT,False,0
2022,10,1,10,9,3054850,00-0033906,Alvin Kamara,RB,NO,False,0
2022,11,2,1,9,3116385,00-0033897,Joe Mixon,RB,CIN,False,0
2022,12,2,2,4,4259545,00-0036275,D'Andre Swift,RB,DET,False,0
2022,13,2,3,5,16800,00-0031381,Davante Adams,WR,LV,False,0
2022,14,2,4,7,3126486,00-0035719,Deebo Samuel,WR,SF,False,0
2022,15,2,5,2,3042519,00-0033293,Aaron Jones,RB,GB,False,0
2022,16,2,6,10,2976212,00-0031588,Stefon Diggs,WR,BUF,False,0
2022,17,2,7,6,3115364,00-0033856,Leonard Fournette,RB,FA,False,0
2022,18,2,8,8,4361579,00-0036997,Javonte Williams,RB,DEN,False,0
2022,19,2,9,1,3045147,00-0033553,James Conner,RB,ARI,False,0
2022,20,2,10,3,3929630,00-0034844,Saquon Barkley,RB,NYG,False,0
2022,21,3,1,3,4240021,00-0036414,Cam Akers,RB,LA,False,0
2022,22,3,2,1,4241389,00-0036358,CeeDee Lamb,WR,DAL,False,0
2022,23,3,3,8,3116406,00-0033040,Tyreek Hill,WR,MIA,False,0
2022,24,3,4,6,15847,00-0030506,Travis Kelce,TE,KC,False,0
2022,25,3,5,10,3128720,00-0034791,Nick Chubb,RB,CLE,False,0
2022,26,3,6,2,16737,00-0031408,Mike Evans,WR,TB,False,0
2022,27,3,7,7,3116365,00-0034753,Mark Andrews,TE,BAL,False,0
2022,28,3,8,5,3915416,00-0034827,DJ Moore,WR,CHI,False,0
2022,29,3,9,4,4239993,00-0036410,Tee Higgins,WR,CIN,False,0
2022,30,3,10,9,15818,00-0030279,Keenan Allen,WR,LAC,False,0
2022,31,4,1,9,4035538,00-0035685,David Montgomery,RB,DET,False,0
2022,32,4,2,4,4360248,00-0036970,Kyle Pitts,TE,ATL,False,0
2022,33,4,3,5,3051392,00-0033045,Ezekiel Elliott,RB,FA,False,0
2022,34,4,4,7,4035687,00-0036252,Michael Pittman Jr.,WR,IND,False,0
2022,35,4,5,2,4047365,00-0035700,Josh Jacobs,RB,LV,False,0
2022,36,4,6,10,3121422,00-0035659,Terry McLaurin,WR,WAS,False,0
2022,37,4,7,6,4047646,00-0035676,A.J. Brown,WR,PHI,False,0
2022,38,4,8,8,3918298,00-0034857,Josh Allen,QB,BUF,False,0
2022,39,4,9,1,4047650,00-0035640,DK Metcalf,WR,SEA,False,0
2022,40,4,10,3,3932905,00-0035216,Diontae Johnson,WR,PIT,False,0
2022,41,5,1,3,3045138,00-0033536,Mike Williams,WR,LAC,False,0
2022,42,5,2,1,4427366,00-0038120,Breece Hall,RB,NYJ,False,0
2022,43,5,3,8,4241372,00-0035662,Marquise Brown,WR,ARI,False,0
2022,44,5,4,6,4239996,00-0036973,Travis Etienne Jr.,RB,JAX,False,0
2022,45,5,5,10,4038941,00-0036355,Justin Herbert,QB,LAC,False,0
2022,46,5,6,2,4241463,00-0036407,Jerry Jeudy,WR,DEN,False,0
2022,47,5,7,7,3139477,00-0033873,Patrick Mahomes,QB,KC,False,0
2022,48,5,8,5,4241985,00-0036158,J.K. Dobbins,RB,BAL,False,0
2022,49,5,9,4,3116165,00-0033921,Chris Godwin,WR,TB,False,0
2022,50,5,10,9,3040151,00-0033288,George Kittle,TE,SF,False,0
2022,51,6,1,9,4241555,00-0036567,Elijah Mitchell,RB,SF,False,0
2022,52,6,2,4,16731,00-0031236,Brandin Cooks,WR,DAL,False,0
2022,53,6,3,5,4372016,00-0036613,Jaylen Waddle,WR,MIA,False,0
2022,54,6,4,7,4374302,00-0036963,Amon-Ra St. Brown,WR,DET,False,0
2022,55,6,5,2,2576925,00-0031610,Darren Waller,TE,NYG,False,0
2022,56,6,6,10,4036133,00-0035229,T.J. Hockenson,TE,MIN,False,0
2022,57,6,7,6,4040761,00-0035250,Devin Singletary,RB,HOU,False,0
2022,58,6,8,8,3117256,00-0034383,Dalton Schultz,TE,HOU,False,0
2022,59,6,9,1,4040655,00-0036309,Darnell Mooney,WR,CHI,False,0
2022,60,6,10,3,3121023,00-0034351,Dallas Goedert,TE,PHI,False,0
2022,61,7,1,3,4243537,00-0036196,Gabe Davis,WR,BUF,False,0
2022,62,7,2,1,3916387,00-0034796,Lamar Jackson,QB,BAL,False,0
2022,63,7,3,8,16799,00-0031428,Allen Robinson II,WR,LA,False,0
2022,64,7,4,6,4040715,00-0036389,Jalen Hurts,QB,PHI,False,0
2022,65,7,5,10,2976499,00-0031544,Amari Cooper,WR,CLE,False,0
2022,66,7,6,2,3128429,00-0034348,Courtland Sutton,WR,DEN,False,0
2022,67,7,7,7,4242214,00-0036360,Clyde Edwards-Helaire,RB,KC,False,0
2022,68,7,8,5,2976316,00-0032765,Michael Thomas,WR,NO,False,0
2022,69,7,9,4,4360238,00-0037258,Dameon Pierce,RB,HOU,False,0
2022,70,7,10,9,3120348,00-0033857,JuJu Smith-Schuster,WR,NE,False,0
2022,71,8,1,9,3135321,00-0034983,Hunter Renfrow,WR,LV,False,0
2022,72,8,2,4,4426502,00-0037238,Drake London,WR,ATL,False,0
2022,73,8,3,5,3059915,00-0033923,Kareem Hunt,RB,CLE,False,0
2022,74,8,4,7,3917315,00-0035228,Kyler Murray,QB,ARI,False,0
2022,75,8,5,2,4360294,00-0036328,Antonio Gibson,RB,WAS,False,0
2022,76,8,6,10,4045163,00-0035243,Miles Sanders,RB,CAR,False,0
2022,77,8,7,6,3895856,00-0034775,Christian Kirk,WR,JAX,False,0
2022,78,8,8,8,3925347,00-0035657,Damien Harris,RB,BUF,False,0
2022,79,8,9,1,4360939,00-0036550,Rashod Bateman,WR,BAL,False,0
2022,80,8,10,3,15807,00-0030578,Cordarrelle Patterson,RB,ATL,False,0
2022,81,9,1,3,4372414,00-0036980,Elijah Moore,WR,NYJ,False,0
2022,82,9,2,1,3128390,00-0034521,Allen Lazard,WR,NYJ,False,0
2022,83,9,3,8,4361370,00-0037239,Chris Olave,WR,NO,False,0
2022,84,9,4,6,2577327,00-0032211,Tyler Lockett,WR,SEA,False,0
2022,85,9,5,10,3916148,00-0035261,Tony Pollard,RB,DAL,False,0
2022,86,9,6,2,3915511,00-0036442,Joe Burrow,QB,CIN,False,0
2022,87,9,7,7,16460,00-0030035,Adam Thielen,WR,FA,False,0
2022,88,9,8,5,3119195,00-0034681,Chase Edmonds,RB,TB,False,0
2022,89,9,9,4,4239934,00-0036265,AJ Dillon,RB,GB,False,0
2022,90,9,10,9,4240600,00-0036913,Kadarius Toney,WR,KC,False,0
2022,91,10,1,9,15835,00-0030061,Zach Ertz,TE,ARI,False,0
2022,92,10,2,4,4241478,00-0036912,DeVonta Smith,WR,PHI,False,0
2022,93,10,3,5,15795,00-0030564,DeAndre Hopkins,WR,ARI,False,0
2022,94,10,4,7,4569173,00-0036875,Rhamondre Stevenson,RB,NE,False,0
2022,95,10,5,2,4360438,00-0036261,Brandon Aiyuk,WR,SF,False,0
2022,96,10,6,10,4046692,00-0036326,Chase Claypool,WR,CHI,False,0
2022,97,10,7,6,15880,00-0030431,Robert Woods,WR,FA,False,0
2022,98,10,8,8,4569618,00-0037740,Garrett Wilson,WR,NYJ,False,0
2022,99,10,9,1,3139925,00-0034750,Rashaad Penny,RB,PHI,False,0
2022,100,10,10,3,4052042,00-0035831,James Robinson,RB,NE,False,0
2022,101,11,1,3,3115378,00-0034411,Russell Gage,WR,TB,False,0
2022,102,11,2,1,3916433,00-0034960,Jakobi Meyers,WR,LV,False,0
2022,103,11,3,8,4258595,00-0036290,Cole Kmet,TE,CHI,False,0
2022,104,11,4,6,3045144,00-0033009,Tyler Boyd,WR,CIN,False,0
2022,105,11,5,10,3046439,00-0033090,Hunter Henry,TE,NE,False,0
2022,106,11,6,2,4361411,00-0036894,Pat Freiermuth,TE,PIT,False,0
2022,107,11,7,7,-16002,,BUF D/ST,D/ST,BUF,False,0
2022,108,11,8,5,2330,00-0019596,Tom Brady,QB,TB,False,0
2022,109,11,9,4,2576434,00-0032144,Melvin Gordon III,RB,FA,False,0
2022,110,11,10,9,14881,00-0029263,Russell Wilson,QB,DEN,False,0
2022,111,12,1,9,4379399,00-0037248,James Cook,RB,BUF,False,0
2022,112,12,2,4,8439,00-0023459,Aaron Rodgers,QB,GB,False,0
2022,113,12,3,5,4240657,00-0036924,Michael Carter,RB,NYJ,False,0
2022,114,12,4,7,2576414,00-0031687,Raheem Mostert,RB,MIA,False,0
2022,115,12,5,2,15683,00-0029597,Justin Tucker,K,BAL,False,0
2022,116,12,6,10,4360234,00-0036854,Evan McPherson,K,CIN,False,0
2022,117,12,7,6,4361409,00-0037741,Jahan Dotson,WR,WAS,False,0
2022,118,12,8,8,2572861,00-0032602,J.D. McKissic,RB,FA,False,0
2022,119,12,9,1,3930086,00-0035689,Dawson Knox,TE,BUF,False,0
2022,120,12,10,3,3116164,00-0034829,Mike Gesicki,TE,NE,False,0
2022,121,13,1,3,2577417,00-0033077,Dak Prescott,QB,DAL,False,0
2022,122,13,2,1,3051738,00-0034272,Marquez Valdes-Scantling,WR,KC,False,0
2022,123,13,3,8,4249087,00-0035269,Matt Gay,K,IND,False,0
2022,124,13,4,6,4036348,00-0034764,Michael Gallup,WR,DAL,False,0
2022,125,13,5,10,4567156,00-0037742,Treylon Burks,WR,TEN,False,0
2022,126,13,6,2,12483,00-0026498,Matthew Stafford,QB,LA,False,0
2022,127,13,7,7,3055899,00-0033303,Harrison Butker,K,KC,False,0
2022,128,13,8,5,4039359,00-0035664,Darrell Henderson Jr.,RB,FA,False,0
2022,129,13,9,4,4426354,00-0037247,George Pickens,WR,PIT,False,0
2022,130,13,10,9,4430191,00-0038090,Skyy Moore,WR,KC,False,0
2022,131,14,1,9,4383351,00-0037012,Trey Lance,QB,SF,False,0
2022,132,14,2,4,3916430,00-0034367,Nyheim Hines,RB,BUF,False,0
2022,133,14,3,5,3917232,00-0036162,Tyler Bass,K,BUF,False,0
2022,134,14,4,7,4567048,00-0038134,Kenneth Walker III,RB,SEA,False,0
2022,135,14,5,2,-16018,,NO D/ST,D/ST,NO,False,0
2022,136,14,6,10,2980453,00-0033948,Jamaal Williams,RB,NO,False,0
2022,137,14,7,6,3123076,00-0033885,David Njoku,TE,CLE,False,0
2022,138,14,8,8,-16027,,TB D/ST,D/ST,TB,False,0
2022,139,14,9,1,-16009,,GB D/ST,D/ST,GB,False,0
2022,140,14,10,3,16757,00-0031280,Derek Carr,QB,NO,False,0
2022,141,15,1,3,-16006,,DAL D/ST,D/ST,DAL,False,0
2022,142,15,2,1,13982,00-0027944,Julio Jones,WR,TB,False,0
2022,143,15,3,8,4241479,00-0036212,Tua Tagovailoa,QB,MIA,False,0
2022,144,15,4,6,3051909,00-0034161,Daniel Carlson,K,LV,False,0
2022,145,15,5,10,-16033,,BAL D/ST,D/ST,BAL,False,0
2022,146,15,6,2,3115394,00-0034777,DJ Chark,WR,DET,False,0
2022,147,15,7,7,-16011,,IND D/ST,D/ST,IND,False,0
2022,148,15,8,5,4040980,00-0034970,Irv Smith Jr.,TE,MIN,False,0
2022,149,15,9,4,16339,00-0029822,Brandon McManus,K,DEN,False,0
2022,150,15,10,9,-16005,,CLE D/ST,D/ST,CLE,False,0
2022,151,16,1,9,10621,00-0025565,Nick Folk,K,NE,False,0
2022,152,16,2,4,-16025,,SF D/ST,D/ST,SF,False,0
2022,153,16,3,5,-16024,,LAC D/ST,D/ST,LAC,False,0
2022,154,16,4,7,14880,00-0029604,Kirk Cousins,QB,MIN,False,0
2022,155,16,5,2,4360310,00-0036971,Trevor Lawrence,QB,JAX,False,0
2022,156,16,6,10,14876,00-0029701,Ryan Tannehill,QB,TEN,False,0
2022,157,16,7,6,-16015,,MIA D/ST,D/ST,MIA,False,0
2022,158,16,8,8,4242433,00-0036988,Joshua Palmer,WR,LAC,False,0
2022,159,16,9,1,11122,00-0023853,Matt Prater,K,ARI,False,0
2022,160,16,10,3,3975763,00-0034450,Greg Joseph,K,MIN,False,0
2023,1,1,1,7,4262921,00-0036322,Justin Jefferson,WR,MIN,False,0
2023,2,1,2,10,3117251,00-0033280,Christian McCaffrey,RB,SF,False,0
2023,3,1,3,5,3068267,00-0033699,Austin Ekeler,RB,WAS,False,0
2023,4,1,4,2,4362628,00-0036900,Ja'Marr Chase,WR,CIN,False,0
2023,5,1,5,3,3043078,00-0032764,Derrick Henry,RB,BAL,False,0
2023,6,1,6,6,15847,00-0030506,Travis Kelce,TE,KC,False,0
2023,7,1,7,8,2977187,00-0033908,Cooper Kupp,WR,LA,False,0
2023,8,1,8,1,3116406,00-0033040,Tyreek Hill,WR,MIA,False,0
2023,9,1,9,9,2976212,00-0031588,Stefon Diggs,WR,BUF,False,0
2023,10,1,10,4,4430807,00-0038542,Bijan Robinson,RB,ATL,False,0
2023,11,2,1,4,3916148,00-0035261,Tony Pollard,RB,TEN,False,0
2023,12,2,2,9,16800,00-0031381,Davante Adams,WR,LV,False,0
2023,13,2,3,1,3929630,00-0034844,Saquon Barkley,RB,PHI,False,0
2023,14,2,4,8,4569618,00-0037740,Garrett Wilson,WR,NYJ,False,0
2023,15,2,5,6,4241389,00-0036358,CeeDee Lamb,WR,DAL,False,0
2023,16,2,6,3,4374302,00-0036963,Amon-Ra St. Brown,WR,DET,False,0
2023,17,2,7,2,4047365,00-0035700,Josh Jacobs,RB,GB,False,0
2023,18,2,8,5,3128720,00-0034791,Nick Chubb,RB,CLE,False,0
2023,19,2,9,10,4047646,00-0035676,A.J. Brown,WR,PHI,False,0
2023,20,2,10,7,4242335,00-0036223,Jonathan Taylor,RB,IND,False,0
2023,21,3,1,7,3139477,00-0033873,Patrick Mahomes,QB,KC,False,0
2023,22,3,2,10,4047650,00-0035640,DK Metcalf,WR,SEA,False,0
2023,23,3,3,5,4372016,00-0036613,Jaylen Waddle,WR,MIA,False,0
2023,24,3,4,2,3918298,00-0034857,Josh Allen,QB,BUF,False,0
2023,25,3,5,3,4239993,00-0036410,Tee Higgins,WR,CIN,False,0
2023,26,3,6,6,4040715,00-0036389,Jalen Hurts,QB,PHI,False,0
2023,27,3,7,8,4241478,00-0036912,DeVonta Smith,WR,PHI,False,0
2023,28,3,8,1,3116385,00-0033897,Joe Mixon,RB,HOU,False,0
2023,29,3,9,9,4239996,00-0036973,Travis Etienne Jr.,RB,JAX,False,0
2023,30,3,10,4,4361370,00-0037239,Chris Olave,WR,NO,False,0
2023,31,4,1,4,3916387,00-0034796,Lamar Jackson,QB,BAL,False,0
2023,32,4,2,9,4360238,00-0037258,Dameon Pierce,RB,HOU,False,0
2023,33,4,3,1,3126486,00-0035719,Deebo Samuel,WR,SF,False,0
2023,34,4,4,8,4241457,00-0036893,Najee Harris,RB,PIT,False,0
2023,35,4,5,6,3042519,00-0033293,Aaron Jones,RB,MIN,False,0
2023,36,4,6,3,4569173,00-0036875,Rhamondre Stevenson,RB,NE,False,0
2023,37,4,7,2,2976499,00-0031544,Amari Cooper,WR,CLE,False,0
2023,38,4,8,5,3116365,00-0034753,Mark Andrews,TE,BAL,False,0
2023,39,4,9,10,3054850,00-0033906,Alvin Kamara,RB,NO,False,0
2023,40,4,10,7,4241463,00-0036407,Jerry Jeudy,WR,CLE,False,0
2023,41,5,1,7,4429795,00-0039139,Jahmyr Gibbs,RB,DET,False,0
2023,42,5,2,10,15818,00-0030279,Keenan Allen,WR,CHI,False,0
2023,43,5,3,5,3925357,00-0034837,Calvin Ridley,WR,TEN,False,0
2023,44,5,4,2,15795,00-0030564,DeAndre Hopkins,WR,TEN,False,0
2023,45,5,5,3,3045147,00-0033553,James Conner,RB,ARI,False,0
2023,46,5,6,6,4248528,00-0038124,Christian Watson,WR,GB,False,0
2023,47,5,7,8,4036133,00-0035229,T.J. Hockenson,TE,MIN,False,0
2023,48,5,8,1,3915511,00-0036442,Joe Burrow,QB,CIN,False,0
2023,49,5,9,9,3116165,00-0033921,Chris Godwin,WR,TB,False,0
2023,50,5,10,4,3915416,00-0034827,DJ Moore,WR,CHI,False,0
2023,51,6,1,4,3895856,00-0034775,Christian Kirk,WR,JAX,False,0
2023,52,6,2,9,4045163,00-0035243,Miles Sanders,RB,CAR,False,0
2023,53,6,3,1,4697815,00-0037256,Rachaad White,RB,TB,False,0
2023,54,6,4,8,4362887,00-0036945,Justin Fields,QB,PIT,False,0
2023,55,6,5,6,3121422,00-0035659,Terry McLaurin,WR,WAS,False,0
2023,56,6,6,3,2576925,00-0031610,Darren Waller,TE,NYG,False,0
2023,57,6,7,2,4048244,00-0034972,Alexander Mattison,RB,LV,False,0
2023,58,6,8,5,4567048,00-0038134,Kenneth Walker III,RB,SEA,False,0
2023,59,6,9,10,4427366,00-0038120,Breece Hall,RB,NYJ,False,0
2023,60,6,10,7,4360248,00-0036970,Kyle Pitts,TE,ATL,False,0
2023,61,7,1,7,4240021,00-0036414,Cam Akers,RB,MIN,False,0
2023,62,7,2,10,3040151,00-0033288,George Kittle,TE,SF,False,0
2023,63,7,3,5,4038941,00-0036355,Justin Herbert,QB,LAC,False,0
2023,64,7,4,2,3045138,00-0033536,Mike Williams,WR,NYJ,False,0
2023,65,7,5,3,16737,00-0031408,Mike Evans,WR,TB,False,0
2023,66,7,6,6,4361529,00-0037197,Isiah Pacheco,RB,KC,False,0
2023,67,7,7,8,4379399,00-0037248,James Cook,RB,BUF,False,0
2023,68,7,8,1,3932905,00-0035216,Diontae Johnson,WR,CAR,False,0
2023,69,7,9,9,3121023,00-0034351,Dallas Goedert,TE,PHI,False,0
2023,70,7,10,4,4426354,00-0037247,George Pickens,WR,PIT,False,0
2023,71,8,1,4,4360438,00-0036261,Brandon Aiyuk,WR,SF,False,0
2023,72,8,2,9,4035687,00-0036252,Michael Pittman Jr.,WR,IND,False,0
2023,73,8,3,1,2577327,00-0032211,Tyler Lockett,WR,SEA,False,0
2023,74,8,4,8,4430878,00-0038543,Jaxon Smith-Njigba,WR,SEA,False,0
2023,75,8,5,6,4241372,00-0035662,Marquise Brown,WR,KC,False,0
2023,76,8,6,3,3122840,00-0033537,Deshaun Watson,QB,CLE,False,0
2023,77,8,7,2,4360310,00-0036971,Trevor Lawrence,QB,JAX,False,0
2023,78,8,8,5,4426502,00-0037238,Drake London,WR,ATL,False,0
2023,79,8,9,10,2976316,00-0032765,Michael Thomas,WR,NO,False,0
2023,80,8,10,7,4241985,00-0036158,J.K. Dobbins,RB,BAL,False,0
2023,81,9,1,7,4259545,00-0036275,D'Andre Swift,RB,CHI,False,0
2023,82,9,2,10,2577417,00-0033077,Dak Prescott,QB,DAL,False,0
2023,83,9,3,5,4035538,00-0035685,David Montgomery,RB,DET,False,0
2023,84,9,4,2,4361411,00-0036894,Pat Freiermuth,TE,PIT,False,0
2023,85,9,5,3,4035886,00-0036906,Khalil Herbert,RB,CHI,False,0
2023,86,9,6,6,3120348,00-0033857,JuJu Smith-Schuster,WR,NE,False,0
2023,87,9,7,8,16731,00-0031236,Brandin Cooks,WR,DAL,False,0
2023,88,9,8,1,4361579,00-0036997,Javonte Williams,RB,DEN,False,0
2023,89,9,9,9,4429205,00-0038994,Jordan Addison,WR,MIN,False,0
2023,90,9,10,4,3123076,00-0033885,David Njoku,TE,CLE,False,0
2023,91,10,1,4,4430191,00-0038090,Skyy Moore,WR,KC,False,0
2023,92,10,2,9,3116593,00-0033893,Dalvin Cook,RB,BAL,False,0
2023,93,10,3,1,3051876,00-0033881,Evan Engram,TE,JAX,False,0
2023,94,10,4,8,4567156,00-0037742,Treylon Burks,WR,TEN,False,0
2023,95,10,5,6,3115394,00-0034777,DJ Chark Jr.,WR,CAR,False,0
2023,96,10,6,3,4361409,00-0037741,Jahan Dotson,WR,WAS,False,0
2023,97,10,7,2,4241474,00-0037746,Brian Robinson Jr.,RB,WAS,False,0
2023,98,10,8,5,4360294,00-0036328,Antonio Gibson,RB,NE,False,0
2023,99,10,9,10,3128429,00-0034348,Courtland Sutton,WR,DEN,False,0
2023,100,10,10,7,14880,00-0029604,Kirk Cousins,QB,ATL,False,0
2023,101,11,1,7,3917792,00-0035710,Daniel Jones,QB,NYG,False,0
2023,102,11,2,10,3916433,00-0034960,Jakobi Meyers,WR,LV,False,0
2023,103,11,3,5,4243537,00-0036196,Gabe Davis,WR,JAX,False,0
2023,104,11,4,2,-16025,,SF D/ST,D/ST,SF,False,0
2023,105,11,5,3,4239934,00-0036265,AJ Dillon,RB,GB,False,0
2023,106,11,6,6,4372485,00-0036936,Rondale Moore,WR,ATL,False,0
2023,107,11,7,8,2980453,00-0033948,Jamaal Williams,RB,NO,False,0
2023,108,11,8,1,4429615,00-0039064,Zay Flowers,WR,BAL,False,0
2023,109,11,9,9,3116389,00-0033526,Samaje Perine,RB,DEN,False,0
2023,110,11,10,4,4426385,00-0039165,Zach Charbonnet,RB,SEA,False,0
2023,111,12,1,4,3139925,00-0034750,Rashaad Penny,RB,PHI,False,0
2023,112,12,2,9,4040655,00-0036309,Darnell Mooney,WR,ATL,False,0
2023,113,12,3,1,3122976,00-0034115,Jeff Wilson Jr.,RB,MIA,False,0
2023,114,12,4,8,16782,00-0031376,Jerick McKinnon,RB,KC,False,0
2023,115,12,5,6,16733,00-0031235,Odell Beckham Jr.,WR,FA,False,0
2023,116,12,6,3,3117256,00-0034383,Dalton Schultz,TE,HOU,False,0
2023,117,12,7,2,4429025,00-0038544,Quentin Johnston,WR,LAC,False,0
2023,118,12,8,5,4372414,00-0036980,Elijah Moore,WR,CLE,False,0
2023,119,12,9,10,2573401,00-0033110,Tyler Higbee,TE,LA,False,0
2023,120,12,10,7,15683,00-0029597,Justin Tucker,K,BAL,False,0
2023,121,13,1,7,-16002,,BUF D/ST,D/ST,BUF,False,0
2023,122,13,2,10,-16023,,PIT D/ST,D/ST,PIT,False,0
2023,123,13,3,5,3051909,00-0034161,Daniel Carlson,K,LV,False,0
2023,124,13,4,2,3045144,00-0033009,Tyler Boyd,WR,CIN,False,0
2023,125,13,5,3,4241479,00-0036212,Tua Tagovailoa,QB,MIA,False,0
2023,126,13,6,6,4360234,00-0036854,Evan McPherson,K,CIN,False,0
2023,127,13,7,8,-16006,,DAL D/ST,D/ST,DAL,False,0
2023,128,13,8,1,-16015,,MIA D/ST,D/ST,MIA,False,0
2023,129,13,9,9,4429084,00-0039164,Anthony Richardson,QB,IND,False,0
2023,130,13,10,4,4241555,00-0036567,Elijah Mitchell,RB,SF,False,0
2023,131,14,1,4,3051926,00-0034184,Gus Edwards,RB,LAC,False,0
2023,132,14,2,9,3051392,00-0033045,Ezekiel Elliott,RB,NE,False,0
2023,133,14,3,1,3917232,00-0036162,Tyler Bass,K,BUF,False,0
2023,134,14,4,8,16460,00-0030035,Adam Thielen,WR,CAR,False,0
2023,135,14,5,6,-16018,,NO D/ST,D/ST,NO,False,0
2023,136,14,6,3,-16005,,CLE D/ST,D/ST,CLE,False,0
2023,137,14,7,2,3916566,00-0036345,K.J. Osborn,WR,NE,False,0
2023,138,14,8,5,4258173,00-0036554,Nico Collins,WR,HOU,False,0
2023,139,14,9,10,15864,00-0030565,Geno Smith,QB,SEA,False,0
2023,140,14,10,7,4240600,00-0036913,Kadarius Toney,WR,KC,False,0
2023,141,15,1,7,4258595,00-0036290,Cole Kmet,TE,CHI,False,0
2023,142,15,2,10,12460,00-0026858,Graham Gano,K,NYG,False,0
2023,143,15,3,5,4429160,00-0039040,De'Von Achane,RB,MIA,False,0
2023,144,15,4,2,2576414,00-0031687,Raheem Mostert,RB,MIA,False,0
2023,145,15,5,3,3121410,00-0035639,Parris Campbell,WR,PHI,False,0
2023,146,15,6,6,4040761,00-0035250,Devin Singletary,RB,NYG,False,0
2023,147,15,7,8,2473037,00-0031492,Jason Myers,K,SEA,False,0
2023,148,15,8,1,4036348,00-0034764,Michael Gallup,WR,DAL,False,0
2023,149,15,9,9,3055899,00-0033303,Harrison Butker,K,KC,False,0
2023,150,15,10,4,-16020,,NYJ D/ST,D/ST,NYJ,False,0
2023,151,16,1,4,3049899,00-0033702,Younghoe Koo,K,ATL,False,0
2023,152,16,2,9,-16028,,WAS D/ST,D/ST,WAS,False,0
2023,153,16,3,1,8439,00-0023459,Aaron Rodgers,QB,NYJ,False,0
2023,154,16,4,8,4385690,00-0038933,Dalton Kincaid,TE,BUF,False,0
2023,155,16,5,6,3910544,00-0036370,Joshua Kelley,RB,LAC,False,0
2023,156,16,6,3,3050478,00-0033787,Jake Elliott,K,PHI,False,0
2023,157,16,7,2,14993,00-0029621,Greg Zuerlein,K,NYJ,False,0
2023,158,16,8,5,-16021,,PHI D/ST,D/ST,PHI,False,0
2023,159,16,9,10,3051738,00-0034272,Marquez Valdes-Scantling,WR,KC,False,0
2023,160,16,10,7,4428331,00-0039067,Rashee Rice,WR,KC,False,0
2024,1,1,1,9,3117251,00-0033280,Christian McCaffrey,RB,SF,False,0
2024,2,1,2,6,4241389,00-0036358,CeeDee Lamb,WR,DAL,False,0
2024,3,1,3,1,4427366,00-0038120,Breece Hall,RB,NYJ,False,0
2024,4,1,4,4,4430807,00-0038542,Bijan Robinson,RB,ATL,False,0
2024,5,1,5,5,3116406,00-0033040,Tyreek Hill,WR,MIA,False,0
2024,6,1,6,3,4262921,00-0036322,Justin Jefferson,WR,MIN,False,0
2024,7,1,7,2,4374302,00-0036963,Amon-Ra St. Brown,WR,DET,False,0
2024,8,1,8,7,4362628,00-0036900,Ja'Marr Chase,WR,CIN,False,0
2024,9,1,9,10,3929630,00-0034844,Saquon Barkley,RB,PHI,False,0
2024,10,1,10,8,4242335,00-0036223,Jonathan Taylor,RB,IND,False,0
2024,11,2,1,8,4569618,00-0037740,Garrett Wilson,WR,NYJ,False,0
2024,12,2,2,10,4426515,00-0039075,Puka Nacua,WR,LA,False,0
2024,13,2,3,7,4429795,00-0039139,Jahmyr Gibbs,RB,DET,False,0
2024,14,2,4,2,4047646,00-0035676,A.J. Brown,WR,PHI,False,0
2024,15,2,5,3,4239996,00-0036973,Travis Etienne Jr.,RB,JAX,False,0
2024,16,2,6,5,4432708,00-0039849,Marvin Harrison Jr.,WR,ARI,False,0
2024,17,2,7,4,4361529,00-0037197,Isiah Pacheco,RB,KC,False,0
2024,18,2,8,1,4430737,00-0037840,Kyren Williams,RB,LA,False,0
2024,19,2,9,6,16800,00-0031381,Davante Adams,WR,LA,False,0
2024,20,2,10,9,4035687,00-0036252,Michael Pittman Jr.,WR,IND,False,0
2024,21,3,1,9,3054850,00-0033906,Alvin Kamara,RB,NO,False,0
2024,22,3,2,6,4047365,00-0035700,Josh Jacobs,RB,GB,False,0
2024,23,3,3,1,16737,00-0031408,Mike Evans,WR,TB,False,0
2024,24,3,4,4,4258173,00-0036554,Nico Collins,WR,HOU,False,0
2024,25,3,5,5,4429160,00-0039040,De'Von Achane,RB,MIA,False,0
2024,26,3,6,3,3043078,00-0032764,Derrick Henry,RB,BAL,False,0
2024,27,3,7,2,4697815,00-0037256,Rachaad White,RB,TB,False,0
2024,28,3,8,7,4361370,00-0037239,Chris Olave,WR,NO,False,0
2024,29,3,9,10,4379399,00-0037248,James Cook,RB,BUF,False,0
2024,30,3,10,8,3915416,00-0034827,DJ Moore,WR,CHI,False,0
2024,31,4,1,8,4430027,00-0039065,Sam LaPorta,TE,DET,False,0
2024,32,4,2,10,3126486,00-0035719,Deebo Samuel Sr.,WR,WAS,False,0
2024,33,4,3,7,15847,00-0030506,Travis Kelce,TE,KC,False,0
2024,34,4,4,2,3116385,00-0033897,Joe Mixon,RB,HOU,False,0
2024,35,4,5,3,4567048,00-0038134,Kenneth Walker III,RB,SEA,False,0
2024,36,4,6,5,4426502,00-0037238,Drake London,WR,ATL,False,0
2024,37,4,7,4,4360438,00-0036261,Brandon Aiyuk,WR,SF,False,0
2024,38,4,8,1,3918298,00-0034857,Josh Allen,QB,BUF,False,0
2024,39,4,9,6,4040715,00-0036389,Jalen Hurts,QB,PHI,False,0
2024,40,4,10,9,4372016,00-0036613,Jaylen Waddle,WR,MIA,False,0
2024,41,5,1,9,2977187,00-0033908,Cooper Kupp,WR,SEA,False,0
2024,42,5,2,6,4428331,00-0039067,Rashee Rice,WR,KC,False,0
2024,43,5,3,1,3116365,00-0034753,Mark Andrews,TE,BAL,False,0
2024,44,5,4,4,3139477,00-0033873,Patrick Mahomes,QB,KC,False,0
2024,45,5,5,5,3916387,00-0034796,Lamar Jackson,QB,BAL,False,0
2024,46,5,6,3,4595348,00-0039337,Malik Nabers,WR,NYG,False,0
2024,47,5,7,2,4047650,00-0035640,DK Metcalf,WR,PIT,False,0
2024,48,5,8,7,2976212,00-0031588,Stefon Diggs,WR,HOU,False,0
2024,49,5,9,10,3051876,00-0033881,Evan Engram,TE,DEN,False,0
2024,50,5,10,8,4432577,00-0039163,C.J. Stroud,QB,HOU,False,0
2024,51,6,1,8,4569173,00-0036875,Rhamondre Stevenson,RB,NE,False,0
2024,52,6,2,10,3915511,00-0036442,Joe Burrow,QB,CIN,False,0
2024,53,6,3,7,2577417,00-0033077,Dak Prescott,QB,DAL,False,0
2024,54,6,4,2,3040151,00-0033288,George Kittle,TE,SF,False,0
2024,55,6,5,3,4361307,00-0037744,Trey McBride,TE,ARI,False,0
2024,56,6,6,5,3045147,00-0033553,James Conner,RB,ARI,False,0
2024,57,6,7,4,4429615,00-0039064,Zay Flowers,WR,BAL,False,0
2024,58,6,8,1,4241478,00-0036912,DeVonta Smith,WR,PHI,False,0
2024,59,6,9,6,4385690,00-0038933,Dalton Kincaid,TE,BUF,False,0
2024,60,6,10,9,4259545,00-0036275,D'Andre Swift,RB,CHI,False,0
2024,61,7,1,9,3932905,00-0035216,Diontae Johnson,WR,BAL,False,0
2024,62,7,2,6,3042519,00-0033293,Aaron Jones,RB,MIN,False,0
2024,63,7,3,1,3121422,00-0035659,Terry McLaurin,WR,WAS,False,0
2024,64,7,4,4,4239993,00-0036410,Tee Higgins,WR,CIN,False,0
2024,65,7,5,5,4426354,00-0037247,George Pickens,WR,PIT,False,0
2024,66,7,6,3,3925357,00-0034837,Calvin Ridley,WR,TEN,False,0
2024,67,7,7,2,3116165,00-0033921,Chris Godwin,WR,TB,False,0
2024,68,7,8,7,2976499,00-0031544,Amari Cooper,WR,BUF,False,0
2024,69,7,9,10,4366031,00-0038977,Tank Dell,WR,HOU,False,0
2024,70,7,10,8,4361777,00-0038040,Zamir White,RB,LV,False,0
2024,71,8,1,8,4683062,00-0039894,Xavier Worthy,WR,KC,False,0
2024,72,8,2,10,4241474,00-0037746,Brian Robinson Jr.,RB,WAS,False,0
2024,73,8,3,7,4241457,00-0036893,Najee Harris,RB,LAC,False,0
2024,74,8,4,2,4569987,00-0037228,Jaylen Warren,RB,PIT,False,0
2024,75,8,5,3,3895856,00-0034775,Christian Kirk,WR,HOU,False,0
2024,76,8,6,5,4360248,00-0036970,Kyle Pitts,TE,ATL,False,0
2024,77,8,7,4,4035538,00-0035685,David Montgomery,RB,DET,False,0
2024,78,8,8,1,4430878,00-0038543,Jaxon Smith-Njigba,WR,SEA,False,0
2024,79,8,9,6,4431299,00-0039919,Rome Odunze,WR,CHI,False,0
2024,80,8,10,9,3123076,00-0033885,David Njoku,TE,CLE,False,0
2024,81,9,1,9,4429084,00-0039164,Anthony Richardson,QB,IND,False,0
2024,82,9,2,6,4361579,00-0036997,Javonte Williams,RB,DAL,False,0
2024,83,9,3,1,15818,00-0030279,Keenan Allen,WR,CHI,False,0
2024,84,9,4,4,4242355,00-0038041,Jake Ferguson,TE,DAL,False,0
2024,85,9,5,5,2576414,00-0031687,Raheem Mostert,RB,LV,False,0
2024,86,9,6,3,4428557,00-0039032,Tyjae Spears,RB,TEN,False,0
2024,87,9,7,2,4372019,00-0037267,Jerome Ford,RB,CLE,False,0
2024,88,9,8,7,3916148,00-0035261,Tony Pollard,RB,TEN,False,0
2024,89,9,9,10,4612826,00-0039915,Ladd McConkey,WR,LAC,False,0
2024,90,9,10,8,3068267,00-0033699,Austin Ekeler,RB,WAS,False,0
2024,91,10,1,8,4248528,00-0038124,Christian Watson,WR,GB,False,0
2024,92,10,2,10,3128429,00-0034348,Courtland Sutton,WR,DEN,False,0
2024,93,10,3,7,4635008,00-0039901,Keon Coleman,WR,BUF,False,0
2024,94,10,4,2,4035676,00-0036251,Zack Moss,RB,CIN,False,0
2024,95,10,5,3,4040761,00-0035250,Devin Singletary,RB,NYG,False,0
2024,96,10,6,5,4432773,00-0039893,Brian Thomas Jr.,WR,JAX,False,0
2024,97,10,7,4,4362249,00-0039146,Jayden Reed,WR,GB,False,0
2024,98,10,8,1,4429205,00-0038994,Jordan Addison,WR,MIN,False,0
2024,99,10,9,6,4678008,00-0039344,Jonathon Brooks,RB,CAR,False,0
2024,100,10,10,9,3045138,00-0033536,Mike Williams,WR,LAC,False,0
2024,101,11,1,9,4036378,00-0036264,Jordan Love,QB,GB,False,0
2024,102,11,2,6,4036133,00-0035229,T.J. Hockenson,TE,MIN,False,0
2024,103,11,3,1,3917315,00-0035228,Kyler Murray,QB,ARI,False,0
2024,104,11,4,4,4241416,00-0036555,Chuba Hubbard,RB,CAR,False,0
2024,105,11,5,5,4432665,00-0039338,Brock Bowers,TE,LV,False,0
2024,106,11,6,3,3916433,00-0034960,Jakobi Meyers,WR,LV,False,0
2024,107,11,7,2,4361741,00-0037834,Brock Purdy,QB,SF,False,0
2024,108,11,8,7,4362238,00-0038597,Chase Brown,RB,CIN,False,0
2024,109,11,9,10,3051392,00-0033045,Ezekiel Elliott,RB,FA,False,0
2024,110,11,10,8,3128720,00-0034791,Nick Chubb,RB,CLE,False,0
2024,111,12,1,8,4426388,00-0037240,Jameson Williams,WR,DET,False,0
2024,112,12,2,10,4426348,00-0039910,Jayden Daniels,QB,WAS,False,0
2024,113,12,3,7,4241985,00-0036158,J.K. Dobbins,RB,LAC,False,0
2024,114,12,4,2,8439,00-0023459,Aaron Rodgers,QB,FA,False,0
2024,115,12,5,3,4038941,00-0036355,Justin Herbert,QB,LAC,False,0
2024,116,12,6,5,3051926,00-0034184,Gus Edwards,RB,FA,False,0
2024,117,12,7,4,15795,00-0030564,DeAndre Hopkins,WR,BAL,False,0
2024,118,12,8,1,4597500,00-0039890,Adonai Mitchell,WR,IND,False,0
2024,119,12,9,6,4373626,00-0037263,Tyler Allgeier,RB,ATL,False,0
2024,120,12,10,9,4241372,00-0035662,Hollywood Brown,WR,KC,False,0
2024,121,13,1,9,4722893,00-0038794,Jaleel McLaughlin,RB,DEN,False,0
2024,122,13,2,6,4242431,00-0037276,Ty Chandler,RB,MIN,False,0
2024,123,13,3,1,3121023,00-0034351,Dallas Goedert,TE,PHI,False,0
2024,124,13,4,4,2577327,00-0032211,Tyler Lockett,WR,FA,False,0
2024,125,13,5,5,4242433,00-0036988,Joshua Palmer,WR,BUF,False,0
2024,126,13,6,3,3117256,00-0034383,Dalton Schultz,TE,HOU,False,0
2024,127,13,7,2,-16005,,CLE D/ST,D/ST,CLE,False,0
2024,128,13,8,7,3122840,00-0033537,Deshaun Watson,QB,CLE,False,0
2024,129,13,9,10,4429096,00-0039738,Blake Corum,RB,LA,False,0
2024,130,13,10,8,-16006,,DAL D/ST,D/ST,DAL,False,0
2024,131,14,1,8,4361411,00-0036894,Pat Freiermuth,TE,PIT,False,0
2024,132,14,2,10,-16020,,NYJ D/ST,D/ST,NYJ,False,0
2024,133,14,3,7,-16033,,BAL D/ST,D/ST,BAL,False,0
2024,134,14,4,2,3055899,00-0033303,Harrison Butker,K,KC,False,0
2024,135,14,5,3,4360310,00-0036971,Trevor Lawrence,QB,JAX,False,0
2024,136,14,6,5,3953687,00-0037692,Brandon Aubrey,K,DAL,False,0
2024,137,14,7,4,15683,00-0029597,Justin Tucker,K,BAL,False,0
2024,138,14,8,1,-16025,,SF D/ST,D/ST,SF,False,0
2024,139,14,9,6,3050478,00-0033787,Jake Elliott,K,PHI,False,0
2024,140,14,10,9,-16026,,SEA D/ST,D/ST,SEA,False,0
2024,141,15,1,9,4429275,00-0039921,Trey Benson,RB,ARI,False,0
2024,142,15,2,6,-16023,,PIT D/ST,D/ST,PIT,False,0
2024,143,15,3,1,4241463,00-0036407,Jerry Jeudy,WR,CLE,False,0
2024,144,15,4,4,4431611,00-0039918,Caleb Williams,QB,CHI,False,0
2024,145,15,5,5,-16004,,CIN D/ST,D/ST,CIN,False,0
2024,146,15,6,3,-16018,,NO D/ST,D/ST,NO,False,0
2024,147,15,7,2,14880,00-0029604,Kirk Cousins,QB,ATL,False,0
2024,148,15,8,7,2971573,00-0032726,Ka'imi Fairbairn,K,HOU,False,0
2024,149,15,9,10,4360234,00-0036854,Evan McPherson,K,CIN,False,0
2024,150,15,10,8,16460,00-0030035,Adam Thielen,WR,CAR,False,0
2024,151,16,1,8,15965,00-0030098,Dustin Hopkins,K,CLE,False,0
2024,152,16,2,10,4040655,00-0036309,Darnell Mooney,WR,ATL,False,0
2024,153,16,3,7,4243537,00-0036196,Gabe Davis,WR,JAX,False,0
2024,154,16,4,2,2468609,00-0033357,Taysom Hill,TE,NO,False,0
2024,155,16,5,3,4362081,00-0037224,Cameron Dicker,K,LAC,False,0
2024,156,16,6,5,4038815,00-0036139,Rico Dowdle,RB,CAR,False,0
2024,157,16,7,4,-16012,,KC D/ST,D/ST,KC,False,0
2024,158,16,8,1,4689936,00-0039172,Jake Bates,K,DET,False,0
2024,159,16,9,6,4373678,00-0037261,Khalil Shakir,WR,BUF,False,0
2024,160,16,10,9,17427,00-0031203,Cairo Santos,K,CHI,False,0
2025,1,1,1,1,4362628,00-0036900,Ja'Marr Chase,WR,CIN,False,0
2025,2,1,2,4,4430807,00-0038542,Bijan Robinson,RB,ATL,False,0
2025,3,1,3,5,4429795,00-0039139,Jahmyr Gibbs,RB,DET,False,0
2025,4,1,4,3,3929630,00-0034844,Saquon Barkley,RB,PHI,False,0
2025,5,1,5,2,4241389,00-0036358,CeeDee Lamb,WR,DAL,False,0
2025,6,1,6,7,4262921,00-0036322,Justin Jefferson,WR,MIN,False,0
2025,7,1,7,6,3117251,00-0033280,Christian McCaffrey,RB,SF,False,0
2025,8,1,8,10,4426515,00-0039075,Puka Nacua,WR,LA,False,0
2025,9,1,9,9,4595348,00-0039337,Malik Nabers,WR,NYG,False,0
2025,10,1,10,8,4429160,00-0039040,De'Von Achane,RB,MIA,False,0
2025,11,2,1,8,4258173,00-0036554,Nico Collins,WR,HOU,False,0
2025,12,2,2,9,4374302,00-0036963,Amon-Ra St. Brown,WR,DET,False,0
2025,13,2,3,10,4242335,00-0036223,Jonathan Taylor,RB,IND,False,0
2025,14,2,4,6,4432773,00-0039893,Brian Thomas Jr.,WR,JAX,False,0
2025,15,2,5,7,4890973,00-0040122,Ashton Jeanty,RB,LV,False,0
2025,16,2,6,2,4047365,00-0035700,Josh Jacobs,RB,GB,False,0
2025,17,2,7,3,4596448,00-0039361,Bucky Irving,RB,TB,False,0
2025,18,2,8,5,4426502,00-0037238,Drake London,WR,ATL,False,0
2025,19,2,9,4,4047646,00-0035676,A.J. Brown,WR,PHI,False,0
2025,20,2,10,1,3043078,00-0032764,Derrick Henry,RB,BAL,False,0
2025,21,3,1,1,4430737,00-0037840,Kyren Williams,RB,LA,False,0
2025,22,3,2,4,4432665,00-0039338,Brock Bowers,TE,LV,False,0
2025,23,3,3,5,4361307,00-0037744,Trey McBride,TE,ARI,False,0
2025,24,3,4,3,4239993,00-0036410,Tee Higgins,WR,CIN,False,0
2025,25,3,5,2,4362238,00-0038597,Chase Brown,RB,CIN,False,0
2025,26,3,6,7,3918298,00-0034857,Josh Allen,QB,BUF,False,0
2025,27,3,7,6,3916387,00-0034796,Lamar Jackson,QB,BAL,False,0
2025,28,3,8,10,4612826,00-0039915,Ladd McConkey,WR,LAC,False,0
2025,29,3,9,9,4685382,00-0040666,Omarion Hampton,RB,LAC,False,0
2025,30,3,10,8,4426348,00-0039910,Jayden Daniels,QB,WAS,False,0
2025,31,4,1,8,4379399,00-0037248,James Cook III,RB,BUF,False,0
2025,32,4,2,9,4040715,00-0036389,Jalen Hurts,QB,PHI,False,0
2025,33,4,3,10,3915511,00-0036442,Joe Burrow,QB,CIN,False,0
2025,34,4,4,6,3040151,00-0033288,George Kittle,TE,SF,False,0
2025,35,4,5,7,4430878,00-0038543,Jaxon Smith-Njigba,WR,SEA,False,0
2025,36,4,6,2,3121422,00-0035659,Terry McLaurin,WR,WAS,False,0
2025,37,4,7,3,3116406,00-0033040,Tyreek Hill,WR,FA,False,0
2025,38,4,8,5,16800,00-0031381,Davante Adams,WR,LA,False,0
2025,39,4,9,4,4567048,00-0038134,Kenneth Walker III,RB,SEA,False,0
2025,40,4,10,1,4241416,00-0036555,Chuba Hubbard,RB,CAR,False,0
2025,41,5,1,1,3054850,00-0033906,Alvin Kamara,RB,NO,False,0
2025,42,5,2,4,16737,00-0031408,Mike Evans,WR,TB,False,0
2025,43,5,3,5,4427366,00-0038120,Breece Hall,RB,NYJ,False,0
2025,44,5,4,3,3045147,00-0033553,James Conner,RB,ARI,False,0
2025,45,5,5,2,4432708,00-0039849,Marvin Harrison Jr.,WR,ARI,False,0
2025,46,5,6,7,4569618,00-0037740,Garrett Wilson,WR,NYJ,False,0
2025,47,5,7,6,4047650,00-0035640,DK Metcalf,WR,PIT,False,0
2025,48,5,8,10,4259545,00-0036275,D'Andre Swift,RB,CHI,False,0
2025,49,5,9,9,4683062,00-0039894,Xavier Worthy,WR,KC,False,0
2025,50,5,10,8,3915416,00-0034827,DJ Moore,WR,CHI,False,0
2025,51,6,1,8,3128429,00-0034348,Courtland Sutton,WR,DEN,False,0
2025,52,6,2,9,4241463,00-0036407,Jerry Jeudy,WR,CLE,False,0
2025,53,6,3,10,4428331,00-0039067,Rashee Rice,WR,KC,False,0
2025,54,6,4,6,3925357,00-0034837,Calvin Ridley,WR,TEN,False,0
2025,55,6,5,7,3116385,00-0033897,Joe Mixon,RB,HOU,False,0
2025,56,6,6,2,3139477,00-0033873,Patrick Mahomes,QB,KC,False,0
2025,57,6,7,3,3052587,00-0034855,Baker Mayfield,QB,TB,False,0
2025,58,6,8,5,4685472,00-0040124,Tetairoa McMillan,WR,CAR,False,0
2025,59,6,9,4,4432710,00-0040734,TreVeyon Henderson,RB,NE,False,0
2025,60,6,10,1,4430027,00-0039065,Sam LaPorta,TE,DET,False,0
2025,61,7,1,1,4241478,00-0036912,DeVonta Smith,WR,PHI,False,0
2025,62,7,2,4,3917315,00-0035228,Kyler Murray,QB,ARI,False,0
2025,63,7,3,5,4426354,00-0037247,George Pickens,WR,DAL,False,0
2025,64,7,4,3,4429615,00-0039064,Zay Flowers,WR,BAL,False,0
2025,65,7,5,2,4036133,00-0035229,T.J. Hockenson,TE,MIN,False,0
2025,66,7,6,7,4685415,00-0040718,Travis Hunter,WR,JAX,False,0
2025,67,7,7,6,4568490,00-0040730,RJ Harvey,RB,DEN,False,0
2025,68,7,8,10,4035538,00-0035685,David Montgomery,RB,HOU,False,0
2025,69,7,9,9,3916433,00-0034960,Jakobi Meyers,WR,JAX,False,0
2025,70,7,10,8,15847,00-0030506,Travis Kelce,TE,KC,False,0
2025,71,8,1,8,2977187,00-0033908,Cooper Kupp,WR,SEA,False,0
2025,72,8,2,9,3123076,00-0033885,David Njoku,TE,CLE,False,0
2025,73,8,3,10,3116165,00-0033921,Chris Godwin Jr.,WR,TB,False,0
2025,74,8,4,6,3916148,00-0035261,Tony Pollard,RB,TEN,False,0
2025,75,8,5,7,4361529,00-0037197,Isiah Pacheco,RB,KC,False,0
2025,76,8,6,2,4360516,00-0039384,Tyrone Tracy Jr.,RB,NYG,False,0
2025,77,8,7,3,3042519,00-0033293,Aaron Jones Sr.,RB,MIN,False,0
2025,78,8,8,5,4431299,00-0039919,Rome Odunze,WR,CHI,False,0
2025,79,8,9,4,4819231,00-0040142,Kaleb Johnson,RB,PIT,False,0
2025,80,8,10,1,4426388,00-0037240,Jameson Williams,WR,DET,False,0
2025,81,9,1,1,4241474,00-0037746,Brian Robinson Jr.,RB,SF,False,0
2025,82,9,2,4,4567750,00-0040129,Emeka Egbuka,WR,TB,False,0
2025,83,9,3,5,4372016,00-0036613,Jaylen Waddle,WR,MIA,False,0
2025,84,9,4,3,3116365,00-0034753,Mark Andrews,TE,BAL,False,0
2025,85,9,5,2,4701936,00-0040667,Matthew Golden,WR,GB,False,0
2025,86,9,6,7,3051876,00-0033881,Evan Engram,TE,DEN,False,0
2025,87,9,7,6,4361370,00-0037239,Chris Olave,WR,NO,False,0
2025,88,9,8,10,4361579,00-0036997,Javonte Williams,RB,DAL,False,0
2025,89,9,9,9,4429205,00-0038994,Jordan Addison,WR,MIN,False,0
2025,90,9,10,8,4569987,00-0037228,Jaylen Warren,RB,PIT,False,0
2025,91,10,1,8,4241985,00-0036158,J.K. Dobbins,RB,DEN,False,0
2025,92,10,2,9,4426338,00-0039732,Bo Nix,QB,DEN,False,0
2025,93,10,3,10,4572680,00-0038996,Tucker Kraft,TE,GB,False,0
2025,94,10,4,6,3126486,00-0035719,Deebo Samuel,WR,WAS,False,0
2025,95,10,5,7,4360569,00-0037525,Jordan Mason,RB,MIN,False,0
2025,96,10,6,2,4372019,00-0037267,Jerome Ford,RB,CLE,False,0
2025,97,10,7,3,2976212,00-0031588,Stefon Diggs,WR,NE,False,0
2025,98,10,8,5,4696981,00-0040715,Cam Skattebo,RB,NYG,False,0
2025,99,10,9,4,4373678,00-0037261,Khalil Shakir,WR,BUF,False,0
2025,100,10,10,1,4239996,00-0036973,Travis Etienne Jr.,RB,JAX,False,0
2025,101,11,1,1,4635008,00-0039901,Keon Coleman,WR,BUF,False,0
2025,102,11,2,4,4035687,00-0036252,Michael Pittman Jr.,WR,IND,False,0
2025,103,11,3,5,4723086,00-0040126,Colston Loveland,TE,CHI,False,0
2025,104,11,4,3,4569173,00-0036875,Rhamondre Stevenson,RB,NE,False,0
2025,105,11,5,2,3886598,00-0036259,Jauan Jennings,WR,SF,False,0
2025,106,11,6,7,4431611,00-0039918,Caleb Williams,QB,CHI,False,0
2025,107,11,7,6,4428209,00-0039916,Ricky Pearsall,WR,SF,False,0
2025,108,11,8,10,4429013,00-0038555,Tank Bigsby,RB,PHI,False,0
2025,109,11,9,9,4685702,00-0040784,Quinshon Judkins,RB,CLE,False,0
2025,110,11,10,8,4429275,00-0039921,Trey Benson,RB,ARI,False,0
2025,111,12,1,8,4038941,00-0036355,Justin Herbert,QB,LAC,False,0
2025,112,12,2,9,5081397,00-0040162,Dylan Sampson,RB,CLE,False,0
2025,113,12,3,10,4431459,00-0040128,Tyler Warren,TE,IND,False,0
2025,114,12,4,6,4688813,00-0038997,Josh Downs,WR,IND,False,0
2025,115,12,5,7,4362249,00-0039146,Jayden Reed,WR,GB,False,0
2025,116,12,6,2,4242355,00-0038041,Jake Ferguson,TE,DAL,False,0
2025,117,12,7,3,4032473,00-0037545,Rashid Shaheed,WR,SEA,False,0
2025,118,12,8,5,4361741,00-0037834,Brock Purdy,QB,SF,False,0
2025,119,12,9,4,4685278,00-0040735,Luther Burden III,WR,CHI,False,0
2025,120,12,10,1,4877706,00-0040130,Jayden Higgins,WR,HOU,False,0
2025,121,13,1,1,4428557,00-0039032,Tyjae Spears,RB,TEN,False,0
2025,122,13,2,4,3068267,00-0033699,Austin Ekeler,RB,WAS,False,0
2025,123,13,3,5,4426385,00-0039165,Zach Charbonnet,RB,SEA,False,0
2025,124,13,4,3,4385690,00-0038933,Dalton Kincaid,TE,BUF,False,0
2025,125,13,5,2,4373626,00-0037263,Tyler Allgeier,RB,ATL,False,0
2025,126,13,6,7,4369863,00-0038979,Cedric Tillman,WR,CLE,False,0
2025,127,13,7,6,2577417,00-0033077,Dak Prescott,QB,DAL,False,0
2025,128,13,8,10,-16034,,HOU D/ST,D/ST,HOU,False,0
2025,129,13,9,9,4362887,00-0036945,Justin Fields,QB,NYJ,False,0
2025,130,13,10,8,4430034,00-0039342,Xavier Legette,WR,CAR,False,0
2025,131,14,1,8,-16023,,PIT D/ST,D/ST,PIT,False,0
2025,132,14,2,9,3953687,00-0037692,Brandon Aubrey,K,DAL,False,0
2025,133,14,3,10,4036378,00-0036264,Jordan Love,QB,GB,False,0
2025,134,14,4,6,-16007,,DEN D/ST,D/ST,DEN,False,0
2025,135,14,5,7,4689936,00-0039172,Jake Bates,K,DET,False,0
2025,136,14,6,2,4362081,00-0037224,Cameron Dicker,K,LAC,False,0
2025,137,14,7,3,3046779,00-0033106,Jared Goff,QB,DET,False,0
2025,138,14,8,5,17372,00-0031136,Chris Boswell,K,PIT,False,0
2025,139,14,9,4,-16016,,MIN D/ST,D/ST,MIN,False,0
2025,140,14,10,1,-16033,,BAL D/ST,D/ST,BAL,False,0
2025,141,15,1,1,3917232,00-0036162,Tyler Bass,K,BUF,False,0
2025,142,15,2,4,3150744,00-0035358,Chase McLaughlin,K,TB,False,0
2025,143,15,3,5,-16021,,PHI D/ST,D/ST,PHI,False,0
2025,144,15,4,3,-16026,,SEA D/ST,D/ST,SEA,False,0
2025,145,15,5,2,4433970,00-0039923,J.J. McCarthy,QB,MIN,False,0
2025,146,15,6,7,-16008,,DET D/ST,D/ST,DET,False,0
2025,147,15,7,6,4372561,00-0039363,Isaac Guerendo,RB,SF,False,0
2025,148,15,8,10,3124679,00-0034794,Jason Sanders,K,MIA,False,0
2025,149,15,9,9,3121023,00-0034351,Dallas Goedert,TE,PHI,False,0
2025,150,15,10,8,15818,00-0030279,Keenan Allen,WR,LAC,False,0
2025,151,16,1,8,3055899,00-0033303,Harrison Butker,K,KC,False,0
2025,152,16,2,9,-16002,,BUF D/ST,D/ST,BUF,False,0
2025,153,16,3,10,4697815,00-0037256,Rachaad White,RB,TB,False,0
2025,154,16,4,6,3050478,00-0033787,Jake Elliott,K,PHI,False,0
2025,155,16,5,7,4360248,00-0036970,Kyle Pitts Sr.,TE,ATL,False,0
2025,156,16,6,2,-16017,,NE D/ST,D/ST,NE,False,0
2025,157,16,7,3,17427,00-0031203,Cairo Santos,K,CHI,False,0
2025,158,16,8,5,4682745,00-0039874,Jaylen Wright,RB,MIA,False,0
2025,159,16,9,4,4040655,00-0036309,Darnell Mooney,WR,ATL,False,0
2025,160,16,10,1,4432577,00-0039163,C.J. Stroud,QB,HOU,False,0
2026,1,1,1,4,4429795,00-0039139,Jahmyr Gibbs,RB,DET,False,0
2026,2,1,2,7,4430807,00-0038542,Bijan Robinson,RB,ATL,False,0
2026,3,1,3,8,4426515,00-0039075,Puka Nacua,WR,LA,False,0
2026,4,1,4,9,4362628,00-0036900,Ja'Marr Chase,WR,CIN,False,0
2026,5,1,5,3,4374302,00-0036963,Amon-Ra St. Brown,WR,DET,False,0
2026,6,1,6,6,3117251,00-0033280,Christian McCaffrey,RB,SF,False,0
2026,7,1,7,1,4242335,00-0036223,Jonathan Taylor,RB,IND,False,0
2026,8,1,8,2,4430878,00-0038543,Jaxon Smith-Njigba,WR,SEA,False,0
2026,9,1,9,1,4379399,00-0037248,James Cook III,RB,BUF,False,0
2026,10,1,10,10,4241389,00-0036358,CeeDee Lamb,WR,DAL,False,0
2026,11,2,1,10,4890973,00-0040122,Ashton Jeanty,RB,LV,False,0
2026,12,2,2,5,4362238,00-0038597,Chase Brown,RB,CIN,False,0
2026,13,2,3,2,4262921,00-0036322,Justin Jefferson,WR,MIN,False,0
2026,14,2,4,5,3929630,00-0034844,Saquon Barkley,RB,PHI,False,0
2026,15,2,5,6,4685382,00-0040666,Omarion Hampton,RB,LAC,False,0
2026,16,2,6,3,3043078,00-0032764,Derrick Henry,RB,BAL,False,0
2026,17,2,7,9,4429160,00-0039040,De'Von Achane,RB,MIA,False,0
2026,18,2,8,8,4870808,00-0041027,Jeremiyah Love,RB,ARI,False,0
2026,19,2,9,7,4258173,00-0036554,Nico Collins,WR,HOU,False,0
2026,20,2,10,4,4047646,00-0035676,A.J. Brown,WR,NE,False,0
2026,21,3,1,4,4432665,00-0039338,Brock Bowers,TE,LV,False,0
2026,22,3,2,7,4567048,00-0038134,Kenneth Walker III,RB,KC,False,0
2026,23,3,3,8,4428331,00-0039067,Rashee Rice,WR,KC,False,0
2026,24,3,4,9,4426502,00-0037238,Drake London,WR,ATL,False,0
2026,25,3,5,3,4361579,00-0036997,Javonte Williams,RB,DAL,False,0
2026,26,3,6,6,4595348,00-0039337,Malik Nabers,WR,NYG,False,0
2026,27,3,7,5,4426354,00-0037247,George Pickens,WR,DAL,False,0
2026,28,3,8,2,4430737,00-0037840,Kyren Williams,RB,LA,False,0
2026,29,3,9,5,4361307,00-0037744,Trey McBride,TE,ARI,False,0
2026,30,3,10,10,4241478,00-0036912,DeVonta Smith,WR,PHI,False,0
2026,31,4,1,10,4239996,00-0036973,Travis Etienne Jr.,RB,NO,False,0
2026,32,4,2,1,4361370,00-0037239,Chris Olave,WR,NO,False,0
2026,33,4,3,2,4696981,00-0040715,Cam Skattebo,RB,NYG,False,0
2026,34,4,4,5,4427366,00-0038120,Breece Hall,RB,NYJ,False,0
2026,35,4,5,6,4612826,00-0039915,Ladd McConkey,WR,LAC,False,0
2026,36,4,6,3,4567750,00-0040129,Emeka Egbuka,WR,TB,False,0
2026,37,4,7,9,4685472,00-0040124,Tetairoa McMillan,WR,CAR,False,0
2026,38,4,8,8,3918298,00-0034857,Josh Allen,QB,BUF,False,0
2026,39,4,9,7,4569618,00-0037740,Garrett Wilson,WR,NYJ,False,0
2026,40,4,10,4,4685702,00-0040784,Quinshon Judkins,RB,CLE,False,0
2026,41,5,1,4,4429615,00-0039064,Zay Flowers,WR,BAL,False,0
2026,42,5,2,7,4882093,00-0040719,Bhayshul Tuten,RB,JAX,False,0
2026,43,5,3,8,4723086,00-0040126,Colston Loveland,TE,CHI,False,0
2026,44,5,4,9,4596448,00-0039361,Bucky Irving,RB,TB,False,0
2026,45,5,5,3,4372016,00-0036613,Jaylen Waddle,WR,DEN,False,0
2026,46,5,6,6,4239993,00-0036410,Tee Higgins,WR,CIN,False,0
2026,47,5,7,5,4685512,00-0041512,Jadarian Price,RB,SEA,False,0
2026,48,5,8,2,4431459,00-0040128,Tyler Warren,TE,IND,False,0
2026,49,5,9,1,3916387,00-0034796,Lamar Jackson,QB,BAL,False,0
2026,50,5,10,10,4685278,00-0040735,Luther Burden III,WR,CHI,False,0
2026,51,6,1,10,4259545,00-0036275,D'Andre Swift,RB,CHI,False,0
2026,52,6,2,1,16800,00-0031381,Davante Adams,WR,LA,False,0
2026,53,6,3,2,3915416,00-0034827,DJ Moore,WR,BUF,False,0
2026,54,6,4,5,3121422,00-0035659,Terry McLaurin,WR,WAS,False,0
2026,55,6,5,6,4035538,00-0035685,David Montgomery,RB,HOU,False,0
2026,56,6,6,3,3915511,00-0036442,Joe Burrow,QB,CIN,False,0
2026,57,6,7,9,3040151,00-0033288,George Kittle,TE,SF,False,0
2026,58,6,8,8,4431452,00-0039851,Drake Maye,QB,NE,False,0
2026,59,6,9,7,4432708,00-0039849,Marvin Harrison Jr.,WR,ARI,False,0
2026,60,6,10,4,4432710,00-0040734,TreVeyon Henderson,RB,NE,False,0
2026,61,7,1,4,4871023,00-0041438,Carnell Tate,WR,TEN,False,0
2026,62,7,2,7,4426388,00-0037240,Jameson Williams,WR,DET,False,0
2026,63,7,3,8,4040715,00-0036389,Jalen Hurts,QB,PHI,False,0
2026,64,7,4,9,4569173,00-0036875,Rhamondre Stevenson,RB,NE,False,0
2026,65,7,5,3,4430027,00-0039065,Sam LaPorta,TE,DET,False,0
2026,66,7,6,6,4431299,00-0039919,Rome Odunze,WR,CHI,False,0
2026,67,7,7,5,5083076,00-0040663,Harold Fannin Jr.,TE,CLE,False,0
2026,68,7,8,2,4569987,00-0037228,Jaylen Warren,RB,PIT,False,0
2026,69,7,9,1,4360248,00-0036970,Kyle Pitts Sr.,TE,ATL,False,0
2026,70,7,10,10,4248528,00-0038124,Christian Watson,WR,GB,False,0
2026,71,8,1,10,3916148,00-0035261,Tony Pollard,RB,TEN,False,0
2026,72,8,2,1,4035687,00-0036252,Michael Pittman Jr.,WR,PIT,False,0
2026,73,8,3,2,4047365,00-0035700,Josh Jacobs,RB,GB,False,0
2026,74,8,4,5,4432620,00-0038606,Parker Washington,WR,JAX,False,0
2026,75,8,5,6,4371733,00-0036919,Kenny Gainwell,RB,TB,False,0
2026,76,8,6,3,3128429,00-0034348,Courtland Sutton,WR,DEN,False,0
2026,77,8,7,9,2577417,00-0033077,Dak Prescott,QB,DAL,False,0
2026,78,8,8,8,4572680,00-0038996,Tucker Kraft,TE,GB,False,0
2026,79,8,9,7,4426348,00-0039910,Jayden Daniels,QB,WAS,False,0
2026,80,8,10,4,4038941,00-0036355,Justin Herbert,QB,LAC,False,0
2026,81,9,1,4,4678008,00-0039344,Jonathon Brooks,RB,CAR,False,0
2026,82,9,2,7,4431611,00-0039918,Caleb Williams,QB,CHI,False,0
2026,83,9,3,8,4360761,00-0038559,Michael Wilson,WR,ARI,False,0
2026,84,9,4,9,16737,00-0031408,Mike Evans,WR,SF,False,0
2026,85,9,5,3,3953687,00-0037692,Brandon Aubrey,K,DAL,False,0
2026,86,9,6,6,4432773,00-0039893,Brian Thomas Jr.,WR,JAX,False,0
2026,87,9,7,5,3116165,00-0033921,Chris Godwin Jr.,WR,TB,False,0
2026,88,9,8,2,2976212,00-0031588,Stefon Diggs,WR,WAS,False,0
2026,89,9,9,1,4241416,00-0036555,Chuba Hubbard,RB,CAR,False,0
2026,90,9,10,10,4360310,00-0036971,Trevor Lawrence,QB,JAX,False,0
2026,91,10,1,10,4241985,00-0036158,J.K. Dobbins,RB,DEN,False,0
2026,92,10,2,1,4047650,00-0035640,DK Metcalf,WR,PIT,False,0
2026,93,10,3,2,4608686,00-0040236,Kyle Monangai,RB,CHI,False,0
2026,94,10,4,5,4429025,00-0038544,Quentin Johnston,WR,LAC,False,0
2026,95,10,5,6,4038815,00-0036139,Rico Dowdle,RB,PIT,False,0
2026,96,10,6,3,4429023,00-0039811,MarShawn Lloyd,RB,GB,False,0
2026,97,10,7,9,4360078,00-0037664,Alec Pierce,WR,IND,False,0
2026,98,10,8,8,4710714,00-0041035,De'Zhaun Stribling,WR,SF,False,0
2026,99,10,9,7,3121023,00-0034351,Dallas Goedert,TE,PHI,False,0
2026,100,10,10,4,4569587,00-0038117,Wan'Dale Robinson,WR,TEN,False,0
2026,101,11,1,4,4701936,00-0040667,Matthew Golden,WR,GB,False,0
2026,102,11,2,7,4036133,00-0035229,T.J. Hockenson,TE,MIN,False,0
2026,103,11,3,8,4689114,00-0040691,Jaxson Dart,QB,NYG,False,0
2026,104,11,4,9,4568490,00-0040730,RJ Harvey,RB,DEN,False,0
2026,105,11,5,3,4429205,00-0038994,Jordan Addison,WR,MIN,False,0
2026,106,11,6,6,4697815,00-0037256,Rachaad White,RB,WAS,False,0
2026,107,11,7,5,4426338,00-0039732,Bo Nix,QB,DEN,False,0
2026,108,11,8,2,4429096,00-0039738,Blake Corum,RB,LA,False,0
2026,109,11,9,1,4575131,00-0040242,Jacory Croskey-Merritt,RB,WAS,False,0
2026,110,11,10,10,4361050,00-0037838,Isaiah Likely,TE,NYG,False,0
2026,111,12,1,10,-16034,,HOU D/ST,D/ST,HOU,False,0
2026,112,12,2,1,4688813,00-0038997,Josh Downs,WR,IND,False,0
2026,113,12,3,2,15847,00-0030506,Travis Kelce,TE,KC,False,0
2026,114,12,4,5,-16007,,DEN D/ST,D/ST,DEN,False,0
2026,115,12,5,6,4870795,00-0040867,Makai Lemon,WR,PHI,False,0
2026,116,12,6,3,4360569,00-0037525,Jordan Mason,RB,MIN,False,0
2026,117,12,7,9,3916433,00-0034960,Jakobi Meyers,WR,JAX,False,0
2026,118,12,8,8,4385690,00-0038933,Dalton Kincaid,TE,BUF,False,0
2026,119,12,9,7,-16014,,LA D/ST,D/ST,LA,False,0
2026,120,12,10,4,-16023,,PIT D/ST,D/ST,PIT,False,0
2026,121,13,1,4,4683062,00-0039894,Xavier Worthy,WR,KC,False,0
2026,122,13,2,7,2473037,00-0031492,Jason Myers,K,SEA,False,0
2026,123,13,3,8,4429059,00-0040583,Woody Marks,RB,HOU,False,0
2026,124,13,4,9,-16026,,SEA D/ST,D/ST,SEA,False,0
2026,125,13,5,3,4242355,00-0038041,Jake Ferguson,TE,DAL,False,0
2026,126,13,6,6,4429955,00-0040203,Will Howard,QB,PIT,False,0
2026,127,13,7,5,2971573,00-0032726,Ka'imi Fairbairn,K,HOU,False,0
2026,128,13,8,2,4361741,00-0037834,Brock Purdy,QB,SF,False,0
2026,129,13,9,1,4362081,00-0037224,Cameron Dicker,K,LAC,False,0
2026,130,13,10,10,3126486,00-0035719,Deebo Samuel Sr.,WR,SF,False,0
2026,131,14,1,10,4686361,00-0039409,Cam Little,K,JAX,False,0
2026,132,14,2,1,4373678,00-0037261,Khalil Shakir,WR,BUF,False,0
2026,133,14,3,2,4360234,00-0036854,Evan McPherson,K,CIN,False,0
2026,134,14,4,5,3917315,00-0035228,Kyler Murray,QB,MIN,False,0
2026,135,14,5,6,4034949,00-0034173,Eddy Pineiro,K,SF,False,0
2026,136,14,6,3,12483,00-0026498,Matthew Stafford,QB,LA,False,0
2026,137,14,7,9,4242512,00-0038128,Malik Willis,QB,MIA,False,0
2026,138,14,8,8,3042519,00-0033293,Aaron Jones Sr.,RB,MIN,False,0
2026,139,14,9,7,4686658,WAS569019,Mike Washington Jr.,RB,LV,False,0
2026,140,14,10,4,4574716,00-0039498,Harrison Mevis,K,LA,False,0
2026,141,15,1,4,4360689,00-0040743,Tyler Shough,QB,NO,False,0
2026,142,15,2,7,4570037,00-0040737,Terrance Ferguson,TE,LA,False,0
2026,143,15,3,8,-16033,,BAL D/ST,D/ST,BAL,False,0
2026,144,15,4,9,-16024,,LAC D/ST,D/ST,LAC,False,0
2026,145,15,5,3,4366031,00-0038977,Tank Dell,WR,HOU,False,0
2026,146,15,6,6,3929645,00-0036040,Juwan Johnson,TE,NO,False,0
2026,147,15,7,5,15818,00-0030279,Keenan Allen,WR,IND,False,0
2026,148,15,8,2,4361432,00-0037816,Romeo Doubs,WR,NE,False,0
2026,149,15,9,1,-16008,,DET D/ST,D/ST,DET,False,0
2026,150,15,10,10,4426385,00-0039165,Zach Charbonnet,RB,SEA,False,0
2026,151,16,1,10,4430834,00-0039855,Jalen McMillan,WR,TB,False,0
2026,152,16,2,1,3116365,00-0034753,Mark Andrews,TE,BAL,False,0
2026,153,16,3,2,-16004,,CIN D/ST,D/ST,CIN,False,0
2026,154,16,5,6,-16030,,JAX D/ST,D/ST,JAX,False,0
2026,155,16,6,3,-16027,,TB D/ST,D/ST,TB,False,0
2026,156,16,7,9,4567104,00-0039404,Will Reichard,K,MIN,False,0
2026,157,16,8,8,4689936,00-0039172,Jake Bates,K,DET,False,0
2026,158,16,9,7,4832800,00-0041037,Denzel Boston,WR,CLE,False,0
2026,159,16,10,4,3925357,00-0034837,Calvin Ridley,WR,TEN,False,0
