season,week,team_id,opp_team_id,is_home,points,opp_points,result,adjustment,adjustment_reason,playoff_tier,is_bye
2018,1,5,9.0,True,95.3,74.2,W,0.0,,NONE,False
2018,1,9,5.0,False,74.2,95.3,L,0.0,,NONE,False
2018,1,2,3.0,True,129.84,124.44,W,0.0,,NONE,False
2018,1,3,2.0,False,124.44,129.84,L,0.0,,NONE,False
2018,1,10,7.0,True,164.76,129.18,W,0.0,,NONE,False
2018,1,7,10.0,False,129.18,164.76,L,0.0,,NONE,False
2018,1,1,4.0,True,163.94,145.42,W,0.0,,NONE,False
2018,1,4,1.0,False,145.42,163.94,L,0.0,,NONE,False
2018,1,6,8.0,True,139.76,122.96,W,0.0,,NONE,False
2018,1,8,6.0,False,122.96,139.76,L,0.0,,NONE,False
2018,2,3,7.0,True,164.54,117.56,W,0.0,,NONE,False
2018,2,7,3.0,False,117.56,164.54,L,0.0,,NONE,False
2018,2,4,5.0,True,121.8,96.34,W,0.0,,NONE,False
2018,2,5,4.0,False,96.34,121.8,L,0.0,,NONE,False
2018,2,8,9.0,True,89.36,163.14,L,0.0,,NONE,False
2018,2,9,8.0,False,163.14,89.36,W,0.0,,NONE,False
2018,2,1,2.0,True,132.66,130.1,W,0.0,,NONE,False
2018,2,2,1.0,False,130.1,132.66,L,0.0,,NONE,False
2018,2,6,10.0,True,134.2,132.48,W,0.0,,NONE,False
2018,2,10,6.0,False,132.48,134.2,L,0.0,,NONE,False
2018,3,4,8.0,True,123.56,138.32,L,0.0,,NONE,False
2018,3,8,4.0,False,138.32,123.56,W,0.0,,NONE,False
2018,3,3,1.0,True,97.2,109.46,L,0.0,,NONE,False
2018,3,1,3.0,False,109.46,97.2,W,0.0,,NONE,False
2018,3,7,6.0,True,130.52,114.74,W,0.0,,NONE,False
2018,3,6,7.0,False,114.74,130.52,L,0.0,,NONE,False
2018,3,5,2.0,True,107.82,114.6,L,0.0,,NONE,False
2018,3,2,5.0,False,114.6,107.82,W,0.0,,NONE,False
2018,3,9,10.0,True,135.14,148.34,L,0.0,,NONE,False
2018,3,10,9.0,False,148.34,135.14,W,0.0,,NONE,False
2018,4,1,6.0,True,175.5,106.44,W,0.0,,NONE,False
2018,4,6,1.0,False,106.44,175.5,L,0.0,,NONE,False
2018,4,2,4.0,True,160.28,125.26,W,0.0,,NONE,False
2018,4,4,2.0,False,125.26,160.28,L,0.0,,NONE,False
2018,4,10,8.0,True,119.38,105.5,W,0.0,,NONE,False
2018,4,8,10.0,False,105.5,119.38,L,0.0,,NONE,False
2018,4,5,3.0,True,80.26,117.42,L,0.0,,NONE,False
2018,4,3,5.0,False,117.42,80.26,W,0.0,,NONE,False
2018,4,9,7.0,True,154.8,130.86,W,0.0,,NONE,False
2018,4,7,9.0,False,130.86,154.8,L,0.0,,NONE,False
2018,5,2,10.0,True,133.38,137.02,L,0.0,,NONE,False
2018,5,10,2.0,False,137.02,133.38,W,0.0,,NONE,False
2018,5,1,5.0,True,107.24,145.4,L,0.0,,NONE,False
2018,5,5,1.0,False,145.4,107.24,W,0.0,,NONE,False
2018,5,6,9.0,True,100.54,102.76,L,0.0,,NONE,False
2018,5,9,6.0,False,102.76,100.54,W,0.0,,NONE,False
2018,5,4,3.0,True,141.5,134.1,W,0.0,,NONE,False
2018,5,3,4.0,False,134.1,141.5,L,0.0,,NONE,False
2018,5,8,7.0,True,104.92,164.14,L,0.0,,NONE,False
2018,5,7,8.0,False,164.14,104.92,W,0.0,,NONE,False
2018,6,9,3.0,True,139.58,144.5,L,0.0,,NONE,False
2018,6,3,9.0,False,144.5,139.58,W,0.0,,NONE,False
2018,6,7,4.0,True,141.4,162.98,L,0.0,,NONE,False
2018,6,4,7.0,False,162.98,141.4,W,0.0,,NONE,False
2018,6,8,1.0,True,72.64,87.84,L,0.0,,NONE,False
2018,6,1,8.0,False,87.84,72.64,W,0.0,,NONE,False
2018,6,6,2.0,True,110.62,133.2,L,0.0,,NONE,False
2018,6,2,6.0,False,133.2,110.62,W,0.0,,NONE,False
2018,6,10,5.0,True,148.12,105.66,W,0.0,,NONE,False
2018,6,5,10.0,False,105.66,148.12,L,0.0,,NONE,False
2018,7,4,9.0,True,157.62,170.94,L,0.0,,NONE,False
2018,7,9,4.0,False,170.94,157.62,W,0.0,,NONE,False
2018,7,1,7.0,True,107.08,94.28,W,0.0,,NONE,False
2018,7,7,1.0,False,94.28,107.08,L,0.0,,NONE,False
2018,7,2,8.0,True,70.02,112.82,L,0.0,,NONE,False
2018,7,8,2.0,False,112.82,70.02,W,0.0,,NONE,False
2018,7,5,6.0,True,114.24,110.9,W,0.0,,NONE,False
2018,7,6,5.0,False,110.9,114.24,L,0.0,,NONE,False
2018,7,3,10.0,True,131.26,142.32,L,0.0,,NONE,False
2018,7,10,3.0,False,142.32,131.26,W,0.0,,NONE,False
2018,8,9,1.0,True,139.44,135.2,W,0.0,,NONE,False
2018,8,1,9.0,False,135.2,139.44,L,0.0,,NONE,False
2018,8,7,2.0,True,128.06,74.36,W,0.0,,NONE,False
2018,8,2,7.0,False,74.36,128.06,L,0.0,,NONE,False
2018,8,8,5.0,True,139.5,137.06,W,0.0,,NONE,False
2018,8,5,8.0,False,137.06,139.5,L,0.0,,NONE,False
2018,8,6,3.0,True,156.36,132.54,W,0.0,,NONE,False
2018,8,3,6.0,False,132.54,156.36,L,0.0,,NONE,False
2018,8,10,4.0,True,135.4,92.72,W,0.0,,NONE,False
2018,8,4,10.0,False,92.72,135.4,L,0.0,,NONE,False
2018,9,2,9.0,True,107.08,161.42,L,0.0,,NONE,False
2018,9,9,2.0,False,161.42,107.08,W,0.0,,NONE,False
2018,9,5,1.0,True,84.88,152.34,L,0.0,,NONE,False
2018,9,1,5.0,False,152.34,84.88,W,0.0,,NONE,False
2018,9,7,10.0,True,117.66,169.48,L,0.0,,NONE,False
2018,9,10,7.0,False,169.48,117.66,W,0.0,,NONE,False
2018,9,3,4.0,True,104.46,103.9,W,0.0,,NONE,False
2018,9,4,3.0,False,103.9,104.46,L,0.0,,NONE,False
2018,9,8,6.0,True,87.3,135.06,L,0.0,,NONE,False
2018,9,6,8.0,False,135.06,87.3,W,0.0,,NONE,False
2018,10,5,7.0,True,107.36,172.86,L,0.0,,NONE,False
2018,10,7,5.0,False,172.86,107.36,W,0.0,,NONE,False
2018,10,3,2.0,True,140.66,137.72,W,0.0,,NONE,False
2018,10,2,3.0,False,137.72,140.66,L,0.0,,NONE,False
2018,10,9,8.0,True,134.52,125.8,W,0.0,,NONE,False
2018,10,8,9.0,False,125.8,134.52,L,0.0,,NONE,False
2018,10,4,1.0,True,164.56,106.12,W,0.0,,NONE,False
2018,10,1,4.0,False,106.12,164.56,L,0.0,,NONE,False
2018,10,10,6.0,True,131.8,120.22,W,0.0,,NONE,False
2018,10,6,10.0,False,120.22,131.8,L,0.0,,NONE,False
2018,11,3,8.0,True,133.28,100.8,W,0.0,,NONE,False
2018,11,8,3.0,False,100.8,133.28,L,0.0,,NONE,False
2018,11,5,4.0,True,110.26,211.92,L,0.0,,NONE,False
2018,11,4,5.0,False,211.92,110.26,W,0.0,,NONE,False
2018,11,6,7.0,True,119.28,166.18,L,0.0,,NONE,False
2018,11,7,6.0,False,166.18,119.28,W,0.0,,NONE,False
2018,11,2,1.0,True,114.18,144.92,L,0.0,,NONE,False
2018,11,1,2.0,False,144.92,114.18,W,0.0,,NONE,False
2018,11,10,9.0,True,108.12,120.44,L,0.0,,NONE,False
2018,11,9,10.0,False,120.44,108.12,W,0.0,,NONE,False
2018,12,4,6.0,True,150.46,144.88,W,0.0,,NONE,False
2018,12,6,4.0,False,144.88,150.46,L,0.0,,NONE,False
2018,12,1,3.0,True,129.12,103.82,W,0.0,,NONE,False
2018,12,3,1.0,False,103.82,129.12,L,0.0,,NONE,False
2018,12,8,10.0,True,55.8,100.74,L,0.0,,NONE,False
2018,12,10,8.0,False,100.74,55.8,W,0.0,,NONE,False
2018,12,2,5.0,True,120.74,117.1,W,0.0,,NONE,False
2018,12,5,2.0,False,117.1,120.74,L,0.0,,NONE,False
2018,12,7,9.0,True,132.72,169.56,L,0.0,,NONE,False
2018,12,9,7.0,False,169.56,132.72,W,0.0,,NONE,False
2018,13,1,10.0,True,127.28,98.48,W,0.0,,NONE,False
2018,13,10,1.0,False,98.48,127.28,L,0.0,,NONE,False
2018,13,4,2.0,True,128.9,103.3,W,0.0,,NONE,False
2018,13,2,4.0,False,103.3,128.9,L,0.0,,NONE,False
2018,13,9,6.0,True,122.06,75.14,W,0.0,,NONE,False
2018,13,6,9.0,False,75.14,122.06,L,0.0,,NONE,False
2018,13,3,5.0,True,109.72,147.38,L,0.0,,NONE,False
2018,13,5,3.0,False,147.38,109.72,W,0.0,,NONE,False
2018,13,7,8.0,True,135.34,87.42,W,0.0,,NONE,False
2018,13,8,7.0,False,87.42,135.34,L,0.0,,NONE,False
2018,14,9,,True,91.7,,BYE,0.0,,WINNERS_BRACKET,True
2018,14,4,7.0,True,157.98,135.18,W,0.0,,WINNERS_BRACKET,False
2018,14,7,4.0,False,135.18,157.98,L,0.0,,WINNERS_BRACKET,False
2018,14,10,3.0,True,178.24,77.14,W,0.0,,WINNERS_BRACKET,False
2018,14,3,10.0,False,77.14,178.24,L,0.0,,WINNERS_BRACKET,False
2018,14,1,,True,107.8,,BYE,0.0,,WINNERS_BRACKET,True
2018,14,2,6.0,True,109.3,129.12,L,0.0,,LOSERS_CONSOLATION_LADDER,False
2018,14,6,2.0,False,129.12,109.3,W,0.0,,LOSERS_CONSOLATION_LADDER,False
2018,14,5,8.0,True,112.38,61.0,W,0.0,,LOSERS_CONSOLATION_LADDER,False
2018,14,8,5.0,False,61.0,112.38,L,0.0,,LOSERS_CONSOLATION_LADDER,False
2018,15,9,4.0,True,99.92,85.02,W,0.0,,WINNERS_BRACKET,False
2018,15,4,9.0,False,85.02,99.92,L,0.0,,WINNERS_BRACKET,False
2018,15,1,10.0,True,113.96,134.82,L,0.0,,WINNERS_BRACKET,False
2018,15,10,1.0,False,134.82,113.96,W,0.0,,WINNERS_BRACKET,False
2018,15,7,3.0,True,112.08,91.06,W,0.0,,WINNERS_CONSOLATION_LADDER,False
2018,15,3,7.0,False,91.06,112.08,L,0.0,,WINNERS_CONSOLATION_LADDER,False
2018,15,6,5.0,True,118.88,119.4,L,0.0,,LOSERS_CONSOLATION_LADDER,False
2018,15,5,6.0,False,119.4,118.88,W,0.0,,LOSERS_CONSOLATION_LADDER,False
2018,15,2,8.0,True,72.44,95.5,L,0.0,,LOSERS_CONSOLATION_LADDER,False
2018,15,8,2.0,False,95.5,72.44,W,0.0,,LOSERS_CONSOLATION_LADDER,False
2018,16,9,10.0,True,149.44,101.44,W,0.0,,WINNERS_BRACKET,False
2018,16,10,9.0,False,101.44,149.44,L,0.0,,WINNERS_BRACKET,False
2018,16,1,4.0,True,103.66,130.72,L,0.0,,WINNERS_CONSOLATION_LADDER,False
2018,16,4,1.0,False,130.72,103.66,W,0.0,,WINNERS_CONSOLATION_LADDER,False
2018,16,7,3.0,True,135.42,108.36,W,0.0,,WINNERS_CONSOLATION_LADDER,False
2018,16,3,7.0,False,108.36,135.42,L,0.0,,WINNERS_CONSOLATION_LADDER,False
2018,16,5,8.0,True,137.8,123.56,W,0.0,,LOSERS_CONSOLATION_LADDER,False
2018,16,8,5.0,False,123.56,137.8,L,0.0,,LOSERS_CONSOLATION_LADDER,False
2018,16,2,6.0,True,123.08,115.94,W,0.0,,LOSERS_CONSOLATION_LADDER,False
2018,16,6,2.0,False,115.94,123.08,L,0.0,,LOSERS_CONSOLATION_LADDER,False
2019,1,5,9.0,True,104.82,183.5,L,0.0,,NONE,False
2019,1,9,5.0,False,183.5,104.82,W,0.0,,NONE,False
2019,1,2,3.0,True,97.44,140.74,L,0.0,,NONE,False
2019,1,3,2.0,False,140.74,97.44,W,0.0,,NONE,False
2019,1,10,7.0,True,128.04,136.32,L,0.0,,NONE,False
2019,1,7,10.0,False,136.32,128.04,W,0.0,,NONE,False
2019,1,1,4.0,True,130.34,113.7,W,0.0,,NONE,False
2019,1,4,1.0,False,113.7,130.34,L,0.0,,NONE,False
2019,1,6,8.0,True,145.12,132.62,W,0.0,,NONE,False
2019,1,8,6.0,False,132.62,145.12,L,0.0,,NONE,False
2019,2,3,7.0,True,105.4,103.74,W,0.0,,NONE,False
2019,2,7,3.0,False,103.74,105.4,L,0.0,,NONE,False
2019,2,4,5.0,True,105.5,127.76,L,0.0,,NONE,False
2019,2,5,4.0,False,127.76,105.5,W,0.0,,NONE,False
2019,2,8,9.0,True,123.42,164.86,L,0.0,,NONE,False
2019,2,9,8.0,False,164.86,123.42,W,0.0,,NONE,False
2019,2,1,2.0,True,117.42,122.86,L,0.0,,NONE,False
2019,2,2,1.0,False,122.86,117.42,W,0.0,,NONE,False
2019,2,6,10.0,True,110.68,130.42,L,0.0,,NONE,False
2019,2,10,6.0,False,130.42,110.68,W,0.0,,NONE,False
2019,3,4,8.0,True,125.36,118.86,W,0.0,,NONE,False
2019,3,8,4.0,False,118.86,125.36,L,0.0,,NONE,False
2019,3,3,1.0,True,120.76,103.82,W,0.0,,NONE,False
2019,3,1,3.0,False,103.82,120.76,L,0.0,,NONE,False
2019,3,7,6.0,True,152.76,103.88,W,0.0,,NONE,False
2019,3,6,7.0,False,103.88,152.76,L,0.0,,NONE,False
2019,3,5,2.0,True,123.9,117.64,W,0.0,,NONE,False
2019,3,2,5.0,False,117.64,123.9,L,0.0,,NONE,False
2019,3,9,10.0,True,111.34,175.62,L,0.0,,NONE,False
2019,3,10,9.0,False,175.62,111.34,W,0.0,,NONE,False
2019,4,1,6.0,True,107.48,101.0,W,0.0,,NONE,False
2019,4,6,1.0,False,101.0,107.48,L,0.0,,NONE,False
2019,4,2,4.0,True,115.2,109.8,W,0.0,,NONE,False
2019,4,4,2.0,False,109.8,115.2,L,0.0,,NONE,False
2019,4,10,8.0,True,121.5,127.1,L,0.0,,NONE,False
2019,4,8,10.0,False,127.1,121.5,W,0.0,,NONE,False
2019,4,5,3.0,True,114.78,101.4,W,0.0,,NONE,False
2019,4,3,5.0,False,101.4,114.78,L,0.0,,NONE,False
2019,4,9,7.0,True,138.62,74.84,W,0.0,,NONE,False
2019,4,7,9.0,False,74.84,138.62,L,0.0,,NONE,False
2019,5,2,10.0,True,91.22,93.14,L,0.0,,NONE,False
2019,5,10,2.0,False,93.14,91.22,W,0.0,,NONE,False
2019,5,1,5.0,True,143.7,175.62,L,0.0,,NONE,False
2019,5,5,1.0,False,175.62,143.7,W,0.0,,NONE,False
2019,5,6,9.0,True,157.74,127.52,W,0.0,,NONE,False
2019,5,9,6.0,False,127.52,157.74,L,0.0,,NONE,False
2019,5,4,3.0,True,98.7,150.02,L,0.0,,NONE,False
2019,5,3,4.0,False,150.02,98.7,W,0.0,,NONE,False
2019,5,8,7.0,True,113.14,137.72,L,0.0,,NONE,False
2019,5,7,8.0,False,137.72,113.14,W,0.0,,NONE,False
2019,6,9,3.0,True,164.92,102.9,W,0.0,,NONE,False
2019,6,3,9.0,False,102.9,164.92,L,0.0,,NONE,False
2019,6,7,4.0,True,130.2,113.72,W,0.0,,NONE,False
2019,6,4,7.0,False,113.72,130.2,L,0.0,,NONE,False
2019,6,8,1.0,True,112.52,106.1,W,0.0,,NONE,False
2019,6,1,8.0,False,106.1,112.52,L,0.0,,NONE,False
2019,6,6,2.0,True,129.7,105.26,W,0.0,,NONE,False
2019,6,2,6.0,False,105.26,129.7,L,0.0,,NONE,False
2019,6,10,5.0,True,100.8,89.82,W,0.0,,NONE,False
2019,6,5,10.0,False,89.82,100.8,L,0.0,,NONE,False
2019,7,4,9.0,True,129.2,92.96,W,0.0,,NONE,False
2019,7,9,4.0,False,92.96,129.2,L,0.0,,NONE,False
2019,7,1,7.0,True,137.02,129.56,W,0.0,,NONE,False
2019,7,7,1.0,False,129.56,137.02,L,0.0,,NONE,False
2019,7,2,8.0,True,99.46,75.24,W,0.0,,NONE,False
2019,7,8,2.0,False,75.24,99.46,L,0.0,,NONE,False
2019,7,5,6.0,True,160.26,93.72,W,0.0,,NONE,False
2019,7,6,5.0,False,93.72,160.26,L,0.0,,NONE,False
2019,7,3,10.0,True,101.94,109.38,L,0.0,,NONE,False
2019,7,10,3.0,False,109.38,101.94,W,0.0,,NONE,False
2019,8,9,1.0,True,143.74,118.88,W,0.0,,NONE,False
2019,8,1,9.0,False,118.88,143.74,L,0.0,,NONE,False
2019,8,7,2.0,True,133.2,122.46,W,0.0,,NONE,False
2019,8,2,7.0,False,122.46,133.2,L,0.0,,NONE,False
2019,8,8,5.0,True,118.68,164.5,L,0.0,,NONE,False
2019,8,5,8.0,False,164.5,118.68,W,0.0,,NONE,False
2019,8,6,3.0,True,122.96,121.48,W,0.0,,NONE,False
2019,8,3,6.0,False,121.48,122.96,L,0.0,,NONE,False
2019,8,10,4.0,True,94.72,110.94,L,0.0,,NONE,False
2019,8,4,10.0,False,110.94,94.72,W,0.0,,NONE,False
2019,9,2,9.0,True,94.6,113.48,L,0.0,,NONE,False
2019,9,9,2.0,False,113.48,94.6,W,0.0,,NONE,False
2019,9,5,1.0,True,140.64,134.5,W,0.0,,NONE,False
2019,9,1,5.0,False,134.5,140.64,L,0.0,,NONE,False
2019,9,7,10.0,True,131.66,123.7,W,0.0,,NONE,False
2019,9,10,7.0,False,123.7,131.66,L,0.0,,NONE,False
2019,9,3,4.0,True,119.92,89.84,W,0.0,,NONE,False
2019,9,4,3.0,False,89.84,119.92,L,0.0,,NONE,False
2019,9,8,6.0,True,131.34,152.94,L,0.0,,NONE,False
2019,9,6,8.0,False,152.94,131.34,W,0.0,,NONE,False
2019,10,5,7.0,True,140.52,133.66,W,0.0,,NONE,False
2019,10,7,5.0,False,133.66,140.52,L,0.0,,NONE,False
2019,10,3,2.0,True,105.68,114.46,L,0.0,,NONE,False
2019,10,2,3.0,False,114.46,105.68,W,0.0,,NONE,False
2019,10,9,8.0,True,109.78,136.64,L,0.0,,NONE,False
2019,10,8,9.0,False,136.64,109.78,W,0.0,,NONE,False
2019,10,4,1.0,True,130.52,161.92,L,0.0,,NONE,False
2019,10,1,4.0,False,161.92,130.52,W,0.0,,NONE,False
2019,10,10,6.0,True,110.18,129.52,L,0.0,,NONE,False
2019,10,6,10.0,False,129.52,110.18,W,0.0,,NONE,False
2019,11,3,8.0,True,118.34,82.38,W,0.0,,NONE,False
2019,11,8,3.0,False,82.38,118.34,L,0.0,,NONE,False
2019,11,5,4.0,True,124.72,132.16,L,0.0,,NONE,False
2019,11,4,5.0,False,132.16,124.72,W,0.0,,NONE,False
2019,11,6,7.0,True,170.48,141.8,W,0.0,,NONE,False
2019,11,7,6.0,False,141.8,170.48,L,0.0,,NONE,False
2019,11,2,1.0,True,82.04,149.62,L,0.0,,NONE,False
2019,11,1,2.0,False,149.62,82.04,W,0.0,,NONE,False
2019,11,10,9.0,True,115.94,72.26,W,0.0,,NONE,False
2019,11,9,10.0,False,72.26,115.94,L,0.0,,NONE,False
2019,12,4,6.0,True,134.02,159.36,L,0.0,,NONE,False
2019,12,6,4.0,False,159.36,134.02,W,0.0,,NONE,False
2019,12,1,3.0,True,138.12,124.1,W,0.0,,NONE,False
2019,12,3,1.0,False,124.1,138.12,L,0.0,,NONE,False
2019,12,8,10.0,True,101.98,91.44,W,0.0,,NONE,False
2019,12,10,8.0,False,91.44,101.98,L,0.0,,NONE,False
2019,12,2,5.0,True,108.4,85.16,W,0.0,,NONE,False
2019,12,5,2.0,False,85.16,108.4,L,0.0,,NONE,False
2019,12,7,9.0,True,120.08,89.68,W,0.0,,NONE,False
2019,12,9,7.0,False,89.68,120.08,L,0.0,,NONE,False
2019,13,1,10.0,True,116.54,93.56,W,0.0,,NONE,False
2019,13,10,1.0,False,93.56,116.54,L,0.0,,NONE,False
2019,13,4,2.0,True,96.2,114.34,L,0.0,,NONE,False
2019,13,2,4.0,False,114.34,96.2,W,0.0,,NONE,False
2019,13,9,6.0,True,100.4,113.6,L,0.0,,NONE,False
2019,13,6,9.0,False,113.6,100.4,W,0.0,,NONE,False
2019,13,3,5.0,True,115.8,97.52,W,0.0,,NONE,False
2019,13,5,3.0,False,97.52,115.8,L,0.0,,NONE,False
2019,13,7,8.0,True,139.66,82.3,W,0.0,,NONE,False
2019,13,8,7.0,False,82.3,139.66,L,0.0,,NONE,False
2019,14,6,,True,149.6,,BYE,0.0,,WINNERS_BRACKET,True
2019,14,1,3.0,True,140.84,124.0,W,0.0,,WINNERS_BRACKET,False
2019,14,3,1.0,False,124.0,140.84,L,0.0,,WINNERS_BRACKET,False
2019,14,7,9.0,True,137.0,85.36,W,0.0,,WINNERS_BRACKET,False
2019,14,9,7.0,False,85.36,137.0,L,0.0,,WINNERS_BRACKET,False
2019,14,5,,True,126.5,,BYE,0.0,,WINNERS_BRACKET,True
2019,14,10,2.0,True,127.84,102.66,W,0.0,,LOSERS_CONSOLATION_LADDER,False
2019,14,2,10.0,False,102.66,127.84,L,0.0,,LOSERS_CONSOLATION_LADDER,False
2019,14,4,8.0,True,118.78,72.92,W,0.0,,LOSERS_CONSOLATION_LADDER,False
2019,14,8,4.0,False,72.92,118.78,L,0.0,,LOSERS_CONSOLATION_LADDER,False
2019,15,6,1.0,True,179.68,104.42,W,0.0,,WINNERS_BRACKET,False
2019,15,1,6.0,False,104.42,179.68,L,0.0,,WINNERS_BRACKET,False
2019,15,5,7.0,True,160.12,170.56,L,0.0,,WINNERS_BRACKET,False
2019,15,7,5.0,False,170.56,160.12,W,0.0,,WINNERS_BRACKET,False
2019,15,3,9.0,True,129.84,65.68,W,0.0,,WINNERS_CONSOLATION_LADDER,False
2019,15,9,3.0,False,65.68,129.84,L,0.0,,WINNERS_CONSOLATION_LADDER,False
2019,15,10,4.0,True,99.16,115.7,L,0.0,,LOSERS_CONSOLATION_LADDER,False
2019,15,4,10.0,False,115.7,99.16,W,0.0,,LOSERS_CONSOLATION_LADDER,False
2019,15,2,8.0,True,147.22,142.0,W,0.0,,LOSERS_CONSOLATION_LADDER,False
2019,15,8,2.0,False,142.0,147.22,L,0.0,,LOSERS_CONSOLATION_LADDER,False
2019,16,6,7.0,True,162.82,154.18,W,0.0,,WINNERS_BRACKET,False
2019,16,7,6.0,False,154.18,162.82,L,0.0,,WINNERS_BRACKET,False
2019,16,5,1.0,True,108.04,123.5,L,0.0,,WINNERS_CONSOLATION_LADDER,False
2019,16,1,5.0,False,123.5,108.04,W,0.0,,WINNERS_CONSOLATION_LADDER,False
2019,16,3,9.0,True,121.76,80.8,W,0.0,,WINNERS_CONSOLATION_LADDER,False
2019,16,9,3.0,False,80.8,121.76,L,0.0,,WINNERS_CONSOLATION_LADDER,False
2019,16,2,4.0,True,113.34,131.22,L,0.0,,LOSERS_CONSOLATION_LADDER,False
2019,16,4,2.0,False,131.22,113.34,W,0.0,,LOSERS_CONSOLATION_LADDER,False
2019,16,10,8.0,True,114.62,127.94,L,0.0,,LOSERS_CONSOLATION_LADDER,False
2019,16,8,10.0,False,127.94,114.62,W,0.0,,LOSERS_CONSOLATION_LADDER,False
2020,1,5,9.0,True,132.4,109.6,W,0.0,,NONE,False
2020,1,9,5.0,False,109.6,132.4,L,0.0,,NONE,False
2020,1,2,3.0,True,134.94,151.68,L,0.0,,NONE,False
2020,1,3,2.0,False,151.68,134.94,W,0.0,,NONE,False
2020,1,10,7.0,True,96.0,146.08,L,0.0,,NONE,False
2020,1,7,10.0,False,146.08,96.0,W,0.0,,NONE,False
2020,1,1,4.0,True,149.1,99.54,W,0.0,,NONE,False
2020,1,4,1.0,False,99.54,149.1,L,0.0,,NONE,False
2020,1,6,8.0,True,101.76,128.32,L,0.0,,NONE,False
2020,1,8,6.0,False,128.32,101.76,W,0.0,,NONE,False
2020,2,3,7.0,True,188.72,142.7,W,0.0,,NONE,False
2020,2,7,3.0,False,142.7,188.72,L,0.0,,NONE,False
2020,2,4,5.0,True,127.38,105.44,W,0.0,,NONE,False
2020,2,5,4.0,False,105.44,127.38,L,0.0,,NONE,False
2020,2,8,9.0,True,94.9,145.36,L,0.0,,NONE,False
2020,2,9,8.0,False,145.36,94.9,W,0.0,,NONE,False
2020,2,1,2.0,True,120.24,125.5,L,0.0,,NONE,False
2020,2,2,1.0,False,125.5,120.24,W,0.0,,NONE,False
2020,2,6,10.0,True,99.48,176.88,L,0.0,,NONE,False
2020,2,10,6.0,False,176.88,99.48,W,0.0,,NONE,False
2020,3,4,8.0,True,140.7,109.36,W,0.0,,NONE,False
2020,3,8,4.0,False,109.36,140.7,L,0.0,,NONE,False
2020,3,3,1.0,True,182.4,118.08,W,0.0,,NONE,False
2020,3,1,3.0,False,118.08,182.4,L,0.0,,NONE,False
2020,3,7,6.0,True,136.14,153.78,L,0.0,,NONE,False
2020,3,6,7.0,False,153.78,136.14,W,0.0,,NONE,False
2020,3,5,2.0,True,110.7,140.88,L,0.0,,NONE,False
2020,3,2,5.0,False,140.88,110.7,W,0.0,,NONE,False
2020,3,9,10.0,True,135.38,129.28,W,0.0,,NONE,False
2020,3,10,9.0,False,129.28,135.38,L,0.0,,NONE,False
2020,4,1,6.0,True,128.6,128.26,W,0.0,,NONE,False
2020,4,6,1.0,False,128.26,128.6,L,0.0,,NONE,False
2020,4,2,4.0,True,158.08,129.44,W,0.0,,NONE,False
2020,4,4,2.0,False,129.44,158.08,L,0.0,,NONE,False
2020,4,10,8.0,True,126.94,107.0,W,0.0,,NONE,False
2020,4,8,10.0,False,107.0,126.94,L,0.0,,NONE,False
2020,4,5,3.0,True,139.12,80.5,W,0.0,,NONE,False
2020,4,3,5.0,False,80.5,139.12,L,0.0,,NONE,False
2020,4,9,7.0,True,155.82,119.72,W,0.0,,NONE,False
2020,4,7,9.0,False,119.72,155.82,L,0.0,,NONE,False
2020,5,2,10.0,True,137.14,161.2,L,0.0,,NONE,False
2020,5,10,2.0,False,161.2,137.14,W,0.0,,NONE,False
2020,5,1,5.0,True,106.94,104.1,W,0.0,,NONE,False
2020,5,5,1.0,False,104.1,106.94,L,0.0,,NONE,False
2020,5,6,9.0,True,96.82,108.7,L,0.0,,NONE,False
2020,5,9,6.0,False,108.7,96.82,W,0.0,,NONE,False
2020,5,4,3.0,True,149.5,111.88,W,0.0,,NONE,False
2020,5,3,4.0,False,111.88,149.5,L,0.0,,NONE,False
2020,5,8,7.0,True,136.56,117.42,W,0.0,,NONE,False
2020,5,7,8.0,False,117.42,136.56,L,0.0,,NONE,False
2020,6,9,3.0,True,117.74,105.3,W,0.0,,NONE,False
2020,6,3,9.0,False,105.3,117.74,L,0.0,,NONE,False
2020,6,7,4.0,True,148.98,138.2,W,0.0,,NONE,False
2020,6,4,7.0,False,138.2,148.98,L,0.0,,NONE,False
2020,6,8,1.0,True,119.6,59.82,W,0.0,,NONE,False
2020,6,1,8.0,False,59.82,119.6,L,0.0,,NONE,False
2020,6,6,2.0,True,107.74,107.92,L,0.0,,NONE,False
2020,6,2,6.0,False,107.92,107.74,W,0.0,,NONE,False
2020,6,10,5.0,True,100.38,104.02,L,0.0,,NONE,False
2020,6,5,10.0,False,104.02,100.38,W,0.0,,NONE,False
2020,7,4,9.0,True,97.1,113.7,L,0.0,,NONE,False
2020,7,9,4.0,False,113.7,97.1,W,0.0,,NONE,False
2020,7,1,7.0,True,138.58,146.48,L,0.0,,NONE,False
2020,7,7,1.0,False,146.48,138.58,W,0.0,,NONE,False
2020,7,2,8.0,True,137.4,73.86,W,0.0,,NONE,False
2020,7,8,2.0,False,73.86,137.4,L,0.0,,NONE,False
2020,7,5,6.0,True,143.1,131.7,W,0.0,,NONE,False
2020,7,6,5.0,False,131.7,143.1,L,0.0,,NONE,False
2020,7,3,10.0,True,154.12,77.42,W,0.0,,NONE,False
2020,7,10,3.0,False,77.42,154.12,L,0.0,,NONE,False
2020,8,9,1.0,True,123.92,136.12,L,0.0,,NONE,False
2020,8,1,9.0,False,136.12,123.92,W,0.0,,NONE,False
2020,8,7,2.0,True,134.96,124.86,W,0.0,,NONE,False
2020,8,2,7.0,False,124.86,134.96,L,0.0,,NONE,False
2020,8,8,5.0,True,95.84,75.42,W,0.0,,NONE,False
2020,8,5,8.0,False,75.42,95.84,L,0.0,,NONE,False
2020,8,6,3.0,True,104.96,137.64,L,0.0,,NONE,False
2020,8,3,6.0,False,137.64,104.96,W,0.0,,NONE,False
2020,8,10,4.0,True,89.76,115.34,L,0.0,,NONE,False
2020,8,4,10.0,False,115.34,89.76,W,0.0,,NONE,False
2020,9,2,9.0,True,131.16,95.0,W,0.0,,NONE,False
2020,9,9,2.0,False,95.0,131.16,L,0.0,,NONE,False
2020,9,5,1.0,True,102.42,154.24,L,0.0,,NONE,False
2020,9,1,5.0,False,154.24,102.42,W,0.0,,NONE,False
2020,9,7,10.0,True,158.3,84.48,W,0.0,,NONE,False
2020,9,10,7.0,False,84.48,158.3,L,0.0,,NONE,False
2020,9,3,4.0,True,87.8,140.48,L,0.0,,NONE,False
2020,9,4,3.0,False,140.48,87.8,W,0.0,,NONE,False
2020,9,8,6.0,True,101.74,55.76,W,0.0,,NONE,False
2020,9,6,8.0,False,55.76,101.74,L,0.0,,NONE,False
2020,10,5,7.0,True,104.5,113.66,L,0.0,,NONE,False
2020,10,7,5.0,False,113.66,104.5,W,0.0,,NONE,False
2020,10,3,2.0,True,128.82,111.92,W,0.0,,NONE,False
2020,10,2,3.0,False,111.92,128.82,L,0.0,,NONE,False
2020,10,9,8.0,True,115.16,54.92,W,0.0,,NONE,False
2020,10,8,9.0,False,54.92,115.16,L,0.0,,NONE,False
2020,10,4,1.0,True,90.0,136.08,L,0.0,,NONE,False
2020,10,1,4.0,False,136.08,90.0,W,0.0,,NONE,False
2020,10,10,6.0,True,78.14,89.04,L,0.0,,NONE,False
2020,10,6,10.0,False,89.04,78.14,W,0.0,,NONE,False
2020,11,3,8.0,True,105.28,97.26,W,0.0,,NONE,False
2020,11,8,3.0,False,97.26,105.28,L,0.0,,NONE,False
2020,11,5,4.0,True,129.16,122.08,W,0.0,,NONE,False
2020,11,4,5.0,False,122.08,129.16,L,0.0,,NONE,False
2020,11,6,7.0,True,131.78,118.02,W,0.0,,NONE,False
2020,11,7,6.0,False,118.02,131.78,L,0.0,,NONE,False
2020,11,2,1.0,True,126.78,95.64,W,0.0,,NONE,False
2020,11,1,2.0,False,95.64,126.78,L,0.0,,NONE,False
2020,11,10,9.0,True,121.2,133.56,L,0.0,,NONE,False
2020,11,9,10.0,False,133.56,121.2,W,0.0,,NONE,False
2020,12,4,6.0,True,157.68,105.7,W,0.0,,NONE,False
2020,12,6,4.0,False,105.7,157.68,L,0.0,,NONE,False
2020,12,1,3.0,True,117.44,121.4,L,0.0,,NONE,False
2020,12,3,1.0,False,121.4,117.44,W,0.0,,NONE,False
2020,12,8,10.0,True,145.92,73.56,W,0.0,,NONE,False
2020,12,10,8.0,False,73.56,145.92,L,0.0,,NONE,False
2020,12,2,5.0,True,159.2,126.7,W,0.0,,NONE,False
2020,12,5,2.0,False,126.7,159.2,L,0.0,,NONE,False
2020,12,7,9.0,True,128.58,91.2,W,0.0,,NONE,False
2020,12,9,7.0,False,91.2,128.58,L,0.0,,NONE,False
2020,13,1,10.0,True,128.2,103.26,W,0.0,,NONE,False
2020,13,10,1.0,False,103.26,128.2,L,0.0,,NONE,False
2020,13,4,2.0,True,59.62,94.2,L,0.0,,NONE,False
2020,13,2,4.0,False,94.2,59.62,W,0.0,,NONE,False
2020,13,9,6.0,True,101.58,121.1,L,0.0,,NONE,False
2020,13,6,9.0,False,121.1,101.58,W,0.0,,NONE,False
2020,13,3,5.0,True,136.02,107.42,W,0.0,,NONE,False
2020,13,5,3.0,False,107.42,136.02,L,0.0,,NONE,False
2020,13,7,8.0,True,129.5,127.04,W,0.0,,NONE,False
2020,13,8,7.0,False,127.04,129.5,L,0.0,,NONE,False
2020,14,3,,True,138.44,,BYE,0.0,,WINNERS_BRACKET,True
2020,14,9,1.0,True,161.22,136.1,W,0.0,,WINNERS_BRACKET,False
2020,14,1,9.0,False,136.1,161.22,L,0.0,,WINNERS_BRACKET,False
2020,14,2,4.0,True,105.16,170.82,L,0.0,,WINNERS_BRACKET,False
2020,14,4,2.0,False,170.82,105.16,W,0.0,,WINNERS_BRACKET,False
2020,14,7,,True,88.32,,BYE,0.0,,WINNERS_BRACKET,True
2020,14,8,5.0,True,90.16,98.96,L,0.0,,LOSERS_CONSOLATION_LADDER,False
2020,14,5,8.0,False,98.96,90.16,W,0.0,,LOSERS_CONSOLATION_LADDER,False
2020,14,6,10.0,True,125.48,68.86,W,0.0,,LOSERS_CONSOLATION_LADDER,False
2020,14,10,6.0,False,68.86,125.48,L,0.0,,LOSERS_CONSOLATION_LADDER,False
2020,15,3,9.0,True,119.84,118.12,W,0.0,,WINNERS_BRACKET,False
2020,15,9,3.0,False,118.12,119.84,L,0.0,,WINNERS_BRACKET,False
2020,15,7,4.0,True,146.46,133.26,W,0.0,,WINNERS_BRACKET,False
2020,15,4,7.0,False,133.26,146.46,L,0.0,,WINNERS_BRACKET,False
2020,15,2,1.0,True,108.28,127.06,L,0.0,,WINNERS_CONSOLATION_LADDER,False
2020,15,1,2.0,False,127.06,108.28,W,0.0,,WINNERS_CONSOLATION_LADDER,False
2020,15,5,6.0,True,137.24,89.8,W,0.0,,LOSERS_CONSOLATION_LADDER,False
2020,15,6,5.0,False,89.8,137.24,L,0.0,,LOSERS_CONSOLATION_LADDER,False
2020,15,8,10.0,True,138.62,156.82,L,0.0,,LOSERS_CONSOLATION_LADDER,False
2020,15,10,8.0,False,156.82,138.62,W,0.0,,LOSERS_CONSOLATION_LADDER,False
2020,16,3,7.0,True,170.0,148.2,W,0.0,,WINNERS_BRACKET,False
2020,16,7,3.0,False,148.2,170.0,L,0.0,,WINNERS_BRACKET,False
2020,16,9,4.0,True,169.22,105.42,W,0.0,,WINNERS_CONSOLATION_LADDER,False
2020,16,4,9.0,False,105.42,169.22,L,0.0,,WINNERS_CONSOLATION_LADDER,False
2020,16,2,1.0,True,133.6,106.52,W,0.0,,WINNERS_CONSOLATION_LADDER,False
2020,16,1,2.0,False,106.52,133.6,L,0.0,,WINNERS_CONSOLATION_LADDER,False
2020,16,5,10.0,True,127.58,101.48,W,0.0,,LOSERS_CONSOLATION_LADDER,False
2020,16,10,5.0,False,101.48,127.58,L,0.0,,LOSERS_CONSOLATION_LADDER,False
2020,16,8,6.0,True,111.76,142.34,L,0.0,,LOSERS_CONSOLATION_LADDER,False
2020,16,6,8.0,False,142.34,111.76,W,0.0,,LOSERS_CONSOLATION_LADDER,False
2021,1,1,6.0,True,112.58,98.1,W,0.0,,NONE,False
2021,1,6,1.0,False,98.1,112.58,L,0.0,,NONE,False
2021,1,2,5.0,True,118.62,168.26,L,0.0,,NONE,False
2021,1,5,2.0,False,168.26,118.62,W,0.0,,NONE,False
2021,1,9,7.0,True,98.02,129.26,L,0.0,,NONE,False
2021,1,7,9.0,False,129.26,98.02,W,0.0,,NONE,False
2021,1,4,3.0,True,148.68,88.46,W,0.0,,NONE,False
2021,1,3,4.0,False,88.46,148.68,L,0.0,,NONE,False
2021,1,8,10.0,True,143.64,146.54,L,0.0,,NONE,False
2021,1,10,8.0,False,146.54,143.64,W,0.0,,NONE,False
2021,2,5,7.0,True,116.6,107.42,W,0.0,,NONE,False
2021,2,7,5.0,False,107.42,116.6,L,0.0,,NONE,False
2021,2,3,1.0,True,125.64,131.52,L,0.0,,NONE,False
2021,2,1,3.0,False,131.52,125.64,W,0.0,,NONE,False
2021,2,10,6.0,True,123.76,136.06,L,0.0,,NONE,False
2021,2,6,10.0,False,136.06,123.76,W,0.0,,NONE,False
2021,2,4,2.0,True,152.22,88.18,W,0.0,,NONE,False
2021,2,2,4.0,False,88.18,152.22,L,0.0,,NONE,False
2021,2,8,9.0,True,113.52,153.2,L,0.0,,NONE,False
2021,2,9,8.0,False,153.2,113.52,W,0.0,,NONE,False
2021,3,3,10.0,True,117.78,162.48,L,0.0,,NONE,False
2021,3,10,3.0,False,162.48,117.78,W,0.0,,NONE,False
2021,3,5,4.0,True,87.84,113.3,L,0.0,,NONE,False
2021,3,4,5.0,False,113.3,87.84,W,0.0,,NONE,False
2021,3,7,8.0,True,112.32,124.64,L,0.0,,NONE,False
2021,3,8,7.0,False,124.64,112.32,W,0.0,,NONE,False
2021,3,1,2.0,True,123.04,166.52,L,0.0,,NONE,False
2021,3,2,1.0,False,166.52,123.04,W,0.0,,NONE,False
2021,3,6,9.0,True,134.72,129.54,W,0.0,,NONE,False
2021,3,9,6.0,False,129.54,134.72,L,0.0,,NONE,False
2021,4,4,8.0,True,135.52,90.3,W,0.0,,NONE,False
2021,4,8,4.0,False,90.3,135.52,L,0.0,,NONE,False
2021,4,2,3.0,True,111.42,111.86,L,0.0,,NONE,False
2021,4,3,2.0,False,111.86,111.42,W,0.0,,NONE,False
2021,4,9,10.0,True,119.12,86.1,W,0.0,,NONE,False
2021,4,10,9.0,False,86.1,119.12,L,0.0,,NONE,False
2021,4,1,5.0,True,108.48,171.22,L,0.0,,NONE,False
2021,4,5,1.0,False,171.22,108.48,W,0.0,,NONE,False
2021,4,6,7.0,True,164.32,122.86,W,0.0,,NONE,False
2021,4,7,6.0,False,122.86,164.32,L,0.0,,NONE,False
2021,5,2,9.0,True,133.88,161.76,L,0.0,,NONE,False
2021,5,9,2.0,False,161.76,133.88,W,0.0,,NONE,False
2021,5,4,1.0,True,127.58,108.82,W,0.0,,NONE,False
2021,5,1,4.0,False,108.82,127.58,L,0.0,,NONE,False
2021,5,8,6.0,True,109.78,127.4,L,0.0,,NONE,False
2021,5,6,8.0,False,127.4,109.78,W,0.0,,NONE,False
2021,5,3,5.0,True,170.04,157.86,W,0.0,,NONE,False
2021,5,5,3.0,False,157.86,170.04,L,0.0,,NONE,False
2021,5,10,7.0,True,148.48,118.88,W,0.0,,NONE,False
2021,5,7,10.0,False,118.88,148.48,L,0.0,,NONE,False
2021,6,6,5.0,True,139.02,142.06,L,0.0,,NONE,False
2021,6,5,6.0,False,142.06,139.02,W,0.0,,NONE,False
2021,6,7,3.0,True,87.28,135.28,L,0.0,,NONE,False
2021,6,3,7.0,False,135.28,87.28,W,0.0,,NONE,False
2021,6,10,4.0,True,79.78,144.38,L,0.0,,NONE,False
2021,6,4,10.0,False,144.38,79.78,W,0.0,,NONE,False
2021,6,8,2.0,True,108.98,160.5,L,0.0,,NONE,False
2021,6,2,8.0,False,160.5,108.98,W,0.0,,NONE,False
2021,6,9,1.0,True,134.0,125.2,W,0.0,,NONE,False
2021,6,1,9.0,False,125.2,134.0,L,0.0,,NONE,False
2021,7,3,6.0,True,118.94,125.44,L,0.0,,NONE,False
2021,7,6,3.0,False,125.44,118.94,W,0.0,,NONE,False
2021,7,4,7.0,True,147.04,121.02,W,0.0,,NONE,False
2021,7,7,4.0,False,121.02,147.04,L,0.0,,NONE,False
2021,7,2,10.0,True,128.54,106.76,W,0.0,,NONE,False
2021,7,10,2.0,False,106.76,128.54,L,0.0,,NONE,False
2021,7,1,8.0,True,115.3,121.98,L,0.0,,NONE,False
2021,7,8,1.0,False,121.98,115.3,W,0.0,,NONE,False
2021,7,5,9.0,True,116.84,111.56,W,0.0,,NONE,False
2021,7,9,5.0,False,111.56,116.84,L,0.0,,NONE,False
2021,8,6,4.0,True,91.96,128.9,L,0.0,,NONE,False
2021,8,4,6.0,False,128.9,91.96,W,0.0,,NONE,False
2021,8,7,2.0,True,139.44,72.64,W,0.0,,NONE,False
2021,8,2,7.0,False,72.64,139.44,L,0.0,,NONE,False
2021,8,10,1.0,True,107.3,104.42,W,0.0,,NONE,False
2021,8,1,10.0,False,104.42,107.3,L,0.0,,NONE,False
2021,8,8,5.0,True,111.16,71.46,W,0.0,,NONE,False
2021,8,5,8.0,False,71.46,111.16,L,0.0,,NONE,False
2021,8,9,3.0,True,141.12,146.4,L,0.0,,NONE,False
2021,8,3,9.0,False,146.4,141.12,W,0.0,,NONE,False
2021,9,2,6.0,True,100.88,77.06,W,0.0,,NONE,False
2021,9,6,2.0,False,77.06,100.88,L,0.0,,NONE,False
2021,9,1,4.0,True,110.54,108.04,W,0.0,,NONE,False
2021,9,4,1.0,False,108.04,110.54,L,0.0,,NONE,False
2021,9,7,9.0,True,139.58,85.54,W,0.0,,NONE,False
2021,9,9,7.0,False,85.54,139.58,L,0.0,,NONE,False
2021,9,5,3.0,True,103.5,91.18,W,0.0,,NONE,False
2021,9,3,5.0,False,91.18,103.5,L,0.0,,NONE,False
2021,9,10,8.0,True,127.34,112.02,W,0.0,,NONE,False
2021,9,8,10.0,False,112.02,127.34,L,0.0,,NONE,False
2021,10,1,7.0,True,102.0,124.14,L,0.0,,NONE,False
2021,10,7,1.0,False,124.14,102.0,W,0.0,,NONE,False
2021,10,5,2.0,True,97.44,106.84,L,0.0,,NONE,False
2021,10,2,5.0,False,106.84,97.44,W,0.0,,NONE,False
2021,10,6,10.0,True,136.6,139.52,L,0.0,,NONE,False
2021,10,10,6.0,False,139.52,136.6,W,0.0,,NONE,False
2021,10,3,4.0,True,108.3,122.34,L,0.0,,NONE,False
2021,10,4,3.0,False,122.34,108.3,W,0.0,,NONE,False
2021,10,9,8.0,True,125.48,121.12,W,0.0,,NONE,False
2021,10,8,9.0,False,121.12,125.48,L,0.0,,NONE,False
2021,11,5,10.0,True,104.82,135.14,L,0.0,,NONE,False
2021,11,10,5.0,False,135.14,104.82,W,0.0,,NONE,False
2021,11,1,3.0,True,118.18,111.38,W,0.0,,NONE,False
2021,11,3,1.0,False,111.38,118.18,L,0.0,,NONE,False
2021,11,8,7.0,True,136.32,90.38,W,0.0,,NONE,False
2021,11,7,8.0,False,90.38,136.32,L,0.0,,NONE,False
2021,11,2,4.0,True,109.34,119.9,L,0.0,,NONE,False
2021,11,4,2.0,False,119.9,109.34,W,0.0,,NONE,False
2021,11,9,6.0,True,122.3,108.96,W,0.0,,NONE,False
2021,11,6,9.0,False,108.96,122.3,L,0.0,,NONE,False
2021,12,3,8.0,True,100.44,71.72,W,0.0,,NONE,False
2021,12,8,3.0,False,71.72,100.44,L,0.0,,NONE,False
2021,12,4,5.0,True,95.8,73.68,W,0.0,,NONE,False
2021,12,5,4.0,False,73.68,95.8,L,0.0,,NONE,False
2021,12,10,9.0,True,90.66,121.58,L,0.0,,NONE,False
2021,12,9,10.0,False,121.58,90.66,W,0.0,,NONE,False
2021,12,2,1.0,True,124.6,146.92,L,0.0,,NONE,False
2021,12,1,2.0,False,146.92,124.6,W,0.0,,NONE,False
2021,12,7,6.0,True,96.38,131.1,L,0.0,,NONE,False
2021,12,6,7.0,False,131.1,96.38,W,0.0,,NONE,False
2021,13,4,9.0,True,82.16,117.06,L,0.0,,NONE,False
2021,13,9,4.0,False,117.06,82.16,W,0.0,,NONE,False
2021,13,3,2.0,True,135.82,94.02,W,0.0,,NONE,False
2021,13,2,3.0,False,94.02,135.82,L,0.0,,NONE,False
2021,13,6,8.0,True,123.9,134.96,L,0.0,,NONE,False
2021,13,8,6.0,False,134.96,123.9,W,0.0,,NONE,False
2021,13,5,1.0,True,128.82,134.58,L,0.0,,NONE,False
2021,13,1,5.0,False,134.58,128.82,W,0.0,,NONE,False
2021,13,7,10.0,True,126.34,163.92,L,0.0,,NONE,False
2021,13,10,7.0,False,163.92,126.34,W,0.0,,NONE,False
2021,14,6,1.0,True,127.42,158.6,L,0.0,,NONE,False
2021,14,1,6.0,False,158.6,127.42,W,0.0,,NONE,False
2021,14,7,5.0,True,151.5,72.12,W,0.0,,NONE,False
2021,14,5,7.0,False,72.12,151.5,L,0.0,,NONE,False
2021,14,10,3.0,True,126.28,159.42,L,0.0,,NONE,False
2021,14,3,10.0,False,159.42,126.28,W,0.0,,NONE,False
2021,14,8,4.0,True,88.92,138.52,L,0.0,,NONE,False
2021,14,4,8.0,False,138.52,88.92,W,0.0,,NONE,False
2021,14,9,2.0,True,124.4,143.14,L,0.0,,NONE,False
2021,14,2,9.0,False,143.14,124.4,W,0.0,,NONE,False
2021,15,4,,True,120.9,,BYE,0.0,,WINNERS_BRACKET,True
2021,15,3,1.0,True,93.96,120.24,L,0.0,,WINNERS_BRACKET,False
2021,15,1,3.0,False,120.24,93.96,W,0.0,,WINNERS_BRACKET,False
2021,15,10,6.0,True,78.36,125.5,L,0.0,,WINNERS_BRACKET,False
2021,15,6,10.0,False,125.5,78.36,W,0.0,,WINNERS_BRACKET,False
2021,15,9,,True,105.76,,BYE,0.0,,WINNERS_BRACKET,True
2021,15,2,5.0,True,90.58,88.88,W,0.0,,LOSERS_CONSOLATION_LADDER,False
2021,15,5,2.0,False,88.88,90.58,L,0.0,,LOSERS_CONSOLATION_LADDER,False
2021,15,7,8.0,True,65.04,138.44,L,0.0,,LOSERS_CONSOLATION_LADDER,False
2021,15,8,7.0,False,138.44,65.04,W,0.0,,LOSERS_CONSOLATION_LADDER,False
2021,16,4,1.0,True,88.62,146.94,L,0.0,,WINNERS_BRACKET,False
2021,16,1,4.0,False,146.94,88.62,W,0.0,,WINNERS_BRACKET,False
2021,16,9,6.0,True,114.98,147.86,L,0.0,,WINNERS_BRACKET,False
2021,16,6,9.0,False,147.86,114.98,W,0.0,,WINNERS_BRACKET,False
2021,16,10,3.0,True,72.98,121.28,L,0.0,,WINNERS_CONSOLATION_LADDER,False
2021,16,3,10.0,False,121.28,72.98,W,0.0,,WINNERS_CONSOLATION_LADDER,False
2021,16,2,8.0,True,130.2,95.54,W,0.0,,LOSERS_CONSOLATION_LADDER,False
2021,16,8,2.0,False,95.54,130.2,L,0.0,,LOSERS_CONSOLATION_LADDER,False
2021,16,5,7.0,True,128.3,108.14,W,0.0,,LOSERS_CONSOLATION_LADDER,False
2021,16,7,5.0,False,108.14,128.3,L,0.0,,LOSERS_CONSOLATION_LADDER,False
2021,17,1,6.0,True,78.58,96.2,L,0.0,,WINNERS_BRACKET,False
2021,17,6,1.0,False,96.2,78.58,W,0.0,,WINNERS_BRACKET,False
2021,17,4,9.0,True,178.86,109.12,W,0.0,,WINNERS_CONSOLATION_LADDER,False
2021,17,9,4.0,False,109.12,178.86,L,0.0,,WINNERS_CONSOLATION_LADDER,False
2021,17,10,3.0,True,91.56,121.9,L,0.0,,WINNERS_CONSOLATION_LADDER,False
2021,17,3,10.0,False,121.9,91.56,W,0.0,,WINNERS_CONSOLATION_LADDER,False
2021,17,2,5.0,True,123.84,83.32,W,0.0,,LOSERS_CONSOLATION_LADDER,False
2021,17,5,2.0,False,83.32,123.84,L,0.0,,LOSERS_CONSOLATION_LADDER,False
2021,17,7,8.0,True,162.44,103.9,W,0.0,,LOSERS_CONSOLATION_LADDER,False
2021,17,8,7.0,False,103.9,162.44,L,0.0,,LOSERS_CONSOLATION_LADDER,False
2022,1,1,6.0,True,70.22,178.02,L,0.0,,NONE,False
2022,1,6,1.0,False,178.02,70.22,W,0.0,,NONE,False
2022,1,2,5.0,True,148.42,113.28,W,0.0,,NONE,False
2022,1,5,2.0,False,113.28,148.42,L,0.0,,NONE,False
2022,1,9,7.0,True,93.9,154.8,L,0.0,,NONE,False
2022,1,7,9.0,False,154.8,93.9,W,0.0,,NONE,False
2022,1,4,3.0,True,80.6,113.16,L,0.0,,NONE,False
2022,1,3,4.0,False,113.16,80.6,W,0.0,,NONE,False
2022,1,8,10.0,True,125.18,120.86,W,0.0,,NONE,False
2022,1,10,8.0,False,120.86,125.18,L,0.0,,NONE,False
2022,2,5,7.0,True,124.5,162.5,L,0.0,,NONE,False
2022,2,7,5.0,False,162.5,124.5,W,0.0,,NONE,False
2022,2,3,1.0,True,103.18,131.12,L,0.0,,NONE,False
2022,2,1,3.0,False,131.12,103.18,W,0.0,,NONE,False
2022,2,10,6.0,True,152.56,157.32,L,0.0,,NONE,False
2022,2,6,10.0,False,157.32,152.56,W,0.0,,NONE,False
2022,2,4,2.0,True,112.06,91.46,W,0.0,,NONE,False
2022,2,2,4.0,False,91.46,112.06,L,0.0,,NONE,False
2022,2,8,9.0,True,140.48,82.56,W,0.0,,NONE,False
2022,2,9,8.0,False,82.56,140.48,L,0.0,,NONE,False
2022,3,3,10.0,True,115.72,107.28,W,0.0,,NONE,False
2022,3,10,3.0,False,107.28,115.72,L,0.0,,NONE,False
2022,3,5,4.0,True,83.58,89.6,L,0.0,,NONE,False
2022,3,4,5.0,False,89.6,83.58,W,0.0,,NONE,False
2022,3,7,8.0,True,123.58,117.5,W,0.0,,NONE,False
2022,3,8,7.0,False,117.5,123.58,L,0.0,,NONE,False
2022,3,1,2.0,True,118.82,90.1,W,0.0,,NONE,False
2022,3,2,1.0,False,90.1,118.82,L,0.0,,NONE,False
2022,3,6,9.0,True,144.2,79.06,W,0.0,,NONE,False
2022,3,9,6.0,False,79.06,144.2,L,0.0,,NONE,False
2022,4,4,8.0,True,108.74,110.82,L,0.0,,NONE,False
2022,4,8,4.0,False,110.82,108.74,W,0.0,,NONE,False
2022,4,2,3.0,True,147.48,84.1,W,0.0,,NONE,False
2022,4,3,2.0,False,84.1,147.48,L,0.0,,NONE,False
2022,4,9,10.0,True,111.38,163.3,L,0.0,,NONE,False
2022,4,10,9.0,False,163.3,111.38,W,0.0,,NONE,False
2022,4,1,5.0,True,125.16,130.8,L,0.0,,NONE,False
2022,4,5,1.0,False,130.8,125.16,W,0.0,,NONE,False
2022,4,6,7.0,True,145.96,149.86,L,0.0,,NONE,False
2022,4,7,6.0,False,149.86,145.96,W,0.0,,NONE,False
2022,5,2,9.0,True,124.2,114.46,W,0.0,,NONE,False
2022,5,9,2.0,False,114.46,124.2,L,0.0,,NONE,False
2022,5,4,1.0,True,76.74,112.26,L,0.0,,NONE,False
2022,5,1,4.0,False,112.26,76.74,W,0.0,,NONE,False
2022,5,8,6.0,True,126.96,189.46,L,0.0,,NONE,False
2022,5,6,8.0,False,189.46,126.96,W,0.0,,NONE,False
2022,5,3,5.0,True,123.44,104.44,W,0.0,,NONE,False
2022,5,5,3.0,False,104.44,123.44,L,0.0,,NONE,False
2022,5,10,7.0,True,114.22,134.68,L,0.0,,NONE,False
2022,5,7,10.0,False,134.68,114.22,W,0.0,,NONE,False
2022,6,6,5.0,True,139.1,92.82,W,0.0,,NONE,False
2022,6,5,6.0,False,92.82,139.1,L,0.0,,NONE,False
2022,6,7,3.0,True,157.18,75.5,W,0.0,,NONE,False
2022,6,3,7.0,False,75.5,157.18,L,0.0,,NONE,False
2022,6,10,4.0,True,123.22,107.08,W,0.0,,NONE,False
2022,6,4,10.0,False,107.08,123.22,L,0.0,,NONE,False
2022,6,8,2.0,True,101.06,102.9,L,0.0,,NONE,False
2022,6,2,8.0,False,102.9,101.06,W,0.0,,NONE,False
2022,6,9,1.0,True,95.42,108.6,L,0.0,,NONE,False
2022,6,1,9.0,False,108.6,95.42,W,0.0,,NONE,False
2022,7,3,6.0,True,113.94,105.6,W,0.0,,NONE,False
2022,7,6,3.0,False,105.6,113.94,L,0.0,,NONE,False
2022,7,4,7.0,True,95.4,122.42,L,0.0,,NONE,False
2022,7,7,4.0,False,122.42,95.4,W,0.0,,NONE,False
2022,7,2,10.0,True,158.54,109.22,W,0.0,,NONE,False
2022,7,10,2.0,False,109.22,158.54,L,0.0,,NONE,False
2022,7,1,8.0,True,78.0,102.44,L,0.0,,NONE,False
2022,7,8,1.0,False,102.44,78.0,W,0.0,,NONE,False
2022,7,5,9.0,True,149.7,138.28,W,0.0,,NONE,False
2022,7,9,5.0,False,138.28,149.7,L,0.0,,NONE,False
2022,8,6,4.0,True,149.6,128.42,W,0.0,,NONE,False
2022,8,4,6.0,False,128.42,149.6,L,0.0,,NONE,False
2022,8,7,2.0,True,107.84,111.64,L,0.0,,NONE,False
2022,8,2,7.0,False,111.64,107.84,W,0.0,,NONE,False
2022,8,10,1.0,True,162.26,160.58,W,0.0,,NONE,False
2022,8,1,10.0,False,160.58,162.26,L,0.0,,NONE,False
2022,8,8,5.0,True,137.42,133.3,W,0.0,,NONE,False
2022,8,5,8.0,False,133.3,137.42,L,0.0,,NONE,False
2022,8,9,3.0,True,124.3,111.88,W,0.0,,NONE,False
2022,8,3,9.0,False,111.88,124.3,L,0.0,,NONE,False
2022,9,2,6.0,True,123.74,159.02,L,0.0,,NONE,False
2022,9,6,2.0,False,159.02,123.74,W,0.0,,NONE,False
2022,9,1,4.0,True,114.22,104.62,W,0.0,,NONE,False
2022,9,4,1.0,False,104.62,114.22,L,0.0,,NONE,False
2022,9,7,9.0,True,106.54,145.66,L,0.0,,NONE,False
2022,9,9,7.0,False,145.66,106.54,W,0.0,,NONE,False
2022,9,5,3.0,True,111.14,121.6,L,0.0,,NONE,False
2022,9,3,5.0,False,121.6,111.14,W,0.0,,NONE,False
2022,9,10,8.0,True,96.4,116.3,L,0.0,,NONE,False
2022,9,8,10.0,False,116.3,96.4,W,0.0,,NONE,False
2022,10,1,7.0,True,131.78,104.84,W,0.0,,NONE,False
2022,10,7,1.0,False,104.84,131.78,L,0.0,,NONE,False
2022,10,5,2.0,True,139.52,108.88,W,0.0,,NONE,False
2022,10,2,5.0,False,108.88,139.52,L,0.0,,NONE,False
2022,10,6,10.0,True,95.9,107.64,L,0.0,,NONE,False
2022,10,10,6.0,False,107.64,95.9,W,0.0,,NONE,False
2022,10,3,4.0,True,119.78,137.58,L,0.0,,NONE,False
2022,10,4,3.0,False,137.58,119.78,W,0.0,,NONE,False
2022,10,9,8.0,True,70.7,82.5,L,0.0,,NONE,False
2022,10,8,9.0,False,82.5,70.7,W,0.0,,NONE,False
2022,11,5,10.0,True,140.62,89.2,W,0.0,,NONE,False
2022,11,10,5.0,False,89.2,140.62,L,0.0,,NONE,False
2022,11,7,3.0,True,125.26,83.94,W,0.0,,NONE,False
2022,11,3,7.0,False,83.94,125.26,L,0.0,,NONE,False
2022,11,8,1.0,True,87.14,98.46,L,0.0,,NONE,False
2022,11,1,8.0,False,98.46,87.14,W,0.0,,NONE,False
2022,11,2,9.0,True,106.5,110.64,L,0.0,,NONE,False
2022,11,9,2.0,False,110.64,106.5,W,0.0,,NONE,False
2022,11,4,6.0,True,121.32,165.8,L,0.0,,NONE,False
2022,11,6,4.0,False,165.8,121.32,W,0.0,,NONE,False
2022,12,3,8.0,True,104.16,118.02,L,0.0,,NONE,False
2022,12,8,3.0,False,118.02,104.16,W,0.0,,NONE,False
2022,12,4,5.0,True,137.52,153.74,L,0.0,,NONE,False
2022,12,5,4.0,False,153.74,137.52,W,0.0,,NONE,False
2022,12,10,9.0,True,135.86,83.24,W,0.0,,NONE,False
2022,12,9,10.0,False,83.24,135.86,L,0.0,,NONE,False
2022,12,2,1.0,True,147.74,124.56,W,0.0,,NONE,False
2022,12,1,2.0,False,124.56,147.74,L,0.0,,NONE,False
2022,12,7,6.0,True,122.0,108.82,W,0.0,,NONE,False
2022,12,6,7.0,False,108.82,122.0,L,0.0,,NONE,False
2022,13,4,9.0,True,110.86,111.0,L,0.0,,NONE,False
2022,13,9,4.0,False,111.0,110.86,W,0.0,,NONE,False
2022,13,3,2.0,True,130.12,149.64,L,0.0,,NONE,False
2022,13,2,3.0,False,149.64,130.12,W,0.0,,NONE,False
2022,13,6,8.0,True,139.1,109.92,W,0.0,,NONE,False
2022,13,8,6.0,False,109.92,139.1,L,0.0,,NONE,False
2022,13,7,1.0,True,99.82,108.04,L,0.0,,NONE,False
2022,13,1,7.0,False,108.04,99.82,W,0.0,,NONE,False
2022,13,5,10.0,True,139.44,106.7,W,0.0,,NONE,False
2022,13,10,5.0,False,106.7,139.44,L,0.0,,NONE,False
2022,14,5,1.0,True,83.56,135.52,L,0.0,,NONE,False
2022,14,1,5.0,False,135.52,83.56,W,0.0,,NONE,False
2022,14,7,8.0,True,135.28,123.08,W,0.0,,NONE,False
2022,14,8,7.0,False,123.08,135.28,L,0.0,,NONE,False
2022,14,10,3.0,True,93.28,112.0,L,0.0,,NONE,False
2022,14,3,10.0,False,112.0,93.28,W,0.0,,NONE,False
2022,14,2,4.0,True,135.96,79.06,W,0.0,,NONE,False
2022,14,4,2.0,False,79.06,135.96,L,0.0,,NONE,False
2022,14,9,6.0,True,91.46,101.28,L,0.0,,NONE,False
2022,14,6,9.0,False,101.28,91.46,W,0.0,,NONE,False
2022,15,6,,True,133.6,,BYE,0.0,,WINNERS_BRACKET,True
2022,15,1,8.0,True,110.3,127.86,L,0.0,,WINNERS_BRACKET,False
2022,15,8,1.0,False,127.86,110.3,W,0.0,,WINNERS_BRACKET,False
2022,15,7,5.0,True,135.74,95.34,W,0.0,,WINNERS_BRACKET,False
2022,15,5,7.0,False,95.34,135.74,L,0.0,,WINNERS_BRACKET,False
2022,15,2,,True,142.28,,BYE,0.0,,WINNERS_BRACKET,True
2022,15,3,10.0,True,139.3,105.02,W,0.0,,LOSERS_CONSOLATION_LADDER,False
2022,15,10,3.0,False,105.02,139.3,L,0.0,,LOSERS_CONSOLATION_LADDER,False
2022,15,9,4.0,True,130.04,130.62,L,0.0,,LOSERS_CONSOLATION_LADDER,False
2022,15,4,9.0,False,130.62,130.04,W,0.0,,LOSERS_CONSOLATION_LADDER,False
2022,16,6,8.0,True,106.96,97.08,W,0.0,,WINNERS_BRACKET,False
2022,16,8,6.0,False,97.08,106.96,L,0.0,,WINNERS_BRACKET,False
2022,16,2,7.0,True,117.8,99.86,W,0.0,,WINNERS_BRACKET,False
2022,16,7,2.0,False,99.86,117.8,L,0.0,,WINNERS_BRACKET,False
2022,16,1,5.0,True,145.82,85.64,W,0.0,,WINNERS_CONSOLATION_LADDER,False
2022,16,5,1.0,False,85.64,145.82,L,0.0,,WINNERS_CONSOLATION_LADDER,False
2022,16,3,4.0,True,122.76,95.5,W,0.0,,LOSERS_CONSOLATION_LADDER,False
2022,16,4,3.0,False,95.5,122.76,L,0.0,,LOSERS_CONSOLATION_LADDER,False
2022,16,10,9.0,True,119.1,136.28,L,0.0,,LOSERS_CONSOLATION_LADDER,False
2022,16,9,10.0,False,136.28,119.1,W,0.0,,LOSERS_CONSOLATION_LADDER,False
2022,17,6,2.0,True,108.18,118.5,L,0.0,,WINNERS_BRACKET,False
2022,17,2,6.0,False,118.5,108.18,W,0.0,,WINNERS_BRACKET,False
2022,17,7,8.0,True,104.42,80.3,W,0.0,,WINNERS_CONSOLATION_LADDER,False
2022,17,8,7.0,False,80.3,104.42,L,0.0,,WINNERS_CONSOLATION_LADDER,False
2022,17,1,5.0,True,110.66,127.76,L,0.0,,WINNERS_CONSOLATION_LADDER,False
2022,17,5,1.0,False,127.76,110.66,W,0.0,,WINNERS_CONSOLATION_LADDER,False
2022,17,3,9.0,True,79.0,81.88,L,0.0,,LOSERS_CONSOLATION_LADDER,False
2022,17,9,3.0,False,81.88,79.0,W,0.0,,LOSERS_CONSOLATION_LADDER,False
2022,17,10,4.0,True,70.08,106.2,L,0.0,,LOSERS_CONSOLATION_LADDER,False
2022,17,4,10.0,False,106.2,70.08,W,0.0,,LOSERS_CONSOLATION_LADDER,False
2023,1,1,6.0,True,107.38,111.1,L,0.0,,NONE,False
2023,1,6,1.0,False,111.1,107.38,W,0.0,,NONE,False
2023,1,2,5.0,True,109.04,120.56,L,0.0,,NONE,False
2023,1,5,2.0,False,120.56,109.04,W,0.0,,NONE,False
2023,1,9,7.0,True,99.34,90.24,W,0.0,,NONE,False
2023,1,7,9.0,False,90.24,99.34,L,0.0,,NONE,False
2023,1,4,3.0,True,98.06,114.16,L,0.0,,NONE,False
2023,1,3,4.0,False,114.16,98.06,W,0.0,,NONE,False
2023,1,8,10.0,True,116.84,103.18,W,0.0,,NONE,False
2023,1,10,8.0,False,103.18,116.84,L,0.0,,NONE,False
2023,2,5,7.0,True,102.0,132.7,L,0.0,,NONE,False
2023,2,7,5.0,False,132.7,102.0,W,0.0,,NONE,False
2023,2,3,1.0,True,138.4,153.18,L,0.0,,NONE,False
2023,2,1,3.0,False,153.18,138.4,W,0.0,,NONE,False
2023,2,10,6.0,True,133.52,88.32,W,0.0,,NONE,False
2023,2,6,10.0,False,88.32,133.52,L,0.0,,NONE,False
2023,2,4,2.0,True,129.08,101.44,W,0.0,,NONE,False
2023,2,2,4.0,False,101.44,129.08,L,0.0,,NONE,False
2023,2,8,9.0,True,128.84,110.96,W,0.0,,NONE,False
2023,2,9,8.0,False,110.96,128.84,L,0.0,,NONE,False
2023,3,3,10.0,True,108.26,176.82,L,0.0,,NONE,False
2023,3,10,3.0,False,176.82,108.26,W,0.0,,NONE,False
2023,3,5,4.0,True,85.7,133.28,L,0.0,,NONE,False
2023,3,4,5.0,False,133.28,85.7,W,0.0,,NONE,False
2023,3,7,8.0,True,169.78,85.26,W,0.0,,NONE,False
2023,3,8,7.0,False,85.26,169.78,L,0.0,,NONE,False
2023,3,1,2.0,True,177.2,119.96,W,0.0,,NONE,False
2023,3,2,1.0,False,119.96,177.2,L,0.0,,NONE,False
2023,3,6,9.0,True,139.38,149.12,L,0.0,,NONE,False
2023,3,9,6.0,False,149.12,139.38,W,0.0,,NONE,False
2023,4,4,8.0,True,123.94,150.7,L,0.0,,NONE,False
2023,4,8,4.0,False,150.7,123.94,W,0.0,,NONE,False
2023,4,2,3.0,True,131.14,101.56,W,0.0,,NONE,False
2023,4,3,2.0,False,101.56,131.14,L,0.0,,NONE,False
2023,4,9,10.0,True,149.3,139.84,W,0.0,,NONE,False
2023,4,10,9.0,False,139.84,149.3,L,0.0,,NONE,False
2023,4,1,5.0,True,98.92,122.08,L,0.0,,NONE,False
2023,4,5,1.0,False,122.08,98.92,W,0.0,,NONE,False
2023,4,6,7.0,True,103.86,87.52,W,0.0,,NONE,False
2023,4,7,6.0,False,87.52,103.86,L,0.0,,NONE,False
2023,5,2,9.0,True,162.86,125.96,W,0.0,,NONE,False
2023,5,9,2.0,False,125.96,162.86,L,0.0,,NONE,False
2023,5,4,1.0,True,85.94,119.68,L,0.0,,NONE,False
2023,5,1,4.0,False,119.68,85.94,W,0.0,,NONE,False
2023,5,8,6.0,True,88.68,137.32,L,0.0,,NONE,False
2023,5,6,8.0,False,137.32,88.68,W,0.0,,NONE,False
2023,5,3,5.0,True,92.32,118.44,L,0.0,,NONE,False
2023,5,5,3.0,False,118.44,92.32,W,0.0,,NONE,False
2023,5,10,7.0,True,121.68,86.24,W,0.0,,NONE,False
2023,5,7,10.0,False,86.24,121.68,L,0.0,,NONE,False
2023,6,6,5.0,True,117.9,110.78,W,0.0,,NONE,False
2023,6,5,6.0,False,110.78,117.9,L,0.0,,NONE,False
2023,6,7,3.0,True,104.94,126.38,L,0.0,,NONE,False
2023,6,3,7.0,False,126.38,104.94,W,0.0,,NONE,False
2023,6,10,4.0,True,127.12,105.02,W,0.0,,NONE,False
2023,6,4,10.0,False,105.02,127.12,L,0.0,,NONE,False
2023,6,8,2.0,True,132.12,88.64,W,0.0,,NONE,False
2023,6,2,8.0,False,88.64,132.12,L,0.0,,NONE,False
2023,6,9,1.0,True,115.26,112.4,W,0.0,,NONE,False
2023,6,1,9.0,False,112.4,115.26,L,0.0,,NONE,False
2023,7,3,6.0,True,125.34,119.96,W,0.0,,NONE,False
2023,7,6,3.0,False,119.96,125.34,L,0.0,,NONE,False
2023,7,4,7.0,True,130.58,106.96,W,0.0,,NONE,False
2023,7,7,4.0,False,106.96,130.58,L,0.0,,NONE,False
2023,7,2,10.0,True,120.16,135.46,L,0.0,,NONE,False
2023,7,10,2.0,False,135.46,120.16,W,0.0,,NONE,False
2023,7,1,8.0,True,99.28,127.52,L,0.0,,NONE,False
2023,7,8,1.0,False,127.52,99.28,W,0.0,,NONE,False
2023,7,5,9.0,True,127.46,147.8,L,0.0,,NONE,False
2023,7,9,5.0,False,147.8,127.46,W,0.0,,NONE,False
2023,8,6,4.0,True,126.06,95.18,W,0.0,,NONE,False
2023,8,4,6.0,False,95.18,126.06,L,0.0,,NONE,False
2023,8,7,2.0,True,87.9,134.1,L,0.0,,NONE,False
2023,8,2,7.0,False,134.1,87.9,W,0.0,,NONE,False
2023,8,10,1.0,True,141.18,134.92,W,0.0,,NONE,False
2023,8,1,10.0,False,134.92,141.18,L,0.0,,NONE,False
2023,8,8,5.0,True,127.36,160.52,L,0.0,,NONE,False
2023,8,5,8.0,False,160.52,127.36,W,0.0,,NONE,False
2023,8,9,3.0,True,118.96,103.96,W,0.0,,NONE,False
2023,8,3,9.0,False,103.96,118.96,L,0.0,,NONE,False
2023,9,2,6.0,True,142.2,113.68,W,0.0,,NONE,False
2023,9,6,2.0,False,113.68,142.2,L,0.0,,NONE,False
2023,9,1,4.0,True,124.32,91.98,W,0.0,,NONE,False
2023,9,4,1.0,False,91.98,124.32,L,0.0,,NONE,False
2023,9,7,9.0,True,103.3,118.12,L,0.0,,NONE,False
2023,9,9,7.0,False,118.12,103.3,W,0.0,,NONE,False
2023,9,5,3.0,True,120.04,134.72,L,0.0,,NONE,False
2023,9,3,5.0,False,134.72,120.04,W,0.0,,NONE,False
2023,9,10,8.0,True,124.26,92.8,W,0.0,,NONE,False
2023,9,8,10.0,False,92.8,124.26,L,0.0,,NONE,False
2023,10,1,7.0,True,108.68,124.92,L,0.0,,NONE,False
2023,10,7,1.0,False,124.92,108.68,W,0.0,,NONE,False
2023,10,5,2.0,True,136.82,135.74,W,0.0,,NONE,False
2023,10,2,5.0,False,135.74,136.82,L,0.0,,NONE,False
2023,10,6,10.0,True,134.56,131.56,W,0.0,,NONE,False
2023,10,10,6.0,False,131.56,134.56,L,0.0,,NONE,False
2023,10,3,4.0,True,128.82,101.02,W,0.0,,NONE,False
2023,10,4,3.0,False,101.02,128.82,L,0.0,,NONE,False
2023,10,9,8.0,True,86.08,155.88,L,0.0,,NONE,False
2023,10,8,9.0,False,155.88,86.08,W,0.0,,NONE,False
2023,11,5,10.0,True,111.7,105.26,W,0.0,,NONE,False
2023,11,10,5.0,False,105.26,111.7,L,0.0,,NONE,False
2023,11,7,3.0,True,127.08,99.4,W,0.0,,NONE,False
2023,11,3,7.0,False,99.4,127.08,L,0.0,,NONE,False
2023,11,8,1.0,True,101.44,139.24,L,0.0,,NONE,False
2023,11,1,8.0,False,139.24,101.44,W,0.0,,NONE,False
2023,11,2,9.0,True,95.74,118.6,L,0.0,,NONE,False
2023,11,9,2.0,False,118.6,95.74,W,0.0,,NONE,False
2023,11,4,6.0,True,120.96,130.7,L,0.0,,NONE,False
2023,11,6,4.0,False,130.7,120.96,W,0.0,,NONE,False
2023,12,3,8.0,True,137.72,127.38,W,0.0,,NONE,False
2023,12,8,3.0,False,127.38,137.72,L,0.0,,NONE,False
2023,12,4,5.0,True,126.78,108.28,W,0.0,,NONE,False
2023,12,5,4.0,False,108.28,126.78,L,0.0,,NONE,False
2023,12,10,9.0,True,124.44,131.76,L,0.0,,NONE,False
2023,12,9,10.0,False,131.76,124.44,W,0.0,,NONE,False
2023,12,2,1.0,True,122.86,125.36,L,0.0,,NONE,False
2023,12,1,2.0,False,125.36,122.86,W,0.0,,NONE,False
2023,12,7,6.0,True,132.72,151.4,L,0.0,,NONE,False
2023,12,6,7.0,False,151.4,132.72,W,0.0,,NONE,False
2023,13,4,9.0,True,154.98,134.08,W,0.0,,NONE,False
2023,13,9,4.0,False,134.08,154.98,L,0.0,,NONE,False
2023,13,3,2.0,True,138.4,99.38,W,0.0,,NONE,False
2023,13,2,3.0,False,99.38,138.4,L,0.0,,NONE,False
2023,13,6,8.0,True,105.12,97.28,W,0.0,,NONE,False
2023,13,8,6.0,False,97.28,105.12,L,0.0,,NONE,False
2023,13,7,1.0,True,100.1,205.16,L,0.0,,NONE,False
2023,13,1,7.0,False,205.16,100.1,W,0.0,,NONE,False
2023,13,5,10.0,True,114.68,133.66,L,0.0,,NONE,False
2023,13,10,5.0,False,133.66,114.68,W,0.0,,NONE,False
2023,14,5,1.0,True,123.84,181.12,L,0.0,,NONE,False
2023,14,1,5.0,False,181.12,123.84,W,0.0,,NONE,False
2023,14,7,8.0,True,104.44,151.02,L,0.0,,NONE,False
2023,14,8,7.0,False,151.02,104.44,W,0.0,,NONE,False
2023,14,10,3.0,True,137.34,96.0,W,0.0,,NONE,False
2023,14,3,10.0,False,96.0,137.34,L,0.0,,NONE,False
2023,14,2,4.0,True,48.74,114.54,L,0.0,,NONE,False
2023,14,4,2.0,False,114.54,48.74,W,0.0,,NONE,False
2023,14,9,6.0,True,98.82,111.58,L,0.0,,NONE,False
2023,14,6,9.0,False,111.58,98.82,W,0.0,,NONE,False
2023,15,6,,True,113.62,,BYE,0.0,,WINNERS_BRACKET,True
2023,15,9,8.0,True,106.06,139.58,L,0.0,,WINNERS_BRACKET,False
2023,15,8,9.0,False,139.58,106.06,W,0.0,,WINNERS_BRACKET,False
2023,15,10,3.0,True,125.96,132.02,L,0.0,,WINNERS_BRACKET,False
2023,15,3,10.0,False,132.02,125.96,W,0.0,,WINNERS_BRACKET,False
2023,15,1,,True,125.78,,BYE,0.0,,WINNERS_BRACKET,True
2023,15,5,4.0,True,87.2,131.44,L,0.0,,LOSERS_CONSOLATION_LADDER,False
2023,15,4,5.0,False,131.44,87.2,W,0.0,,LOSERS_CONSOLATION_LADDER,False
2023,15,2,7.0,True,98.96,135.7,L,0.0,,LOSERS_CONSOLATION_LADDER,False
2023,15,7,2.0,False,135.7,98.96,W,0.0,,LOSERS_CONSOLATION_LADDER,False
2023,16,6,8.0,True,140.44,102.4,W,0.0,,WINNERS_BRACKET,False
2023,16,8,6.0,False,102.4,140.44,L,0.0,,WINNERS_BRACKET,False
2023,16,1,3.0,True,98.3,175.6,L,0.0,,WINNERS_BRACKET,False
2023,16,3,1.0,False,175.6,98.3,W,0.0,,WINNERS_BRACKET,False
2023,16,10,9.0,True,101.02,102.08,L,0.0,,WINNERS_CONSOLATION_LADDER,False
2023,16,9,10.0,False,102.08,101.02,W,0.0,,WINNERS_CONSOLATION_LADDER,False
2023,16,4,7.0,True,120.18,116.8,W,0.0,,LOSERS_CONSOLATION_LADDER,False
2023,16,7,4.0,False,116.8,120.18,L,0.0,,LOSERS_CONSOLATION_LADDER,False
2023,16,5,2.0,True,144.98,60.14,W,0.0,,LOSERS_CONSOLATION_LADDER,False
2023,16,2,5.0,False,60.14,144.98,L,0.0,,LOSERS_CONSOLATION_LADDER,False
2023,17,6,3.0,True,127.18,113.78,W,0.0,,WINNERS_BRACKET,False
2023,17,3,6.0,False,113.78,127.18,L,0.0,,WINNERS_BRACKET,False
2023,17,1,8.0,True,103.5,131.92,L,0.0,,WINNERS_CONSOLATION_LADDER,False
2023,17,8,1.0,False,131.92,103.5,W,0.0,,WINNERS_CONSOLATION_LADDER,False
2023,17,10,9.0,True,104.9,114.76,L,0.0,,WINNERS_CONSOLATION_LADDER,False
2023,17,9,10.0,False,114.76,104.9,W,0.0,,WINNERS_CONSOLATION_LADDER,False
2023,17,5,4.0,True,88.74,165.84,L,0.0,,LOSERS_CONSOLATION_LADDER,False
2023,17,4,5.0,False,165.84,88.74,W,0.0,,LOSERS_CONSOLATION_LADDER,False
2023,17,2,7.0,True,97.82,108.2,L,0.0,,LOSERS_CONSOLATION_LADDER,False
2023,17,7,2.0,False,108.2,97.82,W,0.0,,LOSERS_CONSOLATION_LADDER,False
2024,1,1,6.0,True,124.48,114.62,W,0.0,,NONE,False
2024,1,6,1.0,False,114.62,124.48,L,0.0,,NONE,False
2024,1,2,5.0,True,107.84,134.92,L,0.0,,NONE,False
2024,1,5,2.0,False,134.92,107.84,W,0.0,,NONE,False
2024,1,9,7.0,True,135.78,124.36,W,0.0,,NONE,False
2024,1,7,9.0,False,124.36,135.78,L,0.0,,NONE,False
2024,1,4,3.0,True,90.14,115.26,L,0.0,,NONE,False
2024,1,3,4.0,False,115.26,90.14,W,0.0,,NONE,False
2024,1,8,10.0,True,112.16,118.86,L,0.0,,NONE,False
2024,1,10,8.0,False,118.86,112.16,W,0.0,,NONE,False
2024,2,5,7.0,True,151.28,109.22,W,0.0,,NONE,False
2024,2,7,5.0,False,109.22,151.28,L,0.0,,NONE,False
2024,2,3,1.0,True,153.8,109.46,W,0.0,,NONE,False
2024,2,1,3.0,False,109.46,153.8,L,0.0,,NONE,False
2024,2,10,6.0,True,121.44,144.12,L,0.0,,NONE,False
2024,2,6,10.0,False,144.12,121.44,W,0.0,,NONE,False
2024,2,4,2.0,True,124.74,112.16,W,0.0,,NONE,False
2024,2,2,4.0,False,112.16,124.74,L,0.0,,NONE,False
2024,2,8,9.0,True,87.8,95.56,L,0.0,,NONE,False
2024,2,9,8.0,False,95.56,87.8,W,0.0,,NONE,False
2024,3,3,10.0,True,114.68,130.96,L,0.0,,NONE,False
2024,3,10,3.0,False,130.96,114.68,W,0.0,,NONE,False
2024,3,5,4.0,True,110.48,83.88,W,0.0,,NONE,False
2024,3,4,5.0,False,83.88,110.48,L,0.0,,NONE,False
2024,3,7,8.0,True,122.86,66.9,W,0.0,,NONE,False
2024,3,8,7.0,False,66.9,122.86,L,0.0,,NONE,False
2024,3,1,2.0,True,120.52,102.98,W,0.0,,NONE,False
2024,3,2,1.0,False,102.98,120.52,L,0.0,,NONE,False
2024,3,6,9.0,True,97.44,131.18,L,0.0,,NONE,False
2024,3,9,6.0,False,131.18,97.44,W,0.0,,NONE,False
2024,4,4,8.0,True,114.8,102.2,W,0.0,,NONE,False
2024,4,8,4.0,False,102.2,114.8,L,0.0,,NONE,False
2024,4,2,3.0,True,114.38,116.86,L,0.0,,NONE,False
2024,4,3,2.0,False,116.86,114.38,W,0.0,,NONE,False
2024,4,9,10.0,True,126.88,119.82,W,0.0,,NONE,False
2024,4,10,9.0,False,119.82,126.88,L,0.0,,NONE,False
2024,4,1,5.0,True,132.9,106.04,W,0.0,,NONE,False
2024,4,5,1.0,False,106.04,132.9,L,0.0,,NONE,False
2024,4,6,7.0,True,106.32,129.44,L,0.0,,NONE,False
2024,4,7,6.0,False,129.44,106.32,W,0.0,,NONE,False
2024,5,2,9.0,True,121.0,111.16,W,0.0,,NONE,False
2024,5,9,2.0,False,111.16,121.0,L,0.0,,NONE,False
2024,5,4,1.0,True,143.14,120.84,W,0.0,,NONE,False
2024,5,1,4.0,False,120.84,143.14,L,0.0,,NONE,False
2024,5,8,6.0,True,140.94,96.36,W,0.0,,NONE,False
2024,5,6,8.0,False,96.36,140.94,L,0.0,,NONE,False
2024,5,3,5.0,True,105.9,160.12,L,0.0,,NONE,False
2024,5,5,3.0,False,160.12,105.9,W,0.0,,NONE,False
2024,5,10,7.0,True,87.92,147.98,L,0.0,,NONE,False
2024,5,7,10.0,False,147.98,87.92,W,0.0,,NONE,False
2024,6,6,5.0,True,110.66,112.02,L,0.0,,NONE,False
2024,6,5,6.0,False,112.02,110.66,W,0.0,,NONE,False
2024,6,7,3.0,True,115.22,104.6,W,0.0,,NONE,False
2024,6,3,7.0,False,104.6,115.22,L,0.0,,NONE,False
2024,6,10,4.0,True,108.46,121.2,L,0.0,,NONE,False
2024,6,4,10.0,False,121.2,108.46,W,0.0,,NONE,False
2024,6,8,2.0,True,132.28,161.2,L,0.0,,NONE,False
2024,6,2,8.0,False,161.2,132.28,W,0.0,,NONE,False
2024,6,9,1.0,True,117.42,120.9,L,0.0,,NONE,False
2024,6,1,9.0,False,120.9,117.42,W,0.0,,NONE,False
2024,7,3,6.0,True,130.96,121.16,W,0.0,,NONE,False
2024,7,6,3.0,False,121.16,130.96,L,0.0,,NONE,False
2024,7,4,7.0,True,97.76,107.14,L,0.0,,NONE,False
2024,7,7,4.0,False,107.14,97.76,W,0.0,,NONE,False
2024,7,2,10.0,True,131.8,85.74,W,0.0,,NONE,False
2024,7,10,2.0,False,85.74,131.8,L,0.0,,NONE,False
2024,7,1,8.0,True,115.82,61.68,W,0.0,,NONE,False
2024,7,8,1.0,False,61.68,115.82,L,0.0,,NONE,False
2024,7,5,9.0,True,132.04,129.7,W,0.0,,NONE,False
2024,7,9,5.0,False,129.7,132.04,L,0.0,,NONE,False
2024,8,6,4.0,True,143.44,128.92,W,0.0,,NONE,False
2024,8,4,6.0,False,128.92,143.44,L,0.0,,NONE,False
2024,8,7,2.0,True,137.3,137.78,L,0.0,,NONE,False
2024,8,2,7.0,False,137.78,137.3,W,0.0,,NONE,False
2024,8,10,1.0,True,110.96,113.72,L,0.0,,NONE,False
2024,8,1,10.0,False,113.72,110.96,W,0.0,,NONE,False
2024,8,8,5.0,True,112.5,121.36,L,0.0,,NONE,False
2024,8,5,8.0,False,121.36,112.5,W,0.0,,NONE,False
2024,8,9,3.0,True,119.04,135.88,L,0.0,,NONE,False
2024,8,3,9.0,False,135.88,119.04,W,0.0,,NONE,False
2024,9,2,6.0,True,87.0,138.6,L,0.0,,NONE,False
2024,9,6,2.0,False,138.6,87.0,W,0.0,,NONE,False
2024,9,1,4.0,True,148.3,126.7,W,0.0,,NONE,False
2024,9,4,1.0,False,126.7,148.3,L,0.0,,NONE,False
2024,9,7,9.0,True,126.14,115.1,W,0.0,,NONE,False
2024,9,9,7.0,False,115.1,126.14,L,0.0,,NONE,False
2024,9,5,3.0,True,125.2,144.2,L,0.0,,NONE,False
2024,9,3,5.0,False,144.2,125.2,W,0.0,,NONE,False
2024,9,10,8.0,True,111.66,115.12,L,0.0,,NONE,False
2024,9,8,10.0,False,115.12,111.66,W,0.0,,NONE,False
2024,10,1,7.0,True,107.4,171.0,L,0.0,,NONE,False
2024,10,7,1.0,False,171.0,107.4,W,0.0,,NONE,False
2024,10,5,2.0,True,132.0,120.14,W,0.0,,NONE,False
2024,10,2,5.0,False,120.14,132.0,L,0.0,,NONE,False
2024,10,6,10.0,True,115.88,125.62,L,0.0,,NONE,False
2024,10,10,6.0,False,125.62,115.88,W,0.0,,NONE,False
2024,10,3,4.0,True,109.46,106.44,W,0.0,,NONE,False
2024,10,4,3.0,False,106.44,109.46,L,0.0,,NONE,False
2024,10,9,8.0,True,78.3,90.12,L,0.0,,NONE,False
2024,10,8,9.0,False,90.12,78.3,W,0.0,,NONE,False
2024,11,5,10.0,True,140.78,153.44,L,0.0,,NONE,False
2024,11,10,5.0,False,153.44,140.78,W,0.0,,NONE,False
2024,11,7,3.0,True,103.7,138.98,L,0.0,,NONE,False
2024,11,3,7.0,False,138.98,103.7,W,0.0,,NONE,False
2024,11,8,1.0,True,68.86,120.38,L,0.0,,NONE,False
2024,11,1,8.0,False,120.38,68.86,W,0.0,,NONE,False
2024,11,2,9.0,True,145.86,154.44,L,0.0,,NONE,False
2024,11,9,2.0,False,154.44,145.86,W,0.0,,NONE,False
2024,11,4,6.0,True,114.14,108.84,W,0.0,,NONE,False
2024,11,6,4.0,False,108.84,114.14,L,0.0,,NONE,False
2024,12,3,8.0,True,138.92,122.36,W,0.0,,NONE,False
2024,12,8,3.0,False,122.36,138.92,L,0.0,,NONE,False
2024,12,4,5.0,True,112.38,125.68,L,0.0,,NONE,False
2024,12,5,4.0,False,125.68,112.38,W,0.0,,NONE,False
2024,12,10,9.0,True,156.4,121.06,W,0.0,,NONE,False
2024,12,9,10.0,False,121.06,156.4,L,0.0,,NONE,False
2024,12,2,1.0,True,126.76,116.02,W,0.0,,NONE,False
2024,12,1,2.0,False,116.02,126.76,L,0.0,,NONE,False
2024,12,7,6.0,True,97.2,111.56,L,0.0,,NONE,False
2024,12,6,7.0,False,111.56,97.2,W,0.0,,NONE,False
2024,13,4,9.0,True,121.4,127.64,L,0.0,,NONE,False
2024,13,9,4.0,False,127.64,121.4,W,0.0,,NONE,False
2024,13,3,2.0,True,127.28,78.6,W,0.0,,NONE,False
2024,13,2,3.0,False,78.6,127.28,L,0.0,,NONE,False
2024,13,6,8.0,True,89.32,102.26,L,0.0,,NONE,False
2024,13,8,6.0,False,102.26,89.32,W,0.0,,NONE,False
2024,13,7,1.0,True,127.18,154.22,L,0.0,,NONE,False
2024,13,1,7.0,False,154.22,127.18,W,0.0,,NONE,False
2024,13,5,10.0,True,178.68,158.34,W,0.0,,NONE,False
2024,13,10,5.0,False,158.34,178.68,L,0.0,,NONE,False
2024,14,5,1.0,True,159.28,123.78,W,0.0,,NONE,False
2024,14,1,5.0,False,123.78,159.28,L,0.0,,NONE,False
2024,14,7,8.0,True,165.12,106.5,W,0.0,,NONE,False
2024,14,8,7.0,False,106.5,165.12,L,0.0,,NONE,False
2024,14,10,3.0,True,136.26,131.12,W,0.0,,NONE,False
2024,14,3,10.0,False,131.12,136.26,L,0.0,,NONE,False
2024,14,2,4.0,True,147.6,109.04,W,0.0,,NONE,False
2024,14,4,2.0,False,109.04,147.6,L,0.0,,NONE,False
2024,14,9,6.0,True,112.5,162.72,L,0.0,,NONE,False
2024,14,6,9.0,False,162.72,112.5,W,0.0,,NONE,False
2024,15,5,,True,143.6,,BYE,0.0,,WINNERS_BRACKET,True
2024,15,1,10.0,True,194.58,98.04,W,0.0,,WINNERS_BRACKET,False
2024,15,10,1.0,False,98.04,194.58,L,0.0,,WINNERS_BRACKET,False
2024,15,3,2.0,True,130.2,106.16,W,0.0,,WINNERS_BRACKET,False
2024,15,2,3.0,False,106.16,130.2,L,0.0,,WINNERS_BRACKET,False
2024,15,7,,True,0.0,,BYE,0.0,,WINNERS_BRACKET,True
2024,15,9,6.0,True,109.84,194.7,L,0.0,,LOSERS_CONSOLATION_LADDER,False
2024,15,6,9.0,False,194.7,109.84,W,0.0,,LOSERS_CONSOLATION_LADDER,False
2024,15,4,8.0,True,106.44,92.58,W,0.0,,LOSERS_CONSOLATION_LADDER,False
2024,15,8,4.0,False,92.58,106.44,L,0.0,,LOSERS_CONSOLATION_LADDER,False
2024,16,5,1.0,True,170.78,120.96,W,0.0,,WINNERS_BRACKET,False
2024,16,1,5.0,False,120.96,170.78,L,0.0,,WINNERS_BRACKET,False
2024,16,7,3.0,True,144.14,140.06,W,0.0,,WINNERS_BRACKET,False
2024,16,3,7.0,False,140.06,144.14,L,0.0,,WINNERS_BRACKET,False
2024,16,10,2.0,True,139.58,130.68,W,0.0,,WINNERS_CONSOLATION_LADDER,False
2024,16,2,10.0,False,130.68,139.58,L,0.0,,WINNERS_CONSOLATION_LADDER,False
2024,16,6,4.0,True,120.84,155.44,L,0.0,,LOSERS_CONSOLATION_LADDER,False
2024,16,4,6.0,False,155.44,120.84,W,0.0,,LOSERS_CONSOLATION_LADDER,False
2024,16,9,8.0,True,139.8,120.32,W,0.0,,LOSERS_CONSOLATION_LADDER,False
2024,16,8,9.0,False,120.32,139.8,L,0.0,,LOSERS_CONSOLATION_LADDER,False
2024,17,5,7.0,True,86.82,181.92,L,0.0,,WINNERS_BRACKET,False
2024,17,7,5.0,False,181.92,86.82,W,0.0,,WINNERS_BRACKET,False
2024,17,3,1.0,True,184.54,117.28,W,0.0,,WINNERS_CONSOLATION_LADDER,False
2024,17,1,3.0,False,117.28,184.54,L,0.0,,WINNERS_CONSOLATION_LADDER,False
2024,17,10,2.0,True,138.58,93.94,W,0.0,,WINNERS_CONSOLATION_LADDER,False
2024,17,2,10.0,False,93.94,138.58,L,0.0,,WINNERS_CONSOLATION_LADDER,False
2024,17,9,4.0,True,128.2,119.98,W,0.0,,LOSERS_CONSOLATION_LADDER,False
2024,17,4,9.0,False,119.98,128.2,L,0.0,,LOSERS_CONSOLATION_LADDER,False
2024,17,6,8.0,True,115.76,107.78,W,0.0,,LOSERS_CONSOLATION_LADDER,False
2024,17,8,6.0,False,107.78,115.76,L,0.0,,LOSERS_CONSOLATION_LADDER,False
2025,1,1,6.0,True,102.48,133.06,L,0.0,,NONE,False
2025,1,6,1.0,False,133.06,102.48,W,0.0,,NONE,False
2025,1,2,5.0,True,112.42,109.78,W,0.0,,NONE,False
2025,1,5,2.0,False,109.78,112.42,L,0.0,,NONE,False
2025,1,9,7.0,True,86.54,131.16,L,0.0,,NONE,False
2025,1,7,9.0,False,131.16,86.54,W,0.0,,NONE,False
2025,1,4,3.0,True,95.42,98.68,L,0.0,,NONE,False
2025,1,3,4.0,False,98.68,95.42,W,0.0,,NONE,False
2025,1,8,10.0,True,114.72,104.02,W,0.0,,NONE,False
2025,1,10,8.0,False,104.02,114.72,L,0.0,,NONE,False
2025,2,5,7.0,True,130.8,102.92,W,0.0,,NONE,False
2025,2,7,5.0,False,102.92,130.8,L,0.0,,NONE,False
2025,2,3,1.0,True,119.5,115.74,W,0.0,,NONE,False
2025,2,1,3.0,False,115.74,119.5,L,0.0,,NONE,False
2025,2,10,6.0,True,139.74,107.2,W,0.0,,NONE,False
2025,2,6,10.0,False,107.2,139.74,L,0.0,,NONE,False
2025,2,4,2.0,True,98.6,101.88,L,0.0,,NONE,False
2025,2,2,4.0,False,101.88,98.6,W,0.0,,NONE,False
2025,2,8,9.0,True,117.9,163.38,L,0.0,,NONE,False
2025,2,9,8.0,False,163.38,117.9,W,0.0,,NONE,False
2025,3,3,10.0,True,118.12,115.62,W,0.0,,NONE,False
2025,3,10,3.0,False,115.62,118.12,L,0.0,,NONE,False
2025,3,5,4.0,True,129.92,119.66,W,0.0,,NONE,False
2025,3,4,5.0,False,119.66,129.92,L,0.0,,NONE,False
2025,3,7,8.0,True,156.32,140.1,W,0.0,,NONE,False
2025,3,8,7.0,False,140.1,156.32,L,0.0,,NONE,False
2025,3,1,2.0,True,117.54,86.56,W,0.0,,NONE,False
2025,3,2,1.0,False,86.56,117.54,L,0.0,,NONE,False
2025,3,6,9.0,True,130.42,85.92,W,0.0,,NONE,False
2025,3,9,6.0,False,85.92,130.42,L,0.0,,NONE,False
2025,4,4,8.0,True,117.7,125.42,L,0.0,,NONE,False
2025,4,8,4.0,False,125.42,117.7,W,0.0,,NONE,False
2025,4,2,3.0,True,148.3,129.72,W,0.0,,NONE,False
2025,4,3,2.0,False,129.72,148.3,L,0.0,,NONE,False
2025,4,9,10.0,True,112.54,164.58,L,0.0,,NONE,False
2025,4,10,9.0,False,164.58,112.54,W,0.0,,NONE,False
2025,4,1,5.0,True,95.4,159.52,L,0.0,,NONE,False
2025,4,5,1.0,False,159.52,95.4,W,0.0,,NONE,False
2025,4,6,7.0,True,99.38,151.96,L,0.0,,NONE,False
2025,4,7,6.0,False,151.96,99.38,W,0.0,,NONE,False
2025,5,2,9.0,True,122.52,111.32,W,0.0,,NONE,False
2025,5,9,2.0,False,111.32,122.52,L,0.0,,NONE,False
2025,5,4,1.0,True,108.8,157.3,L,0.0,,NONE,False
2025,5,1,4.0,False,157.3,108.8,W,0.0,,NONE,False
2025,5,8,6.0,True,115.94,146.08,L,0.0,,NONE,False
2025,5,6,8.0,False,146.08,115.94,W,0.0,,NONE,False
2025,5,3,5.0,True,119.42,124.42,L,0.0,,NONE,False
2025,5,5,3.0,False,124.42,119.42,W,0.0,,NONE,False
2025,5,10,7.0,True,132.48,124.72,W,0.0,,NONE,False
2025,5,7,10.0,False,124.72,132.48,L,0.0,,NONE,False
2025,6,6,5.0,True,126.94,136.96,L,-21.3,don't do that again lads,NONE,False
2025,6,5,6.0,False,136.96,126.94,W,0.0,,NONE,False
2025,6,7,3.0,True,138.4,86.34,W,0.0,,NONE,False
2025,6,3,7.0,False,86.34,138.4,L,0.0,,NONE,False
2025,6,10,4.0,True,108.64,110.48,L,0.0,,NONE,False
2025,6,4,10.0,False,110.48,108.64,W,0.0,,NONE,False
2025,6,8,2.0,True,111.54,145.78,L,0.0,,NONE,False
2025,6,2,8.0,False,145.78,111.54,W,0.0,,NONE,False
2025,6,9,1.0,True,87.7,142.12,L,21.3,krusty krab is unfair ankit krabs is in there,NONE,False
2025,6,1,9.0,False,142.12,87.7,W,0.0,,NONE,False
2025,7,3,6.0,True,82.62,127.02,L,0.0,,NONE,False
2025,7,6,3.0,False,127.02,82.62,W,0.0,,NONE,False
2025,7,4,7.0,True,82.98,120.66,L,0.0,,NONE,False
2025,7,7,4.0,False,120.66,82.98,W,0.0,,NONE,False
2025,7,2,10.0,True,137.64,171.06,L,0.0,,NONE,False
2025,7,10,2.0,False,171.06,137.64,W,0.0,,NONE,False
2025,7,1,8.0,True,100.54,125.34,L,0.0,,NONE,False
2025,7,8,1.0,False,125.34,100.54,W,0.0,,NONE,False
2025,7,5,9.0,True,153.48,124.54,W,0.0,,NONE,False
2025,7,9,5.0,False,124.54,153.48,L,0.0,,NONE,False
2025,8,6,4.0,True,107.68,118.56,L,0.0,,NONE,False
2025,8,4,6.0,False,118.56,107.68,W,0.0,,NONE,False
2025,8,7,2.0,True,137.62,103.16,W,0.0,,NONE,False
2025,8,2,7.0,False,103.16,137.62,L,0.0,,NONE,False
2025,8,10,1.0,True,147.52,106.56,W,0.0,,NONE,False
2025,8,1,10.0,False,106.56,147.52,L,0.0,,NONE,False
2025,8,8,5.0,True,140.28,131.48,W,0.0,,NONE,False
2025,8,5,8.0,False,131.48,140.28,L,0.0,,NONE,False
2025,8,9,3.0,True,122.28,97.98,W,0.0,,NONE,False
2025,8,3,9.0,False,97.98,122.28,L,0.0,,NONE,False
2025,9,2,6.0,True,107.1,120.26,L,0.0,,NONE,False
2025,9,6,2.0,False,120.26,107.1,W,0.0,,NONE,False
2025,9,1,4.0,True,125.24,168.9,L,0.0,,NONE,False
2025,9,4,1.0,False,168.9,125.24,W,0.0,,NONE,False
2025,9,7,9.0,True,111.92,121.82,L,0.0,,NONE,False
2025,9,9,7.0,False,121.82,111.92,W,0.0,,NONE,False
2025,9,5,3.0,True,108.96,114.76,L,0.0,,NONE,False
2025,9,3,5.0,False,114.76,108.96,W,0.0,,NONE,False
2025,9,10,8.0,True,148.7,109.7,W,0.0,,NONE,False
2025,9,8,10.0,False,109.7,148.7,L,0.0,,NONE,False
2025,10,1,7.0,True,126.32,125.74,W,0.0,,NONE,False
2025,10,7,1.0,False,125.74,126.32,L,0.0,,NONE,False
2025,10,5,2.0,True,148.2,124.24,W,0.0,,NONE,False
2025,10,2,5.0,False,124.24,148.2,L,0.0,,NONE,False
2025,10,6,10.0,True,116.54,174.38,L,0.0,,NONE,False
2025,10,10,6.0,False,174.38,116.54,W,0.0,,NONE,False
2025,10,3,4.0,True,114.1,98.0,W,0.0,,NONE,False
2025,10,4,3.0,False,98.0,114.1,L,0.0,,NONE,False
2025,10,9,8.0,True,82.22,133.7,L,0.0,,NONE,False
2025,10,8,9.0,False,133.7,82.22,W,0.0,,NONE,False
2025,11,5,10.0,True,125.74,102.82,W,0.0,,NONE,False
2025,11,10,5.0,False,102.82,125.74,L,0.0,,NONE,False
2025,11,7,3.0,True,137.28,105.22,W,0.0,,NONE,False
2025,11,3,7.0,False,105.22,137.28,L,0.0,,NONE,False
2025,11,8,1.0,True,108.64,85.1,W,0.0,,NONE,False
2025,11,1,8.0,False,85.1,108.64,L,0.0,,NONE,False
2025,11,2,9.0,True,110.16,122.58,L,0.0,,NONE,False
2025,11,9,2.0,False,122.58,110.16,W,0.0,,NONE,False
2025,11,4,6.0,True,114.92,122.52,L,0.0,,NONE,False
2025,11,6,4.0,False,122.52,114.92,W,0.0,,NONE,False
2025,12,3,8.0,True,110.76,95.96,W,0.0,,NONE,False
2025,12,8,3.0,False,95.96,110.76,L,0.0,,NONE,False
2025,12,4,5.0,True,158.96,142.76,W,0.0,,NONE,False
2025,12,5,4.0,False,142.76,158.96,L,0.0,,NONE,False
2025,12,10,9.0,True,117.76,137.08,L,0.0,,NONE,False
2025,12,9,10.0,False,137.08,117.76,W,0.0,,NONE,False
2025,12,2,1.0,True,97.08,93.86,W,0.0,,NONE,False
2025,12,1,2.0,False,93.86,97.08,L,0.0,,NONE,False
2025,12,7,6.0,True,152.12,121.82,W,0.0,,NONE,False
2025,12,6,7.0,False,121.82,152.12,L,0.0,,NONE,False
2025,13,4,9.0,True,125.56,135.04,L,0.0,,NONE,False
2025,13,9,4.0,False,135.04,125.56,W,0.0,,NONE,False
2025,13,3,2.0,True,111.54,100.64,W,0.0,,NONE,False
2025,13,2,3.0,False,100.64,111.54,L,0.0,,NONE,False
2025,13,6,8.0,True,96.74,108.14,L,0.0,,NONE,False
2025,13,8,6.0,False,108.14,96.74,W,0.0,,NONE,False
2025,13,7,1.0,True,78.12,127.7,L,0.0,,NONE,False
2025,13,1,7.0,False,127.7,78.12,W,0.0,,NONE,False
2025,13,5,10.0,True,142.88,114.8,W,0.0,,NONE,False
2025,13,10,5.0,False,114.8,142.88,L,0.0,,NONE,False
2025,14,5,1.0,True,158.16,82.9,W,0.0,,NONE,False
2025,14,1,5.0,False,82.9,158.16,L,0.0,,NONE,False
2025,14,7,8.0,True,136.26,131.48,W,0.0,,NONE,False
2025,14,8,7.0,False,131.48,136.26,L,0.0,,NONE,False
2025,14,10,3.0,True,111.24,141.66,L,0.0,,NONE,False
2025,14,3,10.0,False,141.66,111.24,W,0.0,,NONE,False
2025,14,2,4.0,True,84.8,88.24,L,0.0,,NONE,False
2025,14,4,2.0,False,88.24,84.8,W,0.0,,NONE,False
2025,14,9,6.0,True,116.04,117.56,L,0.0,,NONE,False
2025,14,6,9.0,False,117.56,116.04,W,0.0,,NONE,False
2025,15,5,,True,164.2,,BYE,0.0,,WINNERS_BRACKET,True
2025,15,10,8.0,True,128.54,184.18,L,0.0,,WINNERS_BRACKET,False
2025,15,8,10.0,False,184.18,128.54,W,0.0,,WINNERS_BRACKET,False
2025,15,3,6.0,True,98.18,77.1,W,0.0,,WINNERS_BRACKET,False
2025,15,6,3.0,False,77.1,98.18,L,0.0,,WINNERS_BRACKET,False
2025,15,7,,True,157.46,,BYE,0.0,,WINNERS_BRACKET,True
2025,15,9,2.0,True,112.22,86.86,W,0.0,,LOSERS_CONSOLATION_LADDER,False
2025,15,2,9.0,False,86.86,112.22,L,0.0,,LOSERS_CONSOLATION_LADDER,False
2025,15,4,1.0,True,77.38,176.62,L,0.0,,LOSERS_CONSOLATION_LADDER,False
2025,15,1,4.0,False,176.62,77.38,W,0.0,,LOSERS_CONSOLATION_LADDER,False
2025,16,5,8.0,True,148.6,147.5,W,0.0,,WINNERS_BRACKET,False
2025,16,8,5.0,False,147.5,148.6,L,0.0,,WINNERS_BRACKET,False
2025,16,7,3.0,True,139.12,134.76,W,0.0,,WINNERS_BRACKET,False
2025,16,3,7.0,False,134.76,139.12,L,0.0,,WINNERS_BRACKET,False
2025,16,10,6.0,True,145.46,95.34,W,0.0,,WINNERS_CONSOLATION_LADDER,False
2025,16,6,10.0,False,95.34,145.46,L,0.0,,WINNERS_CONSOLATION_LADDER,False
2025,16,9,1.0,True,93.2,113.3,L,0.0,,LOSERS_CONSOLATION_LADDER,False
2025,16,1,9.0,False,113.3,93.2,W,0.0,,LOSERS_CONSOLATION_LADDER,False
2025,16,2,4.0,True,99.1,139.7,L,0.0,,LOSERS_CONSOLATION_LADDER,False
2025,16,4,2.0,False,139.7,99.1,W,0.0,,LOSERS_CONSOLATION_LADDER,False
2025,17,5,7.0,True,126.44,119.58,W,0.0,,WINNERS_BRACKET,False
2025,17,7,5.0,False,119.58,126.44,L,0.0,,WINNERS_BRACKET,False
2025,17,3,8.0,True,100.08,90.38,W,0.0,,WINNERS_CONSOLATION_LADDER,False
2025,17,8,3.0,False,90.38,100.08,L,0.0,,WINNERS_CONSOLATION_LADDER,False
2025,17,10,6.0,True,128.38,110.32,W,0.0,,WINNERS_CONSOLATION_LADDER,False
2025,17,6,10.0,False,110.32,128.38,L,0.0,,WINNERS_CONSOLATION_LADDER,False
2025,17,4,1.0,True,93.8,111.66,L,0.0,,LOSERS_CONSOLATION_LADDER,False
2025,17,1,4.0,False,111.66,93.8,W,0.0,,LOSERS_CONSOLATION_LADDER,False
2025,17,9,2.0,True,171.98,91.6,W,0.0,,LOSERS_CONSOLATION_LADDER,False
2025,17,2,9.0,False,91.6,171.98,L,0.0,,LOSERS_CONSOLATION_LADDER,False
