gsis_id,player_name,position,team,projected_season_ppr,weekly_sum_ppr,game_weeks,expected_games,overall_rank_board,position_rank_board,vorp_rank,adp_rank,actual_ppr,prior_ppr,pred_overall_rank,pred_pos_rank,actual_overall_rank,actual_pos_rank
00-0034796,Lamar Jackson,QB,BAL,339.42,339.42,17,13.298076923076923,1,1,12,23.0,214.86,430.38,1,1,50.0,19.0
00-0034857,Josh Allen,QB,BUF,319.69,319.69,17,13.298076923076923,2,2,21,20.0,364.62,372.34,2,2,5.0,1.0
00-0039910,Jayden Daniels,QB,WAS,301.31,301.31,17,13.298076923076923,3,3,39,29.0,114.28,355.82,3,3,131.0,30.0
00-0039732,Bo Nix,QB,DEN,291.29,291.29,17,13.298076923076923,4,4,46,70.0,304.84,317.2,4,4,17.0,7.0
00-0035676,A.J. Brown,WR,PHI,286.16,286.16,17,13.788461538461538,6,1,1,21.0,220.3,216.9,5,1,43.0,10.0
00-0036900,Ja'Marr Chase,WR,CIN,279.05,279.05,17,13.788461538461538,9,2,2,1.0,313.6,403.0,6,2,16.0,4.0
00-0033873,Patrick Mahomes,QB,KC,278.45,278.45,17,13.298076923076923,5,5,56,49.0,285.68,283.02,7,5,23.0,11.0
00-0036358,CeeDee Lamb,WR,DAL,276.16,276.16,17,13.788461538461538,12,3,4,5.0,200.9,263.40000000000003,8,3,60.0,20.0
00-0034855,Baker Mayfield,QB,TB,273.87,273.87,17,13.298076923076923,7,6,60,62.0,271.92,365.8,9,6,26.0,12.0
00-0037834,Brock Purdy,QB,SF,269.31,269.31,17,13.298076923076923,8,7,64,93.0,177.38,266.86,10,7,78.0,21.0
00-0033106,Jared Goff,QB,DET,268.95,268.95,17,13.298076923076923,10,8,66,100.0,297.06,324.46,11,8,20.0,9.0
00-0035228,Kyler Murray,QB,ARI,267.87,267.87,17,13.298076923076923,11,9,67,83.0,77.78,297.24,12,9,179.0,33.0
00-0036322,Justin Jefferson,WR,MIN,265.23,265.23,17,13.788461538461538,16,4,6,6.0,201.5,317.48,13,4,59.0,19.0
00-0036963,Amon-Ra St. Brown,WR,DET,264.31,264.31,17,13.788461538461538,18,5,7,9.0,324.0,316.18,14,5,11.0,3.0
00-0036389,Jalen Hurts,QB,PHI,264.21,264.21,17,13.298076923076923,13,10,72,34.0,301.06,315.12,15,10,19.0,8.0
00-0036355,Justin Herbert,QB,LAC,262.76,262.76,17,13.298076923076923,14,11,76,109.0,286.88,285.4,16,11,22.0,10.0
00-0039075,Puka Nacua,WR,LA,262.57,262.57,17,13.788461538461538,19,6,8,12.0,375.0,206.6,17,6,2.0,1.0
00-0036442,Joe Burrow,QB,CIN,259.4,259.4,17,13.298076923076923,15,12,78,32.0,134.46,372.82,18,12,104.0,25.0
00-0039337,Malik Nabers,WR,NYG,258.57,258.57,17,13.788461538461538,20,7,10,8.0,57.1,273.6,19,7,214.0,87.0
00-0039918,Caleb Williams,QB,CHI,255.47,255.47,17,13.298076923076923,17,13,86,118.0,318.18,254.54,20,13,13.0,5.0
00-0033040,Tyreek Hill,WR,MIA,250.96,250.96,17,13.788461538461538,21,8,13,31.0,53.5,218.2,21,8,220.0,89.0
00-0039915,Ladd McConkey,WR,LAC,245.91,245.91,17,13.788461538461538,23,9,15,26.0,180.9,240.9,22,9,73.0,27.0
00-0039893,Brian Thomas,WR,JAX,239.65,239.65,17,13.788461538461538,24,10,18,15.0,138.8,284.0,23,10,98.0,37.0
00-0031381,Davante Adams,WR,NYJ,234.59,234.59,17,13.788461538461538,26,11,20,42.0,222.9,196.4,24,11,41.0,9.0
00-0035700,Josh Jacobs,RB,GB,233.71,233.71,17,13.003205128205128,22,1,3,16.0,237.1,293.1,25,1,32.0,12.0
00-0039894,Xavier Worthy,WR,KC,226.84,226.84,17,13.788461538461538,28,12,26,53.0,109.9,187.2,26,12,138.0,51.0
00-0039139,Jahmyr Gibbs,RB,DET,225.45,225.45,17,13.003205128205128,25,2,5,4.0,366.9,354.9,27,2,4.0,3.0
00-0031408,Mike Evans,WR,TB,225.31,225.31,17,13.788461538461538,30,13,27,40.0,84.8,240.4,28,13,170.0,67.0
00-0039849,Marvin Harrison,WR,ARI,224.21,224.21,17,13.788461538461538,33,14,30,44.0,127.8,196.5,29,14,110.0,43.0
00-0036410,Tee Higgins,WR,CIN,223.26,223.26,17,13.788461538461538,34,15,31,30.0,211.6,222.1,30,15,51.0,14.0
00-0036554,Nico Collins,WR,HOU,220.31,220.31,17,13.788461538461538,36,16,33,13.0,226.2,210.6,31,16,40.0,8.0
00-0038543,Jaxon Smith-Njigba,WR,SEA,219.89,219.89,17,13.788461538461538,37,17,34,33.0,359.9,253.0,32,17,7.0,2.0
00-0037238,Drake London,WR,ATL,218.97,218.97,17,13.788461538461538,38,18,35,17.0,201.9,280.8,33,18,57.0,17.0
00-0036912,DeVonta Smith,WR,PHI,218.39,218.39,17,13.788461538461538,39,19,36,55.0,201.8,199.4,34,19,58.0,18.0
00-0033077,Dak Prescott,QB,DAL,217.96,217.96,17,13.298076923076923,29,14,130,94.0,313.78000000000003,116.52,35,14,15.0,6.0
00-0036264,Jordan Love,QB,GB,217.01,217.01,17,13.298076923076923,32,15,131,132.0,235.14,233.86,36,15,34.0,14.0
00-0039361,Bucky Irving,RB,TB,216.88,216.88,17,13.003205128205128,27,3,9,24.0,138.5,244.4,37,3,99.0,27.0
00-0033288,George Kittle,TE,SF,213.09,213.09,17,13.041666666666666,31,1,11,37.0,161.5,236.6,38,1,89.0,10.0
00-0037740,Garrett Wilson,WR,NYJ,212.27,212.27,17,13.788461538461538,42,20,40,41.0,99.5,251.9,39,20,150.0,56.0
00-0037248,James Cook,RB,BUF,208.04,208.04,17,13.003205128205128,35,4,14,28.0,302.2,266.7,40,4,18.0,6.0
00-0034827,D.J. Moore,WR,CHI,204.77,204.77,17,13.788461538461538,46,21,47,,172.18,238.1,41,21,83.0,30.0
00-0038542,Bijan Robinson,RB,ATL,203.22,203.22,17,13.003205128205128,40,5,16,2.0,370.8,341.7,42,5,3.0,2.0
00-0039163,C.J. Stroud,QB,HOU,203.17,203.17,17,13.298076923076923,43,16,144,126.0,208.54,220.38,43,16,54.0,20.0
00-0038597,Chase Brown,RB,CIN,201.88,201.88,17,13.003205128205128,41,6,17,22.0,282.6,255.0,44,6,24.0,7.0
00-0035659,Terry McLaurin,WR,WAS,201.06,201.06,17,13.788461538461538,49,22,52,39.0,114.2,267.8,45,22,132.0,48.0
00-0036212,Tua Tagovailoa,QB,MIA,201.06,201.06,17,13.298076923076923,45,17,148,173.0,160.7,181.58,45,17,91.0,23.0
00-0039064,Zay Flowers,WR,BAL,199.08,199.08,17,13.788461538461538,51,23,53,61.0,243.3,209.5,47,23,30.0,7.0
00-0037840,Kyren Williams,RB,LA,197.26,197.26,17,13.003205128205128,44,7,19,25.0,263.3,272.1,48,7,28.0,9.0
00-0035640,DK Metcalf,WR,SEA,194.96,194.96,17,13.788461538461538,57,24,54,48.0,187.2,191.2,49,24,66.0,23.0
00-0036971,Trevor Lawrence,QB,JAX,193.12,193.12,17,13.298076923076923,50,18,154,157.0,338.18,145.7,50,18,10.0,4.0
00-0033906,Alvin Kamara,RB,NO,192.06,192.06,17,13.003205128205128,47,8,22,36.0,100.7,265.3,51,8,147.0,37.0
00-0030565,Geno Smith,QB,SEA,191.87,191.87,17,13.298076923076923,53,19,157,190.0,173.9,266.0,52,19,81.0,22.0
00-0036223,Jonathan Taylor,RB,IND,190.03,190.03,17,13.003205128205128,48,9,23,18.0,362.3,246.7,53,9,6.0,4.0
00-0038994,Jordan Addison,WR,MIN,189.04,189.04,17,13.788461538461538,61,25,59,91.0,135.1,212.5,54,25,103.0,41.0
00-0038134,Kenneth Walker,RB,SEA,187.71,187.71,17,13.003205128205128,52,10,25,43.0,191.9,181.2,55,10,63.0,19.0
00-0037744,Trey McBride,TE,ARI,185.33,185.33,17,13.041666666666666,55,2,24,27.0,315.9,243.8,56,2,14.0,1.0
00-0034844,Saquon Barkley,RB,PHI,184.85,184.85,17,13.003205128205128,54,11,28,3.0,232.3,355.3,57,11,35.0,13.0
00-0038120,Breece Hall,RB,NYJ,184.45,184.45,17,13.003205128205128,56,12,29,38.0,207.66,240.9,58,12,55.0,18.0
00-0031280,Derek Carr,QB,NO,183.58,183.58,17,13.298076923076923,59,20,176,,,150.9,59,20,,
00-0034348,Courtland Sutton,WR,DEN,181.92,181.92,17,13.788461538461538,65,26,65,51.0,219.7,240.3,60,26,45.0,12.0
00-0035685,David Montgomery,RB,DET,181.13,181.13,17,13.003205128205128,58,13,32,58.0,166.92,221.72,61,13,85.0,23.0
00-0030279,Keenan Allen,WR,CHI,180.28,180.28,17,13.788461538461538,67,27,68,145.0,182.7,184.4,62,27,71.0,26.0
00-0039919,Rome Odunze,WR,CHI,178.67,178.67,17,13.788461538461538,69,28,69,77.0,146.1,144.9,63,28,94.0,36.0
00-0033553,James Conner,RB,ARI,178.39,178.39,17,13.003205128205128,60,14,37,47.0,33.3,253.8,64,14,257.0,62.0
00-0037247,George Pickens,WR,PIT,177.18,177.18,17,13.788461538461538,71,29,71,68.0,291.9,164.4,65,29,21.0,5.0
00-0037240,Jameson Williams,WR,DET,176.87,176.87,17,13.788461538461538,72,30,73,57.0,219.9,212.2,66,30,44.0,11.0
00-0026498,Matthew Stafford,QB,LA,175.93,175.93,17,13.298076923076923,63,21,188,178.0,350.38,214.58,67,21,9.0,3.0
00-0039851,Drake Maye,QB,NE,175.65,175.65,17,13.298076923076923,64,22,191,122.0,351.96,177.14,68,22,8.0,2.0
00-0036407,Jerry Jeudy,WR,CLE,175.14,175.14,17,13.788461538461538,76,31,77,74.0,120.7,240.9,69,31,122.0,45.0
00-0039338,Brock Bowers,TE,LV,174.28,174.28,17,13.041666666666666,62,3,38,19.0,176.2,262.7,70,3,80.0,9.0
00-0032764,Derrick Henry,RB,BAL,170.72,170.72,17,13.003205128205128,66,15,42,10.0,279.5,336.4,71,15,25.0,8.0
00-0036613,Jaylen Waddle,WR,MIA,170.72,170.72,17,13.788461538461538,81,32,79,72.0,194.12,149.6,71,32,61.0,21.0
00-0036252,Michael Pittman,WR,IND,170.43,170.43,17,13.788461538461538,82,33,80,108.0,202.4,165.8,73,33,56.0,16.0
00-0023459,Aaron Rodgers,QB,NYJ,169.54,169.54,17,13.298076923076923,75,23,209,210.0,227.08,256.58,74,23,38.0,16.0
00-0035261,Tony Pollard,RB,TEN,169.36,169.36,17,13.003205128205128,68,16,44,66.0,185.8,200.7,75,16,67.0,20.0
00-0039065,Sam LaPorta,TE,DET,168.6,168.6,17,13.041666666666666,70,4,41,52.0,106.9,174.6,76,4,141.0,23.0
00-0030506,Travis Kelce,TE,KC,166.65,166.65,17,13.041666666666666,73,5,43,63.0,193.2,195.4,77,5,62.0,3.0
00-0039040,Devon Achane,RB,MIA,166.1,166.1,17,13.003205128205128,74,17,45,,322.8,299.9,78,17,12.0,5.0
00-0036555,Chuba Hubbard,RB,CAR,164.99,164.99,17,13.003205128205128,77,18,48,46.0,125.4,241.6,79,18,115.0,29.0
00-0039384,Tyrone Tracy,RB,NYG,164.01,164.01,17,13.003205128205128,78,19,49,75.0,160.8,182.3,80,19,90.0,24.0
00-0033293,Aaron Jones,RB,MIN,164.0,164.0,17,13.003205128205128,79,20,50,67.0,118.7,241.6,81,20,124.0,32.0
00-0033280,Christian McCaffrey,RB,SF,163.08,163.08,17,13.003205128205128,80,21,51,7.0,416.6,47.8,82,21,1.0,1.0
00-0034960,Jakobi Meyers,WR,LV,160.27,160.27,17,13.788461538461538,86,34,92,88.0,107.6,218.0,83,34,140.0,52.0
00-0039917,Michael Penix,QB,ATL,159.26,159.26,17,13.298076923076923,83,24,237,180.0,120.28,44.1,84,24,123.0,29.0
00-0034869,Sam Darnold,QB,MIN,158.58,158.58,17,13.298076923076923,84,25,241,211.0,235.42,307.96,85,25,33.0,13.0
00-0039150,Bryce Young,QB,CAR,158.57,158.57,17,13.298076923076923,85,26,242,181.0,218.04,195.02,86,26,46.0,18.0
00-0039146,Jayden Reed,WR,GB,156.38,156.38,17,13.788461538461538,89,35,94,123.0,48.5,197.0,87,35,232.0,96.0
00-0031588,Stefon Diggs,WR,HOU,151.59,151.59,17,13.788461538461538,94,36,97,86.0,210.3,121.92,88,36,53.0,15.0
00-0037261,Khalil Shakir,WR,BUF,151.57,151.57,17,13.788461538461538,95,37,98,101.0,166.4,182.5,89,37,86.0,32.0
00-0038996,Tucker Kraft,TE,GB,149.91,149.91,17,13.041666666666666,87,6,55,106.0,117.2,163.3,90,6,127.0,20.0
00-0033897,Joe Mixon,RB,HOU,147.77,147.77,17,13.003205128205128,88,22,61,114.0,,240.5,91,22,,
00-0033858,Jonnu Smith,TE,MIA,147.58,147.58,17,13.041666666666666,90,7,57,151.0,85.2,222.3,92,7,169.0,27.0
00-0036970,Kyle Pitts,TE,ATL,147.46,147.46,17,13.041666666666666,91,8,58,131.0,210.8,131.2,93,8,52.0,2.0
00-0039901,Keon Coleman,WR,BUF,147.15,147.15,17,13.788461538461538,97,38,103,115.0,102.4,111.5,94,38,146.0,54.0
00-0036275,D'Andre Swift,RB,CHI,146.97,146.97,17,13.003205128205128,92,23,62,54.0,228.6,214.5,95,23,36.0,14.0
00-0039067,Rashee Rice,WR,KC,146.63,146.63,17,13.788461538461538,98,39,104,71.0,150.1,64.9,96,39,92.0,35.0
00-0034837,Calvin Ridley,WR,TEN,146.45,146.45,17,13.788461538461538,99,40,106,65.0,47.3,199.2,97,40,237.0,98.0
00-0035719,Deebo Samuel,WR,SF,146.29,146.29,17,13.788461538461538,100,41,107,79.0,188.2,155.6,98,41,64.0,22.0
00-0036875,Rhamondre Stevenson,RB,NE,144.43,144.43,17,13.003205128205128,93,24,63,110.0,178.8,175.9,99,24,75.0,22.0
00-0033908,Cooper Kupp,WR,LA,141.97,141.97,17,13.788461538461538,105,42,110,90.0,116.3,175.0,100,42,129.0,47.0
00-0036309,Darnell Mooney,WR,ATL,141.4,141.4,17,13.788461538461538,106,43,111,136.0,82.3,193.2,101,43,174.0,71.0
00-0036973,Travis Etienne,RB,JAX,139.42,139.42,17,13.003205128205128,96,25,74,92.0,253.9,130.2,102,25,29.0,10.0
00-0036945,Justin Fields,QB,PIT,139.11,139.11,17,13.298076923076923,102,27,329,113.0,142.66,119.14,103,27,97.0,24.0
00-0029263,Russell Wilson,QB,PIT,138.99,138.99,17,13.298076923076923,103,28,330,249.0,49.84,172.78,104,28,228.0,38.0
00-0036259,Jauan Jennings,WR,SF,138.79,138.79,17,13.788461538461538,110,44,113,104.0,173.3,210.5,105,44,82.0,29.0
00-0039342,Xavier Legette,WR,CAR,138.38,138.38,17,13.788461538461538,112,45,114,175.0,89.3,125.1,106,45,163.0,64.0
00-0034753,Mark Andrews,TE,BAL,137.32,137.32,17,13.041666666666666,101,9,70,73.0,131.0,188.8,107,9,106.0,12.0
00-0038117,Wan'Dale Robinson,WR,NYG,137.01,137.01,17,13.788461538461538,114,46,117,182.0,217.9,182.7,108,46,47.0,13.0
00-0033885,David Njoku,TE,CLE,135.91,135.91,17,13.041666666666666,104,10,75,80.0,86.3,148.5,109,10,167.0,26.0
00-0038997,Josh Downs,WR,IND,134.42,134.42,17,13.788461538461538,116,47,119,120.0,138.4,182.2,110,47,100.0,38.0
00-0036158,J.K. Dobbins,RB,LAC,133.32,133.32,17,13.003205128205128,107,26,81,98.0,115.9,191.8,111,26,130.0,34.0
00-0037228,Jaylen Warren,RB,PIT,133.03,133.03,17,13.003205128205128,108,27,83,84.0,217.1,124.1,112,27,48.0,16.0
00-0036893,Najee Harris,RB,PIT,132.98,132.98,17,13.003205128205128,109,28,84,129.0,11.6,204.6,113,28,339.0,80.0
00-0037816,Romeo Doubs,WR,GB,131.95,131.95,17,13.788461538461538,121,48,125,191.0,165.4,132.1,114,48,87.0,33.0
00-0038544,Quentin Johnston,WR,LAC,131.37,131.37,17,13.788461538461538,122,49,126,221.0,171.2,174.70000000000002,115,49,84.0,31.0
00-0033699,Austin Ekeler,RB,WAS,130.53,130.53,17,13.003205128205128,111,29,87,,13.1,132.3,116,29,331.0,79.0
00-0030061,Zach Ertz,TE,WAS,129.63,129.63,17,13.041666666666666,113,11,82,152.0,126.4,177.4,117,11,112.0,15.0
00-0037239,Chris Olave,WR,NO,127.74,127.74,17,13.788461538461538,124,50,132,78.0,268.0,76.7,118,50,27.0,6.0
00-0036894,Pat Freiermuth,TE,PIT,127.7,127.7,17,13.041666666666666,115,12,85,209.0,113.6,168.3,119,12,134.0,21.0
00-0036550,Rashod Bateman,WR,BAL,127.17,127.17,17,13.788461538461538,125,51,133,169.0,55.4,174.60000000000002,120,51,216.0,88.0
00-0034351,Dallas Goedert,TE,PHI,126.71,126.71,17,13.041666666666666,117,13,88,139.0,185.1,103.6,121,13,68.0,5.0
00-0038933,Dalton Kincaid,TE,BUF,126.27,126.27,17,13.041666666666666,118,14,89,124.0,126.1,100.8,122,14,113.0,16.0
00-0037838,Isaiah Likely,TE,BAL,125.76,125.76,17,13.041666666666666,119,15,90,185.0,61.7,123.7,123,15,204.0,37.0
00-0038129,Cade Otton,TE,TB,125.61,125.61,17,13.041666666666666,120,16,91,214.0,122.2,140.6,124,16,119.0,18.0
00-0033921,Chris Godwin,WR,TB,124.62,124.62,17,13.788461538461538,126,52,134,102.0,83.0,137.8,125,52,173.0,70.0
00-0039165,Zach Charbonnet,RB,SEA,120.67,120.67,17,13.003205128205128,123,30,93,105.0,181.4,183.7,126,30,72.0,21.0
00-0038393,Dontayvion Wicks,WR,GB,120.61,120.61,17,13.788461538461538,129,53,137,285.0,75.8,110.5,127,53,180.0,74.0
00-0035710,Daniel Jones,QB,NYG,117.48,117.48,17,13.298076923076923,127,29,431,260.0,226.44,135.3,128,29,39.0,17.0
00-0036261,Brandon Aiyuk,WR,SF,116.02,116.02,17,13.788461538461538,136,54,138,146.0,,62.400000000000006,129,54,,
00-0038621,Demario Douglas,WR,NE,115.63,115.63,17,13.788461538461538,138,56,140,194.0,95.8,147.7,130,55,155.0,59.0
00-0037545,Rashid Shaheed,WR,NO,115.63,115.63,17,13.788461538461538,137,55,139,141.0,104.4,81.8,130,55,142.0,53.0
00-0039164,Anthony Richardson,QB,IND,115.46,115.46,17,13.298076923076923,132,30,442,248.0,2.16,163.36,132,30,408.0,53.0
00-0035229,T.J. Hockenson,TE,MIN,113.91,113.91,17,13.041666666666666,130,17,95,64.0,112.8,86.5,133,17,136.0,22.0
00-0037746,Brian Robinson,RB,WAS,113.89,113.89,17,13.003205128205128,128,31,99,119.0,62.5,159.79999999999998,134,31,203.0,50.0
00-0038041,Jake Ferguson,TE,DAL,113.35,113.35,17,13.041666666666666,131,18,96,135.0,188.1,104.4,135,18,65.0,4.0
00-0037525,Jordan Mason,RB,SF,112.58,112.58,17,13.003205128205128,133,32,100,95.0,128.9,115.0,136,32,109.0,28.0
00-0037263,Tyler Allgeier,RB,ATL,111.9,111.9,17,13.003205128205128,134,33,101,164.0,123.0,106.2,137,33,118.0,30.0
00-0039875,Ray Davis,RB,BUF,111.49,111.49,17,13.003205128205128,135,34,102,171.0,64.1,116.1,138,34,199.0,49.0
00-0038976,Marvin Mims,WR,DEN,110.31,110.31,17,13.788461538461538,143,57,149,150.0,95.0,129.5,139,57,156.0,60.0
00-0037256,Rachaad White,RB,TB,108.59,108.59,17,13.003205128205128,139,35,108,142.0,143.0,199.6,140,35,96.0,26.0
00-0038559,Michael Wilson,WR,ARI,108.48,108.48,17,13.788461538461538,145,58,151,269.0,136.0,124.5,141,58,102.0,40.0
00-0037197,Isiah Pacheco,RB,KC,107.42,107.42,17,13.003205128205128,140,36,109,60.0,87.3,56.900000000000006,142,36,166.0,44.0
00-0034383,Dalton Schultz,TE,HOU,107.27,107.27,17,13.041666666666666,141,19,105,228.0,177.70000000000002,118.2,143,19,77.0,8.0
00-0036139,Rico Dowdle,RB,DAL,105.29,105.29,17,13.003205128205128,142,37,112,204.0,216.3,197.8,144,37,49.0,17.0
00-0037664,Alec Pierce,WR,IND,104.97,104.97,17,13.788461538461538,150,59,152,246.0,183.3,161.4,145,59,70.0,25.0
00-0034775,Christian Kirk,WR,JAX,102.7,102.7,17,13.788461538461538,152,60,155,148.0,57.9,70.9,146,60,213.0,86.0
00-0036997,Javonte Williams,RB,DEN,102.53,102.53,17,13.003205128205128,144,38,115,107.0,242.8,157.9,147,38,31.0,11.0
00-0029604,Kirk Cousins,QB,ATL,102.38,102.38,17,13.298076923076923,147,31,496,300.0,103.54,176.32,148,31,144.0,31.0
00-0039032,Tyjae Spears,RB,TEN,101.84,101.84,17,13.003205128205128,146,39,116,179.0,111.7,113.6,149,39,137.0,35.0
00-0036988,Josh Palmer,WR,LAC,101.57,101.57,17,13.788461538461538,153,61,159,,52.3,107.4,150,61,222.0,90.0
00-0036626,Dyami Brown,WR,WAS,101.08,101.08,17,13.788461538461538,154,62,160,275.0,49.7,67.4,151,62,229.0,95.0
00-0038555,Tank Bigsby,RB,JAX,99.53,99.53,17,13.003205128205128,148,40,118,130.0,52.6,129.0,152,40,221.0,54.0
00-0034791,Nick Chubb,RB,CLE,99.17,99.17,17,13.003205128205128,149,41,120,121.0,88.3,63.3,153,41,165.0,43.0
00-0030035,Adam Thielen,WR,CAR,98.03,98.03,17,13.788461538461538,159,63,165,170.0,22.7,139.5,154,63,295.0,119.0
00-0037267,Jerome Ford,RB,CLE,97.27,97.27,17,13.003205128205128,151,42,122,155.0,43.6,134.0,155,42,242.0,57.0
00-0039868,Troy Franklin,WR,DEN,94.62,94.62,17,13.788461538461538,162,64,171,272.0,177.1,67.1,156,64,79.0,28.0
00-0039491,Jalen Coker,WR,CAR,94.54,94.54,17,13.788461538461538,163,65,172,259.0,90.4,92.56,157,65,161.0,62.0
00-0038608,Kayshon Boutte,WR,NE,94.49,94.49,17,13.788461538461538,164,66,173,288.0,124.1,121.9,158,66,116.0,44.0
00-0039363,Isaac Guerendo,RB,SF,94.22,94.22,17,13.003205128205128,155,43,129,208.0,0.0,96.2,159,43,426.0,103.0
00-0037809,Chigoziem Okonkwo,TE,TEN,94.15,94.15,17,13.041666666666666,156,20,121,,124.0,113.6,160,20,117.0,17.0
00-0039916,Ricky Pearsall,WR,SF,93.74,93.74,17,13.788461538461538,165,67,174,85.0,88.6,93.5,161,67,164.0,65.0
00-0033881,Evan Engram,TE,JAX,93.6,93.6,17,13.041666666666666,157,21,123,81.0,102.8,89.5,162,21,145.0,25.0
00-0038935,Brenton Strange,TE,JAX,93.57,93.57,17,13.041666666666666,158,22,124,188.0,118.0,91.1,163,22,125.0,19.0
00-0037837,Calvin Austin,WR,PIT,92.6,92.6,17,13.788461538461538,166,68,178,263.0,86.2,120.8,164,68,168.0,66.0
00-0033090,Hunter Henry,TE,NE,91.98,91.98,17,13.041666666666666,160,23,127,159.0,178.8,145.4,165,23,75.0,7.0
00-0036290,Cole Kmet,TE,CHI,91.43,91.43,17,13.041666666666666,161,24,128,256.0,78.7,120.4,166,24,177.0,28.0
00-0036980,Elijah Moore,WR,CLE,89.44,89.44,17,13.788461538461538,168,69,183,313.0,28.6,120.9,167,69,276.0,113.0
00-0034829,Mike Gesicki,TE,CIN,86.35,86.35,17,13.041666666666666,167,25,135,225.0,70.7,141.5,168,25,189.0,33.0
00-0038563,Tre Tucker,WR,LV,85.77,85.77,17,13.788461538461538,171,70,186,357.0,161.7,129.3,169,70,88.0,34.0
00-0035535,Darius Slayton,WR,NYG,85.66,85.66,17,13.788461538461538,172,71,187,268.0,98.8,110.0,170,71,153.0,57.0
00-0033357,Taysom Hill,TE,NO,83.66,83.66,17,13.041666666666666,169,26,136,290.0,41.78,102.34,171,26,244.0,47.0
00-0039855,Jalen McMillan,WR,TB,82.32,82.32,17,13.788461538461538,176,72,198,287.0,29.9,135.4,172,72,272.0,111.0
00-0038977,Tank Dell,WR,HOU,81.5,81.5,17,13.788461538461538,178,73,200,325.0,,140.0,173,73,,
00-0039021,Roschon Johnson,RB,CHI,81.24,81.24,17,13.003205128205128,170,44,142,223.0,1.7000000000000002,77.39999999999999,174,44,417.0,99.0
00-0039921,Trey Benson,RB,ARI,79.96,79.96,17,13.003205128205128,173,45,143,153.0,35.4,47.0,175,45,255.0,60.0
00-0039746,Will Shipley,RB,PHI,79.57,79.57,17,13.003205128205128,174,46,146,200.0,19.5,15.7,176,46,307.0,73.0
00-0033923,Kareem Hunt,RB,KC,78.99,78.99,17,13.003205128205128,175,47,147,195.0,145.4,155.4,177,47,95.0,25.0
00-0036040,Juwan Johnson,TE,NO,77.6,77.6,17,13.041666666666666,177,27,141,297.0,179.9,122.8,178,27,74.0,6.0
00-0038979,Cedric Tillman,WR,CLE,76.99,76.99,17,13.788461538461538,180,74,213,189.0,60.0,80.4,179,74,206.0,84.0
00-0038124,Christian Watson,WR,GB,76.6,76.6,17,13.788461538461538,181,75,215,335.0,132.4,105.3,180,75,105.0,42.0
00-0034270,Tyler Conklin,TE,NYJ,75.95,75.95,17,13.041666666666666,179,28,145,279.0,17.3,121.9,181,28,312.0,68.0
00-0030564,DeAndre Hopkins,WR,KC,74.94,74.94,17,13.788461538461538,184,76,219,233.0,67.0,108.7,182,76,193.0,78.0
00-0026158,Joe Flacco,QB,IND,72.34,72.34,17,13.298076923076923,183,32,524,238.0,120.76,99.04,183,32,121.0,28.0
00-0035689,Dawson Knox,TE,BUF,71.38,71.38,17,13.041666666666666,182,29,150,309.0,103.7,59.1,184,29,143.0,24.0
00-0038619,Andrei Iosivas,WR,CIN,70.56,70.56,17,13.788461538461538,187,77,227,292.0,89.9,119.9,185,77,162.0,63.0
00-0038454,Keaton Mitchell,RB,BAL,70.25,70.25,17,13.003205128205128,185,48,153,250.0,55.4,6.8,186,48,216.0,53.0
00-0034407,Ray-Ray McCloud,WR,ATL,69.34,69.34,17,13.788461538461538,189,78,233,306.0,12.4,142.5,187,78,337.0,137.0
00-0036196,Gabe Davis,WR,JAX,68.37,68.37,17,13.788461538461538,193,79,236,504.0,30.9,53.9,188,79,268.0,108.0
00-0038551,Kendre Miller,RB,NO,67.89,67.89,17,13.003205128205128,186,49,161,227.0,33.3,29.1,189,49,257.0,62.0
00-0038558,Darnell Washington,TE,PIT,65.6,65.6,17,13.041666666666666,188,30,156,347.0,73.4,45.0,190,30,185.0,31.0
00-0035243,Miles Sanders,RB,CAR,65.14,65.14,17,13.003205128205128,190,50,164,253.0,26.700000000000003,77.3,191,50,282.0,67.0
00-0039356,Ja'Tavion Sanders,TE,CAR,64.94,64.94,17,13.041666666666666,191,31,158,241.0,54.0,73.2,192,31,219.0,42.0
00-0039738,Blake Corum,RB,LA,64.48,64.48,17,13.003205128205128,192,51,166,234.0,122.2,33.5,193,51,119.0,31.0
00-0039874,Jaylen Wright,RB,MIA,64.47,64.47,17,13.003205128205128,194,52,167,235.0,48.2,26.7,194,52,234.0,55.0
00-0036637,Noah Gray,TE,KC,63.98,63.98,17,13.041666666666666,195,32,162,264.0,38.8,113.3,195,32,246.0,48.0
00-0039880,Malik Washington,WR,MIA,63.81,63.81,17,13.788461538461538,201,80,253,326.0,116.7,56.8,196,80,128.0,46.0
00-0036328,Antonio Gibson,RB,NE,63.48,63.48,17,13.003205128205128,196,53,169,307.0,23.200000000000003,103.4,197,53,291.0,70.0
00-0037741,Jahan Dotson,WR,PHI,63.46,63.46,17,13.788461538461538,203,81,255,331.0,50.2,41.9,198,81,226.0,93.0
00-0039355,Luke McCaffrey,WR,WAS,63.35,63.35,17,13.788461538461538,204,82,256,296.0,51.3,34.8,199,82,224.0,92.0
00-0034972,Alexander Mattison,RB,LV,62.98,62.98,17,13.003205128205128,197,54,170,,,137.4,200,54,,
00-0035208,Olamide Zaccheaus,WR,WAS,62.39,62.39,17,13.788461538461538,206,83,259,341.0,84.8,114.4,201,83,170.0,67.0
00-0034159,Will Dissly,TE,LAC,62.25,62.25,17,13.041666666666666,198,33,163,343.0,20.7,110.1,202,33,299.0,64.0
00-0037291,Jalen Nailor,WR,MIN,62.11,62.11,17,13.788461538461538,207,84,261,379.0,100.7,105.0,203,84,147.0,55.0
00-0039890,Adonai Mitchell,WR,IND,61.13,61.13,17,13.788461538461538,208,85,270,305.0,65.69999999999999,53.76,204,85,197.0,82.0
00-0039794,Braelon Allen,RB,NYJ,60.84,60.84,17,13.003205128205128,199,55,175,134.0,15.3,85.2,205,55,318.0,76.0
00-0034364,Jordan Akins,TE,CLE,60.56,60.56,17,13.041666666666666,200,34,168,,,91.0,206,34,,
00-0034975,Justice Hill,RB,BAL,60.17,60.17,17,13.003205128205128,202,56,177,237.0,65.2,127.1,207,56,198.0,48.0
00-0035500,Greg Dortch,WR,ARI,59.27,59.27,17,13.788461538461538,211,86,274,616.0,75.10000000000001,90.3,208,86,181.0,75.0
00-0031687,Raheem Mostert,RB,MIA,58.96,58.96,17,13.003205128205128,205,57,180,219.0,29.4,70.9,209,57,274.0,66.0
00-0036849,Tutu Atwell,WR,LA,58.12,58.12,17,13.788461538461538,212,87,278,319.0,31.2,98.9,210,87,265.0,107.0
00-0037666,Jalen Tolbert,WR,DAL,57.31,57.31,17,13.788461538461538,213,88,281,351.0,46.3,152.0,211,88,239.0,99.0
00-0038040,Zamir White,RB,LV,57.16,57.16,17,13.003205128205128,209,58,181,323.0,9.6,29.3,212,58,351.0,83.0
00-0034521,Allen Lazard,WR,NYJ,56.24,56.24,17,13.788461538461538,216,89,288,376.0,23.0,126.0,213,89,293.0,118.0
00-0035644,Noah Fant,TE,SEA,56.12,56.12,17,13.041666666666666,210,35,179,322.0,74.8,104.0,214,35,182.0,29.0
00-0038606,Parker Washington,WR,JAX,55.49,55.49,17,13.788461538461538,218,90,293,414.0,184.7,97.0,215,90,69.0,24.0
00-0033282,Curtis Samuel,WR,BUF,54.39,54.39,17,13.788461538461538,219,91,299,398.0,21.1,63.7,216,91,297.0,120.0
00-0039751,Jordan Whittington,WR,LA,54.19,54.19,17,13.788461538461538,221,92,300,371.0,36.3,52.5,217,92,252.0,103.0
00-0037614,John Metchie,WR,HOU,53.95,53.95,17,13.788461538461538,222,93,303,354.0,66.1,55.4,218,93,196.0,81.0
00-0036919,Kenneth Gainwell,RB,PHI,53.65,53.65,17,13.003205128205128,214,59,185,,221.3,62.6,219,59,42.0,15.0
00-0037086,Grant Calcaterra,TE,PHI,53.34,53.34,17,13.041666666666666,215,36,182,352.0,22.6,59.8,220,36,296.0,63.0
00-0035537,Ty Johnson,RB,BUF,52.92,52.92,17,13.003205128205128,217,60,190,312.0,100.3,91.7,221,60,149.0,38.0
00-0036182,Nick Westbrook-Ikhine,WR,TEN,52.91,52.91,17,13.788461538461538,224,94,307,364.0,19.9,135.7,222,94,304.0,124.0
00-0037801,Kavontae Turpin,WR,DAL,52.29,52.29,17,13.788461538461538,225,95,308,350.0,84.5,104.2,223,95,172.0,69.0
00-0038797,Emanuel Wilson,RB,GB,51.28,51.28,17,13.003205128205128,220,61,197,321.0,94.5,96.0,224,61,157.0,40.0
00-0031544,Amari Cooper,WR,BUF,51.09,51.09,17,13.788461538461538,233,96,312,,,61.7,225,96,,
00-0035249,Josh Oliver,TE,MIN,50.39,50.39,17,13.041666666666666,223,37,184,365.0,55.0,65.8,226,37,218.0,41.0
00-0039424,Devaughn Vele,WR,DEN,49.57,49.57,17,13.788461538461538,238,97,318,384.0,66.3,106.5,227,97,195.0,80.0
00-0036422,Adam Trautman,TE,DEN,49.23,49.23,17,13.041666666666666,226,38,189,404.0,45.5,43.8,228,38,240.0,46.0
00-0038611,Chris Rodriguez,RB,WAS,49.05,49.05,17,13.003205128205128,227,62,202,293.0,92.0,31.5,229,62,159.0,41.0
00-0036251,Zack Moss,RB,CIN,49.0,49.0,17,13.003205128205128,228,63,203,274.0,,81.9,230,63,,
00-0038794,Jaleel McLaughlin,RB,DEN,48.92,48.92,17,13.003205128205128,229,64,204,301.0,31.4,97.2,231,64,264.0,65.0
00-0033895,Gerald Everett,TE,CHI,48.87,48.87,17,13.041666666666666,230,39,192,906.0,,11.6,232,39,,
00-0037258,Dameon Pierce,RB,HOU,48.62,48.62,17,13.003205128205128,231,65,205,295.0,2.6,43.5,233,65,400.0,95.0
00-0033110,Tyler Higbee,TE,LA,48.45,48.45,17,13.041666666666666,232,40,193,310.0,71.1,26.6,234,40,188.0,32.0
00-0032392,Austin Hooper,TE,NE,48.16,48.16,17,13.041666666666666,235,41,194,353.0,59.3,108.6,235,41,209.0,39.0
00-0038951,Sean Tucker,RB,TB,48.08,48.08,17,13.003205128205128,234,66,206,304.0,91.4,68.7,236,66,160.0,42.0
00-0033857,JuJu Smith-Schuster,WR,KC,48.04,48.04,17,13.788461538461538,241,98,323,315.0,73.5,53.1,237,98,184.0,76.0
00-0039847,Theo Johnson,TE,NYG,48.04,48.04,17,13.041666666666666,236,42,195,298.0,127.8,68.1,237,42,110.0,14.0
00-0036244,Colby Parkinson,TE,LA,47.65,47.65,17,13.041666666666666,237,43,196,579.0,129.8,65.4,239,43,108.0,13.0
00-0035406,Lil'Jordan Humphrey,WR,DEN,46.99,46.99,17,13.788461538461538,244,99,331,573.0,25.1,64.3,240,99,284.0,115.0
00-0036924,Michael Carter,RB,ARI,46.53,46.53,17,13.003205128205128,239,67,211,653.0,99.0,35.8,241,67,152.0,39.0
00-0038589,Josh Whyle,TE,TEN,45.86,45.86,17,13.041666666666666,240,44,199,714.0,14.6,60.8,242,44,323.0,71.0
00-0039041,Elijah Higgins,TE,ARI,45.33,45.33,17,13.041666666666666,242,45,201,369.0,58.1,49.2,243,45,212.0,40.0
00-0031503,Jameis Winston,QB,CLE,45.26,45.26,17,13.298076923076923,246,34,526,314.0,43.28,131.14,244,33,243.0,40.0
00-0039152,Will Levis,QB,TEN,45.26,45.26,17,13.298076923076923,245,33,525,,,119.94,244,33,,
00-0036427,Tyler Johnson,WR,LA,44.66,44.66,17,13.788461538461538,250,100,341,709.0,37.7,61.1,246,100,248.0,101.0
00-0038098,Pierre Strong,RB,CLE,44.38,44.38,17,13.003205128205128,243,68,216,717.0,,35.2,247,68,,
00-0032211,Tyler Lockett,WR,SEA,44.34,44.34,17,13.788461538461538,252,101,347,283.0,50.1,121.0,248,101,227.0,94.0
00-0039793,A.J. Barner,TE,SEA,44.17,44.17,17,13.041666666666666,247,46,207,,147.3,78.5,249,46,93.0,11.0
00-0038720,Julian Hill,TE,MIA,43.39,43.39,17,13.041666666666666,248,47,208,401.0,31.0,22.0,250,47,267.0,53.0
00-0038547,Luke Schoonmaker,TE,DAL,42.84,42.84,17,13.041666666666666,249,48,210,388.0,27.2,57.1,251,48,281.0,59.0
00-0033375,Tim Patrick,WR,DET,42.79,42.79,17,13.788461538461538,255,102,360,433.0,51.7,92.4,252,102,223.0,91.0
00-0038115,Daniel Bellinger,TE,NYG,42.23,42.23,17,13.041666666666666,251,49,212,423.0,59.6,26.5,253,49,207.0,38.0
00-0031235,Odell Beckham,WR,MIA,42.11,42.11,17,13.788461538461538,257,103,366,360.0,,14.5,254,103,,
00-0035250,Devin Singletary,RB,NYG,41.38,41.38,17,13.003205128205128,253,69,222,289.0,108.8,96.6,255,69,139.0,36.0
00-0036876,Kylen Granson,TE,IND,41.3,41.3,17,13.041666666666666,254,50,214,496.0,11.0,32.2,256,50,343.0,78.0
00-0039398,Joe Milton,QB,NE,41.23,41.23,17,13.298076923076923,256,35,527,356.0,10.32,19.24,257,35,345.0,48.0
00-0033009,Tyler Boyd,WR,TEN,41.13,41.13,17,13.788461538461538,262,104,371,905.0,,78.3,258,104,,
00-0037539,Lucas Krull,TE,DEN,39.8,39.8,17,13.041666666666666,258,51,217,822.0,3.5,34.2,259,51,391.0,87.0
00-0033925,D'Onta Foreman,RB,CLE,39.56,39.56,17,13.003205128205128,259,70,225,,,32.6,260,70,,
00-0039066,Michael Mayer,TE,LV,39.53,39.53,17,13.041666666666666,260,52,218,334.0,73.8,36.6,261,52,183.0,30.0
00-0034613,Tanner Hudson,TE,CIN,39.22,39.22,17,13.041666666666666,261,53,220,648.0,47.8,38.5,262,53,236.0,44.0
00-0034418,Cedrick Wilson,WR,NO,38.68,38.68,17,13.788461538461538,270,105,380,600.0,9.4,51.94,263,105,353.0,143.0
00-0036906,Khalil Herbert,RB,CIN,38.38,38.38,17,13.003205128205128,263,71,232,385.0,6.6,21.5,264,71,367.0,87.0
00-0039144,Luke Musgrave,TE,GB,38.07,38.07,17,13.041666666666666,264,54,221,336.0,49.2,11.5,265,54,230.0,43.0
00-0033949,Joshua Dobbs,QB,SF,37.97,37.97,17,13.298076923076923,267,36,528,358.0,2.1,30.84,266,36,409.0,54.0
00-0039373,Audric Estime,RB,DEN,37.94,37.94,17,13.003205128205128,265,72,234,337.0,48.1,48.7,267,72,235.0,56.0
00-0033526,Samaje Perine,RB,KC,37.74,37.74,17,13.003205128205128,266,73,235,419.0,77.9,81.4,268,73,178.0,45.0
00-0034386,Justin Watson,WR,KC,37.71,37.71,17,13.788461538461538,276,106,384,483.0,6.0,62.9,269,106,371.0,153.0
00-0036415,Van Jefferson,WR,PIT,37.54,37.54,17,13.788461538461538,277,107,385,536.0,70.0,63.6,270,107,191.0,77.0
00-0032775,Demarcus Robinson,WR,LA,37.3,37.3,17,13.788461538461538,279,108,388,397.0,58.2,123.5,271,108,211.0,85.0
00-0035289,Gardner Minshew,QB,LV,36.85,36.85,17,13.298076923076923,275,37,529,387.0,-0.3200000000000003,96.32,272,37,445.0,62.0
00-0036984,Trey Sermon,RB,IND,36.62,36.62,17,13.003205128205128,268,74,238,629.0,0.0,53.8,273,74,426.0,103.0
00-0038705,Emari Demercado,RB,ARI,36.54,36.54,17,13.003205128205128,269,75,239,660.0,58.3,54.7,274,75,210.0,51.0
00-0039814,Erick All,TE,CIN,36.36,36.36,17,13.041666666666666,271,55,223,861.0,,35.8,275,55,,
00-0037805,Jeremy Ruckert,TE,NYJ,36.2,36.2,17,13.041666666666666,273,56,224,663.0,46.9,28.5,276,56,238.0,45.0
00-0029892,Kyle Juszczyk,RB,SF,36.13,36.13,17,13.003205128205128,272,76,240,426.0,57.0,57.6,277,76,215.0,52.0
00-0033955,Jeremy McNichols,RB,WAS,36.07,36.07,17,13.003205128205128,274,77,243,451.0,72.7,63.8,278,77,186.0,46.0
00-0038783,Nate Adkins,TE,DEN,35.49,35.49,17,13.041666666666666,278,57,226,723.0,16.8,43.5,279,57,314.0,69.0
00-0038938,Jalin Hyatt,WR,NYG,35.23,35.23,17,13.788461538461538,286,109,397,380.0,8.5,14.2,280,109,357.0,145.0
00-0033217,Mo Alie-Cox,TE,IND,35.18,35.18,17,13.041666666666666,280,58,228,457.0,30.7,32.7,281,58,269.0,54.0
00-0035216,Diontae Johnson,WR,CAR,35.02,35.02,17,13.788461538461538,287,110,398,308.0,,84.3,282,110,,
00-0032464,Kalif Raymond,WR,DET,34.9,34.9,17,13.788461538461538,288,111,399,405.0,66.8,56.5,283,111,194.0,79.0
00-0039359,Cade Stover,TE,HOU,34.8,34.8,17,13.041666666666666,281,59,229,477.0,19.9,34.3,284,59,304.0,66.0
00-0034981,Foster Moreau,TE,NO,34.78,34.78,17,13.041666666666666,282,60,230,683.0,12.9,103.3,285,60,333.0,73.0
00-0033246,Johnny Mundt,TE,MIN,34.66,34.66,17,13.041666666666666,284,61,231,686.0,20.1,45.2,286,61,302.0,65.0
00-0037276,Ty Chandler,RB,MIN,34.64,34.64,17,13.003205128205128,283,78,248,383.0,8.8,28.4,287,78,356.0,84.0
00-0035662,Marquise Brown,WR,KC,34.37,34.37,17,13.788461538461538,290,112,400,,137.7,18.1,288,112,101.0,39.0
00-0033591,Noah Brown,WR,WAS,34.33,34.33,17,13.788461538461538,291,113,401,468.0,13.3,86.3,289,113,330.0,135.0
00-0036630,Tylan Wallace,WR,BAL,34.0,34.0,17,13.788461538461538,293,114,403,525.0,14.5,36.3,290,114,325.0,133.0
00-0033854,Dare Ogunbowale,RB,HOU,33.73,33.73,17,13.003205128205128,285,79,251,689.0,24.1,56.0,291,79,288.0,69.0
00-0035100,Jake Browning,QB,CIN,33.36,33.36,17,13.298076923076923,289,38,530,417.0,48.74,-0.2,292,38,231.0,39.0
00-0037077,Sam Howell,QB,SEA,33.0,33.0,17,13.298076923076923,292,39,531,490.0,,-0.84,293,39,,
00-0039062,Jonathan Mingo,WR,CAR,32.89,32.89,17,13.788461538461538,299,115,408,643.0,3.5,22.6,294,115,391.0,161.0
00-0033307,Kendrick Bourne,WR,NE,32.0,32.0,17,13.788461538461538,309,116,409,688.0,92.1,65.1,295,116,158.0,61.0
00-0031236,Brandin Cooks,WR,DAL,31.97,31.97,17,13.788461538461538,310,117,410,373.0,35.5,69.6,296,117,254.0,104.0
00-0035628,D'Ernest Johnson,RB,JAX,31.83,31.83,17,13.003205128205128,294,80,257,,2.5,35.9,297,80,405.0,96.0
00-0037304,Connor Heyward,TE,PIT,31.68,31.68,17,13.041666666666666,295,62,244,432.0,27.4,16.0,298,62,279.0,57.0
00-0034272,Marquez Valdes-Scantling,WR,NO,31.64,31.64,17,13.788461538461538,311,118,411,327.0,24.0,79.89999999999999,299,118,289.0,116.0
00-0039052,Trey Palmer,WR,TB,31.43,31.43,17,13.788461538461538,312,119,412,712.0,,35.2,300,119,,
00-0036232,Harrison Bryant,TE,LV,31.31,31.31,17,13.041666666666666,296,63,245,772.0,2.7,17.6,301,63,396.0,88.0
00-0037005,Tommy Tremble,TE,CAR,31.28,31.28,17,13.041666666666666,297,64,246,522.0,63.900000000000006,56.4,302,64,200.0,34.0
00-0037292,Andrew Ogletree,TE,IND,31.17,31.17,17,13.041666666666666,298,65,247,,12.7,25.9,303,65,335.0,75.0
00-0033662,Cooper Rush,QB,DAL,31.02,31.02,17,13.298076923076923,307,40,532,393.0,1.72,109.56,304,40,416.0,56.0
00-0036360,Clyde Edwards-Helaire,RB,NO,30.97,30.97,17,13.003205128205128,300,81,263,652.0,4.2,10.0,305,81,385.0,92.0
00-0033948,Jamaal Williams,RB,NO,30.88,30.88,17,13.003205128205128,301,82,264,638.0,,37.1,306,82,,
00-0037120,Tyler Goodson,RB,IND,30.86,30.86,17,13.003205128205128,302,83,265,659.0,5.2,44.4,307,83,375.0,89.0
00-0036754,Brock Wright,TE,DET,30.74,30.74,17,13.041666666666666,303,66,249,368.0,36.8,35.0,308,66,251.0,49.0
00-0030578,Cordarrelle Patterson,RB,PIT,30.64,30.64,17,13.003205128205128,304,84,267,676.0,,37.5,309,84,,
00-0035631,Drew Sample,TE,CIN,30.64,30.64,17,13.041666666666666,306,67,250,492.0,31.9,36.5,309,67,262.0,52.0
00-0032104,Ameer Abdullah,RB,LV,30.57,30.57,17,13.003205128205128,305,85,268,735.0,37.9,125.2,311,85,247.0,58.0
00-0039907,Ja'Lynn Polk,WR,NE,30.41,30.41,17,13.788461538461538,314,120,413,,,32.7,312,120,,
00-0039811,MarShawn Lloyd,RB,GB,30.3,30.3,17,13.003205128205128,308,86,269,299.0,,2.8,313,86,,
00-0038465,Malik Heath,WR,GB,30.19,30.19,17,13.788461538461538,317,121,414,658.0,14.6,31.7,314,121,323.0,132.0
00-0030431,Robert Woods,WR,HOU,29.96,29.96,17,13.788461538461538,318,122,415,560.0,,38.3,315,122,,
00-0036527,D.J. Turner,WR,LV,29.27,29.27,17,13.788461538461538,322,123,416,,0.0,47.1,316,123,426.0,169.0
00-0037252,Greg Dulcich,TE,DEN,29.21,29.21,17,13.041666666666666,313,68,252,807.0,62.8,7.8,317,68,201.0,35.0
00-0039810,Jermaine Burton,WR,CIN,28.99,28.99,17,13.788461538461538,324,124,417,481.0,,14.7,318,124,,
00-0034798,Durham Smythe,TE,MIA,28.65,28.65,17,13.041666666666666,315,69,254,679.0,6.5,14.3,319,69,368.0,81.0
00-0039798,Isaiah Davis,RB,NYJ,28.52,28.52,17,13.003205128205128,316,87,273,675.0,71.2,45.9,320,87,187.0,47.0
00-0038416,Tyson Bagent,QB,CHI,28.5,28.5,17,13.298076923076923,320,41,533,493.0,2.58,-0.26,321,41,404.0,52.0
00-0031549,Nelson Agholor,WR,BAL,28.5,28.5,17,13.788461538461538,329,125,418,,,49.1,321,125,,
00-0037091,Bo Melton,WR,GB,28.26,28.26,17,13.788461538461538,332,126,419,814.0,,22.5,323,126,,
00-0033589,David Moore,WR,CAR,28.04,28.04,17,13.788461538461538,336,127,420,532.0,2.7,85.10000000000001,324,127,396.0,164.0
00-0039050,Payne Durham,TE,TB,27.97,27.97,17,13.041666666666666,319,70,258,696.0,2.1,34.5,325,70,409.0,93.0
00-0039236,Johnny Wilson,WR,PHI,27.94,27.94,17,13.788461538461538,337,128,421,,,14.8,326,128,,
00-0032268,Marcus Mariota,QB,WAS,27.79,27.79,17,13.298076923076923,325,42,534,507.0,125.5,45.760000000000005,327,42,114.0,27.0
00-0038685,Christopher Brooks,RB,GB,27.73,27.73,17,13.003205128205128,321,88,276,,32.7,42.2,328,88,260.0,64.0
00-0033943,Josh Reynolds,WR,DEN,27.68,27.68,17,13.788461538461538,340,129,422,474.0,23.1,36.3,329,129,292.0,117.0
00-0034830,Hayden Hurst,TE,LAC,27.55,27.55,17,13.041666666666666,323,71,260,,,15.3,330,71,,
00-0038752,Jake Bobo,WR,SEA,27.55,27.55,17,13.788461538461538,342,130,423,374.0,4.0,29.7,330,130,387.0,159.0
00-0034419,Braxton Berrios,WR,MIA,27.31,27.31,17,13.788461538461538,345,131,424,431.0,9.7,0.0,332,131,350.0,142.0
00-0031345,Jimmy Garoppolo,QB,LA,27.3,27.3,17,13.298076923076923,330,43,535,361.0,-1.0,19.86,333,43,446.0,63.0
00-0036972,Mac Jones,QB,JAX,27.29,27.29,17,13.298076923076923,331,44,536,394.0,130.04,96.08,334,44,107.0,26.0
00-0037475,Stone Smartt,TE,LAC,27.21,27.21,17,13.041666666666666,326,72,262,825.0,12.2,34.8,335,72,338.0,76.0
00-0038046,Charlie Kolar,TE,BAL,26.99,26.99,17,13.041666666666666,328,73,266,599.0,36.2,28.3,336,73,253.0,50.0
00-0033045,Ezekiel Elliott,RB,DAL,26.92,26.92,17,13.003205128205128,327,89,279,470.0,,57.5,337,89,,
00-0039325,Carson Steele,RB,KC,26.62,26.62,17,13.003205128205128,333,90,282,485.0,,23.9,338,90,,
00-0035567,Craig Reynolds,RB,DET,26.56,26.56,17,13.003205128205128,334,91,283,382.0,0.4,20.9,339,91,422.0,101.0
00-0036370,Joshua Kelley,RB,TEN,26.56,26.56,17,13.003205128205128,335,92,284,,,0.2,339,91,,
00-0038400,Tanner McKee,QB,PHI,26.36,26.36,17,13.298076923076923,344,45,537,381.0,13.76,28.82,341,45,327.0,45.0
00-0033893,Dalvin Cook,RB,DAL,26.32,26.32,17,13.003205128205128,338,93,285,462.0,,4.0,342,93,,
00-0035311,Myles Gaskin,RB,MIN,26.26,26.26,17,13.003205128205128,339,94,286,912.0,0.6,2.0,343,94,421.0,100.0
00-0036345,K.J. Osborn,WR,NE,26.1,26.1,17,13.788461538461538,353,132,425,780.0,,18.7,344,132,,
00-0039530,Brevyn Spann-Ford,TE,DAL,26.08,26.08,17,13.041666666666666,341,74,271,730.0,24.0,17.8,345,74,289.0,62.0
00-0038102,Kenny Pickett,QB,PHI,26.07,26.07,17,13.298076923076923,349,46,538,377.0,7.720000000000001,25.14,346,46,360.0,50.0
00-0037509,Sincere McCormick,RB,LV,25.84,25.84,17,13.003205128205128,343,95,287,661.0,,27.200000000000003,347,95,,
00-0039391,Kimani Vidal,RB,LAC,25.6,25.6,17,13.003205128205128,346,96,289,711.0,117.9,32.7,348,96,126.0,33.0
00-0034115,Jeffery Wilson,RB,MIA,25.53,25.53,17,13.003205128205128,347,97,290,,,10.6,349,97,,
00-0035973,Patrick Taylor,RB,SF,25.53,25.53,17,13.003205128205128,348,98,291,,,29.8,349,97,,
00-0039747,Ainias Smith,WR,PHI,25.43,25.43,17,13.788461538461538,357,133,426,628.0,,17.7,351,133,,
00-0036887,Luke Farrell,TE,JAX,25.42,25.42,17,13.041666666666666,350,75,272,538.0,29.5,18.7,352,75,273.0,55.0
00-0038618,Xavier Hutchinson,WR,HOU,25.41,25.41,17,13.788461538461538,358,134,427,666.0,98.0,23.7,353,134,154.0,58.0
00-0035125,Alec Ingold,RB,MIA,25.07,25.07,17,13.003205128205128,351,99,292,697.0,14.1,26.3,354,99,326.0,78.0
00-0039386,Bub Means,WR,NO,24.98,24.98,17,13.788461538461538,362,135,428,868.0,,26.8,355,135,,
00-0038519,Nikko Remigio,WR,KC,24.92,24.92,17,13.788461538461538,364,136,429,555.0,4.2,6.8,356,136,385.0,158.0
00-0038576,Charlie Jones,WR,CIN,24.89,24.89,17,13.788461538461538,365,137,430,552.0,6.0,7.5,357,137,371.0,153.0
00-0033555,Mack Hollins,WR,BUF,24.72,24.72,17,13.788461538461538,367,138,432,395.0,113.4,98.8,358,138,135.0,50.0
00-0035704,Drew Lock,QB,NYG,24.71,24.71,17,13.298076923076923,356,47,539,436.0,0.0999999999999999,80.14,359,47,425.0,58.0
00-0037617,Hassan Haskins,RB,LAC,24.69,24.69,17,13.003205128205128,352,100,294,617.0,10.0,32.8,360,100,349.0,82.0
00-0039912,Ben Sinnott,TE,WAS,24.59,24.59,17,13.041666666666666,354,76,275,363.0,28.4,13.8,361,76,277.0,56.0
00-0039623,Mason Tipton,WR,NO,24.58,24.58,17,13.788461538461538,368,139,433,884.0,20.4,23.9,362,139,301.0,122.0
00-0038477,Bryce Ford-Wheaton,WR,NYG,24.54,24.54,17,13.788461538461538,369,140,434,611.0,,6.0,363,140,,
00-0038573,Derius Davis,WR,LAC,24.54,24.54,17,13.788461538461538,370,141,435,562.0,3.5,40.1,363,140,391.0,161.0
00-0031800,Taylor Heinicke,QB,LAC,24.26,24.26,17,13.298076923076923,359,48,540,739.0,,3.12,365,48,,
00-0035806,Jamycal Hasty,RB,NE,24.17,24.17,17,13.003205128205128,355,101,298,782.0,,28.8,366,101,,
00-0027973,Andy Dalton,QB,CAR,24.1,24.1,17,13.298076923076923,361,49,541,513.0,9.52,58.96,367,49,352.0,49.0
00-0039376,Spencer Rattler,QB,NO,23.97,23.97,17,13.298076923076923,366,50,542,390.0,99.14,67.28,368,50,151.0,32.0
00-0036414,Cam Akers,RB,MIN,23.69,23.69,17,13.003205128205128,360,102,301,458.0,7.18,62.900000000000006,369,102,364.0,86.0
00-0038679,Tyrell Shavers,WR,BUF,23.65,23.65,17,13.788461538461538,373,142,436,418.0,45.5,13.9,370,142,240.0,100.0
00-0037348,Tanner Conner,WR,MIA,23.62,23.62,17,13.788461538461538,374,143,437,705.0,18.1,4.6,371,143,308.0,126.0
00-0036628,John Bates,TE,WAS,23.62,23.62,17,13.041666666666666,363,77,277,471.0,27.3,14.4,371,77,280.0,58.0
00-0038824,Ryan Miller,WR,TB,23.5,23.5,17,13.788461538461538,375,144,438,724.0,11.4,36.8,373,144,340.0,138.0
00-0033536,Mike Williams,WR,NYJ,23.0,23.0,17,13.788461538461538,376,145,439,,,28.6,374,145,,
00-0039792,Devontez Walker,WR,BAL,22.97,22.97,17,13.788461538461538,377,146,440,444.0,37.6,9.1,375,146,249.0,102.0
00-0039074,Davis Allen,TE,LA,22.9,22.9,17,13.041666666666666,371,78,280,690.0,62.8,9.9,376,78,201.0,35.0
00-0036670,Jermar Jefferson,RB,DET,22.83,22.83,17,13.003205128205128,372,103,305,346.0,,4.2,377,103,,
00-0036646,Simi Fehoko,WR,LAC,22.7,22.7,17,13.788461538461538,379,147,441,790.0,0.0,16.6,378,147,426.0,169.0
00-0035891,Cody White,WR,SEA,22.0,22.0,17,13.788461538461538,381,148,443,777.0,18.0,6.4,379,148,309.0,127.0
00-0039920,Malachi Corley,WR,NYJ,21.87,21.87,17,13.788461538461538,382,149,444,870.0,31.6,7.2,380,149,263.0,106.0
00-0037429,Raheem Blackshear,RB,CAR,21.56,21.56,17,13.003205128205128,378,104,309,827.0,,8.0,381,104,,
00-0032385,Sterling Shepard,WR,TB,21.07,21.07,17,13.788461538461538,389,150,445,449.0,82.0,80.3,382,150,175.0,72.0
00-0036928,Kyle Trask,QB,TB,21.02,21.02,17,13.298076923076923,384,51,543,799.0,,-0.2,383,51,,
00-0036425,DeeJay Dallas,RB,ARI,20.96,20.96,17,13.003205128205128,380,105,310,784.0,2.1,21.0,384,105,409.0,97.0
00-0038104,Tyquan Thornton,WR,NE,20.83,20.83,17,13.788461538461538,392,151,446,396.0,80.8,8.7,385,151,176.0,73.0
00-0032394,Nick Vannett,TE,TEN,20.67,20.67,17,13.041666666666666,383,79,295,,,48.5,386,79,,
00-0039754,Devin Culp,TE,TB,20.45,20.45,17,13.041666666666666,385,80,296,729.0,7.6,13.8,387,80,361.0,80.0
00-0033576,Eric Saubert,TE,SF,20.41,20.41,17,13.041666666666666,386,81,297,682.0,9.1,26.7,388,81,355.0,79.0
00-0033537,Deshaun Watson,QB,CLE,20.17,20.17,17,13.298076923076923,390,52,544,375.0,,76.72,389,52,,
00-0038622,Deuce Vaughn,RB,DAL,20.14,20.14,17,13.003205128205128,387,106,313,541.0,,11.8,390,106,,
00-0038636,Kenny McIntosh,RB,SEA,20.05,20.05,17,13.003205128205128,388,107,315,,,22.4,391,107,,
00-0038640,Jalen Brooks,WR,DAL,20.0,20.0,17,13.788461538461538,397,152,447,719.0,8.1,35.7,392,152,358.0,146.0
00-0035264,Jarrett Stidham,QB,DEN,19.97,19.97,17,13.298076923076923,394,53,545,408.0,-0.1,0.4999999999999999,393,53,442.0,60.0
00-0034646,Brandon Powell,WR,MIN,19.89,19.89,17,13.788461538461538,399,153,448,,,14.1,394,153,,
00-0034777,D.J. Chark,WR,LAC,19.77,19.77,17,13.788461538461538,400,154,449,,,13.1,395,154,,
00-0038738,Hunter Luepke,RB,DAL,19.65,19.65,17,13.003205128205128,391,108,317,625.0,37.0,26.9,396,108,250.0,59.0
00-0031585,MyCole Pruitt,TE,PIT,19.65,19.65,17,13.041666666666666,393,82,302,,,16.0,396,82,,
00-0035341,Trenton Irwin,WR,CIN,19.6,19.6,17,13.788461538461538,401,155,450,760.0,,4.5,398,155,,
00-0036556,Brevin Jordan,TE,HOU,19.41,19.41,17,13.041666666666666,395,83,304,,,2.7,399,83,,
00-0038489,Ben VanSumeren,RB,PHI,19.28,19.28,17,13.003205128205128,396,109,319,,,1.0,400,109,,
00-0039631,Cam Grandy,TE,CIN,18.9,18.9,17,13.041666666666666,398,84,306,621.0,2.7,7.8,401,84,396.0,88.0
00-0032950,Carson Wentz,QB,KC,18.55,18.55,17,13.298076923076923,404,54,546,370.0,70.34,4.72,402,54,190.0,34.0
00-0039617,Jacob Kibodi,RB,CLE,18.44,18.44,17,13.003205128205128,402,110,320,647.0,,4.9,403,110,,
00-0039364,Sione Vaki,RB,DET,18.43,18.43,17,13.003205128205128,403,111,321,551.0,0.4,8.1,404,111,422.0,101.0
00-0037300,Mike Woods,WR,CLE,18.2,18.2,17,13.788461538461538,409,156,451,,,13.5,405,156,,
00-0038582,Clayton Tune,QB,ARI,18.05,18.05,17,13.298076923076923,406,55,547,,1.98,-2.08,406,55,414.0,55.0
00-0038507,Grant DuBose,WR,MIA,17.94,17.94,17,13.788461538461538,412,157,452,,,3.1,407,157,,
00-0034860,Dante Pettis,WR,NO,17.92,17.92,17,13.788461538461538,413,158,453,750.0,19.7,32.0,408,158,306.0,125.0
00-0037231,Kevin Austin,WR,NO,17.82,17.82,17,13.788461538461538,414,159,454,819.0,33.0,27.0,409,159,259.0,105.0
00-0034177,Tim Boyle,QB,MIA,17.79,17.79,17,13.298076923076923,408,56,548,754.0,,7.119999999999999,410,56,,
00-0037594,Julius Chestnut,RB,TEN,17.66,17.66,17,13.003205128205128,405,112,325,637.0,4.0,13.3,411,112,387.0,93.0
00-0038821,Rakim Jarrett,WR,TB,17.66,17.66,17,13.788461538461538,415,160,455,857.0,,21.4,411,160,,
00-0038090,Skyy Moore,WR,KC,17.61,17.61,17,13.788461538461538,416,161,456,412.0,14.8,0.0,413,161,322.0,131.0
00-0036841,Austin Trammell,WR,JAX,17.58,17.58,17,13.788461538461538,417,162,457,,7.6,6.0,414,162,361.0,147.0
00-0037827,Tyrion Davis-Price,RB,PHI,17.51,17.51,17,13.003205128205128,407,113,327,813.0,,0.7,415,113,,
00-0035993,Tyler Huntley,QB,MIA,17.51,17.51,17,13.298076923076923,410,57,549,767.0,40.14,60.66,415,57,245.0,41.0
00-0036913,Kadarius Toney,WR,CLE,17.46,17.46,17,13.788461538461538,418,163,458,499.0,,-0.3999999999999999,417,163,,
00-0031428,Allen Robinson,WR,DET,17.29,17.29,17,13.788461538461538,419,164,459,,,6.0,418,164,,
00-0036331,Devin Duvernay,WR,JAX,17.04,17.04,17,13.788461538461538,422,165,460,766.0,4.6,19.2,419,165,381.0,156.0
00-0039613,Dallin Holker,TE,NO,16.99,16.99,17,13.041666666666666,411,85,311,953.0,,5.1,420,85,,
00-0033891,Zay Jones,WR,ARI,16.56,16.56,17,13.788461538461538,426,166,461,576.0,30.3,16.4,421,166,270.0,109.0
00-0036955,Terrace Marshall,WR,LV,16.49,16.49,17,13.788461538461538,429,167,462,615.0,,7.1,422,167,,
00-0039392,Jha'Quan Jackson,WR,TEN,16.45,16.45,17,13.788461538461538,430,168,463,542.0,,1.3,423,168,,
00-0039796,Rasheen Ali,RB,BAL,16.3,16.3,17,13.003205128205128,420,114,335,537.0,24.2,3.1,424,114,287.0,68.0
00-0036429,Charlie Woerner,TE,ATL,16.24,16.24,17,13.041666666666666,421,86,314,783.0,12.8,11.6,425,86,334.0,74.0
00-0036898,Davis Mills,QB,HOU,16.16,16.16,17,13.298076923076923,425,58,550,792.0,68.6,9.58,426,58,192.0,35.0
00-0035140,Mecole Hardman,WR,KC,16.13,16.13,17,13.788461538461538,431,169,464,589.0,0.0,33.2,427,169,426.0,169.0
00-0039737,Tip Reiman,TE,ARI,16.1,16.1,17,13.041666666666666,424,87,316,871.0,4.8,9.7,428,87,378.0,84.0
00-0038678,Jordan Mims,RB,NO,16.06,16.06,17,13.003205128205128,423,115,337,844.0,0.0,26.1,429,115,426.0,103.0
00-0026300,Josh Johnson,QB,BAL,15.92,15.92,17,13.298076923076923,427,59,551,587.0,24.380000000000003,0.78,430,59,286.0,43.0
00-0039379,Jamari Thrash,WR,CLE,15.75,15.75,17,13.788461538461538,432,170,465,632.0,20.7,5.2,431,170,299.0,121.0
00-0034184,Gus Edwards,RB,LAC,15.56,15.56,17,13.003205128205128,428,116,339,618.0,,64.1,432,116,,
00-0039589,Kameron Johnson,WR,TB,15.31,15.31,17,13.788461538461538,436,171,466,619.0,17.7,1.1,433,171,310.0,128.0
00-0039410,Ryan Flournoy,WR,DAL,15.29,15.29,17,13.788461538461538,438,172,467,862.0,114.0,18.2,434,172,133.0,49.0
00-0036635,Ihmir Smith-Marsette,WR,NYG,15.27,15.27,17,13.788461538461538,439,173,468,918.0,,6.0,435,173,,
00-0035639,Parris Campbell,WR,PHI,15.13,15.13,17,13.788461538461538,441,174,469,,0.0,15.0,436,174,426.0,169.0
00-0038579,Aidan O'Connell,QB,LV,14.99,14.99,17,13.298076923076923,434,60,552,665.0,4.78,93.48,437,60,380.0,51.0
00-0038496,Xavier Gipson,WR,NYJ,14.92,14.92,17,13.788461538461538,443,175,470,842.0,2.6,16.4,438,175,400.0,165.0
00-0032434,Brandon Allen,QB,SF,14.87,14.87,17,13.298076923076923,435,61,553,495.0,0.88,6.360000000000001,439,61,420.0,57.0
00-0035594,Travis Homer,RB,CHI,14.67,14.67,17,13.003205128205128,433,117,342,657.0,-0.2,6.4,440,117,443.0,107.0
00-0033319,Nick Mullens,QB,MIN,14.64,14.64,17,13.298076923076923,440,62,554,623.0,-0.04,1.32,441,62,441.0,59.0
00-0036183,Kristian Wilkerson,WR,LV,14.59,14.59,17,13.788461538461538,446,176,471,,,9.8,442,176,,
00-0036096,J.J. Taylor,RB,HOU,14.43,14.43,17,13.003205128205128,437,118,346,366.0,,6.4,443,118,,
00-0037306,John FitzPatrick,TE,GB,14.29,14.29,17,13.041666666666666,442,88,322,557.0,25.2,1.2,444,88,283.0,60.0
00-0039543,Ramel Keyton,WR,LV,14.06,14.06,17,13.788461538461538,453,177,472,,,1.7,445,177,,
00-0036620,D'Wayne Eskridge,WR,MIA,13.91,13.91,17,13.788461538461538,455,178,473,,10.2,7.4,446,178,348.0,141.0
00-0039824,Jared Wiley,TE,KC,13.89,13.89,17,13.041666666666666,444,89,324,604.0,1.4,1.7,447,89,419.0,96.0
00-0038396,Eric Gray,RB,NYG,13.79,13.79,17,13.003205128205128,445,119,351,836.0,0.0,19.3,448,119,426.0,103.0
00-0039420,Jaheim Bell,TE,NE,13.68,13.68,17,13.041666666666666,447,90,326,725.0,,4.0,449,90,,
00-0039407,Dylan Laube,RB,LV,13.62,13.62,17,13.003205128205128,448,120,354,656.0,5.7,-2.0,450,120,374.0,88.0
00-0033869,Mitchell Trubisky,QB,BUF,13.6,13.6,17,13.298076923076923,452,63,555,391.0,31.12,15.260000000000002,451,63,266.0,42.0
00-0039299,George Holani,RB,SEA,13.6,13.6,17,13.003205128205128,449,121,355,512.0,20.8,1.9,451,121,298.0,72.0
00-0038476,Tommy DeVito,QB,NYG,13.56,13.56,17,13.298076923076923,454,64,556,455.0,,13.48,453,64,,
00-0036450,Ke'Shawn Vaughn,RB,SF,13.47,13.47,17,13.003205128205128,450,122,356,,,0.4,454,122,,
00-0035298,Scott Miller,WR,PIT,13.41,13.41,17,13.788461538461538,460,180,475,,15.2,11.9,455,179,319.0,130.0
00-0037524,Tay Martin,WR,TEN,13.41,13.41,17,13.788461538461538,459,179,474,,4.3,11.9,455,179,384.0,157.0
00-0039316,Baylor Cupp,TE,KC,13.37,13.37,17,13.041666666666666,451,91,328,610.0,,0.0,457,91,,
00-0036862,Ben Skowronek,WR,PIT,13.33,13.33,17,13.788461538461538,461,181,476,626.0,16.9,11.9,458,181,313.0,129.0
00-0037382,Brandon Johnson,WR,PIT,13.32,13.32,17,13.788461538461538,462,182,477,817.0,,1.9,459,182,,
00-0037487,Deven Thompkins,WR,CAR,13.05,13.05,17,13.788461538461538,465,183,478,,6.199999999999999,6.699999999999999,460,183,369.0,151.0
00-0034208,Mike Boone,RB,CAR,12.8,12.8,17,13.003205128205128,456,123,361,909.0,,5.9,461,123,,
00-0033439,Pharaoh Brown,TE,SEA,12.73,12.73,17,13.041666666666666,457,92,332,745.0,2.1,12.5,462,92,409.0,93.0
00-0036268,Laviska Shenault Jr.,WR,SEA,12.67,12.67,17,13.788461538461538,467,184,479,776.0,,14.7,463,184,,
00-0037085,Tyler Badie,RB,DEN,12.66,12.66,17,13.003205128205128,458,124,363,521.0,35.4,9.4,464,124,255.0,60.0
00-0038941,Tyler Scott,WR,CHI,12.56,12.56,17,13.788461538461538,469,185,480,,,1.5,465,185,,
00-0038809,Ben Sims,TE,GB,12.54,12.54,17,13.041666666666666,463,93,333,851.0,6.0,8.2,466,93,371.0,82.0
00-0036510,Kenny Yeboah,TE,NYJ,12.53,12.53,17,13.041666666666666,464,94,334,789.0,,15.7,467,94,,
00-0038920,John Samuel Shenker,TE,LV,12.24,12.24,17,13.041666666666666,466,95,336,598.0,,1.7,468,95,,
00-0039853,Javon Baker,WR,NE,12.24,12.24,17,13.788461538461538,472,186,481,867.0,,2.2,468,186,,
00-0036387,Jalen Reagor,WR,LAC,12.1,12.1,17,13.788461538461538,474,187,482,781.0,,14.7,470,187,,
00-0039757,Terrell Jennings,RB,NE,11.91,11.91,17,13.003205128205128,468,125,367,673.0,15.2,3.3,471,125,319.0,77.0
00-0035547,Joseph Fortson,TE,KC,11.8,11.8,17,13.041666666666666,470,96,338,,,1.5,472,96,,
00-0039244,Chris Collier,RB,LV,11.74,11.74,17,13.003205128205128,471,126,369,,,1.7999999999999998,473,126,,
00-0037257,David Bell,WR,CLE,11.72,11.72,17,13.788461538461538,477,188,483,721.0,,5.7,474,188,,
00-0039603,British Brooks,RB,HOU,11.46,11.46,17,13.003205128205128,473,127,370,890.0,7.8,0.2,475,127,359.0,85.0
00-0034073,Ross Dwelley,TE,ATL,11.39,11.39,17,13.041666666666666,475,97,340,908.0,2.7,1.5,476,97,396.0,88.0
00-0035544,Tom Kennedy,WR,DET,11.37,11.37,17,13.788461538461538,479,189,484,765.0,7.6,0.0,477,189,361.0,147.0
00-0035021,Ashton Dulin,WR,IND,11.26,11.26,17,13.788461538461538,482,190,485,757.0,20.0,19.2,478,190,303.0,123.0
00-0031595,Michael Burton,RB,DEN,11.14,11.14,17,13.003205128205128,476,128,373,677.0,,29.3,479,128,,
00-0036438,Stephen Sullivan,TE,CAR,10.76,10.76,17,13.041666666666666,478,98,343,,,0.0,480,98,,
00-0031941,Jamison Crowder,WR,WAS,10.74,10.74,17,13.788461538461538,489,191,486,,,28.2,481,191,,
00-0031484,Chris Manhertz,TE,NYG,10.74,10.74,17,13.041666666666666,480,99,344,,1.7,12.0,481,99,418.0,95.0
00-0038128,Malik Willis,QB,GB,10.68,10.68,17,13.298076923076923,484,65,557,386.0,51.18,51.8,483,65,225.0,37.0
00-0034959,Andrew Beck,RB,GB,10.68,10.68,17,13.003205128205128,481,129,376,627.0,23.0,0.0,483,129,293.0,71.0
00-0038394,Will Mallory,TE,IND,10.6,10.6,17,13.041666666666666,483,100,345,832.0,2.6,6.9,485,100,400.0,91.0
00-0036165,Isaiah Hodgins,WR,NYG,10.49,10.49,17,13.788461538461538,492,192,487,769.0,27.5,3.2,486,192,278.0,114.0
00-0037327,Skylar Thompson,QB,MIA,10.46,10.46,17,13.298076923076923,487,66,558,667.0,,7.880000000000001,487,66,,
00-0039394,Casey Washington,WR,ATL,10.45,10.45,17,13.788461538461538,494,193,488,860.0,9.2,2.4,488,193,354.0,144.0
00-0038122,Desmond Ridder,QB,LV,10.41,10.41,17,13.298076923076923,488,67,559,803.0,,21.92,489,67,,
00-0034928,Steven Sims,WR,HOU,10.35,10.35,17,13.788461538461538,496,194,489,763.0,0.0,0.0,490,194,426.0,169.0
00-0038710,Blake Whiteheart,TE,CLE,10.33,10.33,17,13.041666666666666,485,101,348,850.0,2.4,17.1,491,101,407.0,92.0
00-0039816,Anthony Gould,WR,IND,10.31,10.31,17,13.788461538461538,497,195,490,865.0,2.6,3.3,492,195,400.0,165.0
00-0036590,Quintin Morris,TE,BUF,10.3,10.3,17,13.041666666666666,486,102,349,921.0,17.5,14.6,493,102,311.0,67.0
00-0039451,Isaiah Williams,WR,DET,10.19,10.19,17,13.788461538461538,499,196,491,882.0,60.7,2.6,494,196,205.0,83.0
00-0034771,Mason Rudolph,QB,TEN,10.09,10.09,17,13.298076923076923,493,68,560,367.0,15.0,95.8,495,68,321.0,44.0
00-0036332,Josiah Deguara,TE,JAX,10.05,10.05,17,13.041666666666666,490,103,350,,11.1,4.4,496,103,342.0,77.0
00-0037745,Velus Jones,RB,CHI,9.95,9.95,17,13.003205128205128,491,130,377,804.0,3.2,2.9,497,130,394.0,94.0
00-0036534,Shane Zylstra,TE,DET,9.83,9.83,17,13.041666666666666,495,104,352,693.0,5.0,3.2,498,104,377.0,83.0
00-0038498,E.J. Jenkins,TE,PHI,9.74,9.74,17,13.041666666666666,498,105,353,622.0,0.0,7.7,499,105,426.0,98.0
00-0039521,Xavier Weaver,WR,ARI,9.74,9.74,17,13.788461538461538,504,197,492,885.0,13.7,0.0,499,197,328.0,134.0
00-0039344,Jonathon Brooks,RB,CAR,9.58,9.58,17,13.003205128205128,500,131,379,,,7.5,501,131,,
00-0036877,Jaelon Darden,WR,CLE,9.5,9.5,17,13.788461538461538,505,198,493,,,1.6,502,198,,
00-0031299,Jordan Matthews,TE,CAR,9.38,9.38,17,13.041666666666666,501,106,357,,,0.0,503,106,,
00-0036640,Zach Davidson,TE,BUF,9.27,9.27,17,13.041666666666666,502,107,358,796.0,,1.5,504,107,,
00-0037004,Hunter Long,TE,LA,9.25,9.25,17,13.041666666666666,503,108,359,795.0,32.5,19.0,505,108,261.0,51.0
00-0037132,Britain Covey,WR,PHI,9.17,9.17,17,13.788461538461538,508,199,494,812.0,4.0,10.4,506,199,387.0,159.0
00-0038359,Xavier Smith,WR,LA,9.08,9.08,17,13.788461538461538,509,200,495,834.0,48.3,6.2,507,200,233.0,97.0
00-0035602,Alex Bachman,WR,LV,9.04,9.04,17,13.788461538461538,511,201,497,,3.2,6.1,508,201,394.0,163.0
00-0037569,Peyton Hendershot,TE,KC,8.84,8.84,17,13.041666666666666,506,109,362,,,10.1,509,109,,
00-0039365,Jacob Cowing,WR,SF,8.81,8.81,17,13.788461538461538,513,202,498,728.0,,12.7,510,202,,
00-0031690,Eric Tomlinson,TE,LAC,8.7,8.7,17,13.041666666666666,507,110,364,,,2.9,511,110,,
00-0032141,Geoff Swaim,TE,CLE,8.58,8.58,17,13.041666666666666,510,111,365,,,1.7,512,111,,
00-0039650,Bryce Oliver,WR,TEN,8.38,8.38,17,13.788461538461538,518,203,499,731.0,1.8,15.5,513,203,415.0,168.0
00-0036297,Darrynton Evans,RB,CHI,8.31,8.31,17,13.003205128205128,512,132,381,,,0.3,514,132,,
00-0036463,Chris Blair,WR,ATL,8.25,8.25,17,13.788461538461538,519,204,500,,0.0,2.7,515,204,426.0,169.0
00-0036254,Collin Johnson,WR,CHI,8.25,8.25,17,13.788461538461538,520,205,501,,,1.6,515,204,,
00-0036842,Kene Nwangwu,RB,NYJ,8.24,8.24,17,13.003205128205128,514,133,382,797.0,10.9,6.0,517,133,344.0,81.0
00-0037422,Kendric Pryor,WR,CIN,8.17,8.17,17,13.788461538461538,522,206,502,941.0,,1.9,518,206,,
00-0039458,Brenden Bates,TE,CLE,8.02,8.02,17,13.041666666666666,515,112,368,877.0,4.5,0.0,519,112,383.0,85.0
00-0037156,Irvin Charles,WR,NYJ,7.94,7.94,17,13.788461538461538,523,207,503,,,0.0,520,207,,
00-0037450,Tyreik McAllister,RB,LV,7.94,7.94,17,13.003205128205128,516,134,386,,,1.1,520,134,,
00-0038840,Brycen Tremayne,WR,WAS,7.93,7.93,17,13.788461538461538,524,208,504,582.0,30.0,0.8,522,208,271.0,110.0
00-0032918,C.J. Ham,RB,MIN,7.93,7.93,17,13.003205128205128,517,135,387,478.0,15.6,13.5,522,135,317.0,75.0
00-0037557,Ronnie Rivers,RB,LA,7.72,7.72,17,13.003205128205128,521,136,389,824.0,4.6,18.3,524,136,381.0,91.0
00-0038647,Ronnie Bell,WR,SF,7.46,7.46,17,13.788461538461538,528,209,505,722.0,10.3,4.2,525,209,346.0,139.0
00-0034054,River Cracraft,WR,MIA,7.46,7.46,17,13.788461538461538,529,210,506,,0.0,13.6,525,209,426.0,169.0
00-0034353,Anthony Miller,WR,BAL,7.44,7.44,17,13.788461538461538,530,211,507,749.0,,2.6,527,211,,
00-0037654,Tucker Fisk,TE,LAC,7.31,7.31,17,13.041666666666666,525,113,372,826.0,3.9,10.9,528,113,390.0,86.0
00-0038614,Scott Matlock,RB,LAC,7.25,7.25,17,13.003205128205128,526,137,390,,,6.8,529,137,,
00-0039648,David Martin-Robinson,TE,TEN,7.22,7.22,17,13.041666666666666,527,114,374,954.0,13.0,1.6,530,114,332.0,72.0
00-0036741,Jack Stoll,TE,PHI,7.01,7.01,17,13.041666666666666,532,115,375,801.0,16.599999999999998,3.0,531,115,315.0,70.0
00-0036727,Adam Prentice,RB,NO,7.0,7.0,17,13.003205128205128,531,138,392,924.0,15.7,0.0,532,138,316.0,74.0
00-0038550,Hendon Hooker,QB,DET,6.87,6.87,17,13.298076923076923,534,69,561,601.0,,2.68,533,69,,
00-0036176,Mason Kinsey,WR,TEN,6.87,6.87,17,13.788461538461538,536,212,508,,6.800000000000001,3.7,533,212,365.0,149.0
00-0039573,Blake Watson,RB,DEN,6.76,6.76,17,13.003205128205128,533,139,393,880.0,,3.3,535,139,,
00-0035976,Dan Chisena,WR,CAR,6.58,6.58,17,13.788461538461538,537,213,509,,,6.7,536,213,,
00-0036133,James Proche,WR,CLE,6.55,6.55,17,13.788461538461538,538,214,510,,12.5,5.1,537,214,336.0,136.0
00-0039703,Cody Schrader,RB,LA,6.54,6.54,17,13.003205128205128,535,140,394,888.0,,1.9,538,140,,
00-0034487,Trent Sherfield,WR,MIN,6.38,6.38,17,13.788461538461538,540,215,511,698.0,5.1,22.3,539,215,376.0,155.0
00-0037742,Treylon Burks,WR,TEN,6.24,6.24,17,13.788461538461538,543,216,512,703.0,29.0,7.5,540,216,275.0,112.0
00-0034854,KhaDarel Hodge,WR,ATL,6.11,6.11,17,13.788461538461538,545,217,513,672.0,6.1,32.1,541,217,370.0,152.0
00-0037012,Trey Lance,QB,DAL,6.1,6.1,17,13.298076923076923,541,70,562,475.0,13.54,12.74,542,70,329.0,46.0
00-0036825,Feleipe Franks,TE,CAR,6.04,6.04,17,13.041666666666666,539,116,378,922.0,0.4,2.2,543,116,422.0,97.0
00-0028118,Tyrod Taylor,QB,NYJ,5.96,5.96,17,13.298076923076923,544,71,563,630.0,59.46,20.06,544,71,208.0,36.0
00-0037609,Aaron Shampklin,RB,PIT,5.95,5.95,17,13.003205128205128,542,141,396,816.0,,1.7,545,141,,
00-0038092,Erik Ezukanma,WR,MIA,5.7,5.7,17,13.788461538461538,547,218,514,933.0,,0.0,546,218,,
00-0038108,Bailey Zappe,QB,CLE,5.67,5.67,17,13.298076923076923,546,72,564,935.0,,7.0,547,72,,
00-0034401,Mike White,QB,BUF,5.36,5.36,17,13.298076923076923,548,73,565,,,1.12,548,73,,
00-0033460,John Ross,WR,PHI,5.34,5.34,17,13.788461538461538,549,219,515,,,1.6,549,219,,
00-0036497,Tim Jones,WR,JAX,5.2,5.2,17,13.788461538461538,550,220,516,710.0,2.5,7.1,550,220,405.0,167.0
00-0032128,Chris Conley,WR,SF,4.9,4.9,17,13.788461538461538,552,221,517,,,13.6,551,221,,
00-0033376,Patrick Ricard,RB,BAL,4.89,4.89,17,13.003205128205128,551,142,402,460.0,2.1,11.2,552,142,409.0,97.0
00-0036187,Reggie Gilliam,RB,BUF,4.6,4.6,17,13.003205128205128,553,143,404,694.0,4.8,0.7,553,143,378.0,90.0
00-0035860,Tony Jones,RB,ARI,4.47,4.47,17,13.003205128205128,554,144,405,,,11.5,554,144,,
00-0035924,Jonathan Ward,RB,PIT,4.35,4.35,17,13.003205128205128,555,145,406,704.0,,2.2,555,145,,
00-0034365,Ian Thomas,TE,CAR,4.29,4.29,17,13.041666666666666,556,117,383,635.0,24.4,3.7,556,117,285.0,61.0
00-0033119,Jacoby Brissett,QB,NE,4.12,4.12,17,13.298076923076923,558,74,566,678.0,227.44,45.24,557,74,37.0,15.0
00-0039393,Jase McClellan,RB,ATL,4.11,4.11,17,13.003205128205128,557,146,407,859.0,,3.2,558,146,,
00-0032688,Robbie Chosen,WR,MIA,3.94,3.94,17,13.788461538461538,559,222,518,742.0,10.3,1.5,559,222,346.0,139.0
00-0037216,Justyn Ross,WR,KC,3.87,3.87,17,13.788461538461538,560,223,519,940.0,,0.0,560,223,,
00-0031763,DeAndre Carter,WR,CHI,3.85,3.85,17,13.788461538461538,561,224,520,692.0,0.0,16.2,561,224,426.0,169.0
00-0038583,Dorian Thompson-Robinson,QB,CLE,3.7,3.7,17,13.298076923076923,562,75,567,664.0,,15.8,562,75,,
00-0034577,Kyle Allen,QB,PIT,3.6,3.6,17,13.298076923076923,563,76,568,416.0,-0.3,0.76,563,76,444.0,61.0
00-0024243,Marcedes Lewis,TE,CHI,3.23,3.23,17,13.041666666666666,564,118,391,,0.0,1.2,564,118,426.0,98.0
00-0037093,Dareke Young,WR,SEA,2.63,2.63,17,13.788461538461538,566,225,521,815.0,6.8,0.0,565,225,366.0,150.0
00-0038643,Brayden Willis,TE,SF,2.53,2.53,17,13.041666666666666,565,119,395,839.0,0.0,0.0,566,119,426.0,98.0
00-0039614,Jermaine Jackson,WR,NO,2.38,2.38,17,13.788461538461538,567,226,522,,,-0.1,567,226,,
00-0033292,Trent Taylor,WR,SF,1.65,1.65,17,13.788461538461538,568,227,523,691.0,,2.1,568,227,,
00-0037324,Chris Oladokun,QB,KC,-0.15,-0.15,17,13.298076923076923,569,77,569,937.0,11.2,0.5,569,77,341.0,47.0
00-0038998,Jake Haener,QB,NO,-0.98,-0.98,17,13.298076923076923,570,78,570,835.0,,13.24,570,78,,
