season,team_id,as_of_week,end_week,n_weeks,player_name,overall_pick,pick_label,kind,label
2018,1,4,13,10,Peyton Barber,138.0,14.08,out_3plus,Peyton Barber out 10 weeks (W4-W13) (14.08)
2018,1,9,13,5,Nelson Agholor,139.0,14.09,out_3plus,Nelson Agholor out 5 weeks (W9-W13) (14.09)
2018,1,9,13,5,Nyheim Hines,,,out_for_season,Nyheim Hines out for season
2018,1,10,13,4,Matthew Stafford,83.0,9.03,out_3plus,Matthew Stafford out 4 weeks (W10-W13) (9.03)
2018,1,11,13,3,Cooper Kupp,107.0,11.07,out_for_season,Cooper Kupp out for season (11.07)
2018,2,10,13,4,Chris Hogan,56.0,6.06,out_3plus,Chris Hogan out 4 weeks (W10-W13) (6.06)
2018,3,9,13,5,Chris Thompson,104.0,11.04,out_3plus,Chris Thompson out 5 weeks (W9-W13) (11.04)
2018,4,5,13,9,Mohamed Sanu,151.0,16.01,out_3plus,Mohamed Sanu out 9 weeks (W5-W13) (16.01)
2018,4,10,13,4,Michael Crabtree,58.0,6.08,out_3plus,Michael Crabtree out 4 weeks (W10-W13) (6.08)
2018,4,13,13,1,Jack Doyle,91.0,10.01,out_for_season,Jack Doyle out for season (10.01)
2018,5,4,13,10,Rex Burkhead,82.0,9.02,out_3plus,Rex Burkhead out 10 weeks (W4-W13) (9.02)
2018,5,10,12,3,Randall Cobb,79.0,8.09,out_3plus,Randall Cobb out 3 weeks (W10-W12) (8.09)
2018,6,2,4,3,Devonta Freeman,30.0,3.10,out_3plus,Devonta Freeman out 3 weeks (W2-W4) (3.10)
2018,6,8,13,6,Bilal Powell,,,out_for_season,Bilal Powell out for season
2018,6,9,13,5,Devonta Freeman,30.0,3.10,out_3plus,Devonta Freeman out 5 weeks (W9-W13) (3.10)
2018,6,9,11,3,Jameis Winston,,,out_3plus,Jameis Winston out 3 weeks (W9-W11)
2018,7,4,6,3,Evan Engram,66.0,7.06,out_3plus,Evan Engram out 3 weeks (W4-W6) (7.06)
2018,7,7,13,7,Royce Freeman,46.0,5.06,out_3plus,Royce Freeman out 7 weeks (W7-W13) (5.06)
2018,7,11,13,3,Jordy Nelson,99.0,10.09,out_3plus,Jordy Nelson out 3 weeks (W11-W13) (10.09)
2018,8,2,13,12,Delanie Walker,53.0,6.03,out_3plus,Delanie Walker out 12 weeks (W2-W13) (6.03)
2018,8,7,13,7,Jay Ajayi,13.0,2.03,out_for_season,Jay Ajayi out for season (2.03)
2018,8,7,13,7,Eli Manning,33.0,4.03,out_for_season,Eli Manning out for season (4.03)
2018,8,8,13,6,Marshawn Lynch,48.0,5.08,out_for_season,Marshawn Lynch out for season (5.08)
2018,8,10,13,4,Robby Anderson,93.0,10.03,out_3plus,Robby Anderson out 4 weeks (W10-W13) (10.03)
2018,9,5,8,4,Leonard Fournette,12.0,2.02,out_3plus,Leonard Fournette out 4 weeks (W5-W8) (2.02)
2018,9,9,13,5,Will Fuller V,132.0,14.02,out_3plus,Will Fuller V out 5 weeks (W9-W13) (14.02)
2018,9,11,13,3,Carlos Hyde,89.0,9.09,out_3plus,Carlos Hyde out 3 weeks (W11-W13) (9.09)
2018,10,2,5,4,Greg Olsen,61.0,7.01,out_3plus,Greg Olsen out 4 weeks (W2-W5) (7.01)
2018,10,6,9,4,Alex Smith,100.0,10.10,out_3plus,Alex Smith out 4 weeks (W6-W9) (10.10)
2018,10,10,13,4,Kenny Stills,120.0,12.10,out_3plus,Kenny Stills out 4 weeks (W10-W13) (12.10)
2019,1,4,11,8,Vance McDonald,84.0,9.04,out_3plus,Vance McDonald out 8 weeks (W4-W11) (9.04)
2019,1,11,13,3,Austin Hooper,124.0,13.04,out_3plus,Austin Hooper out 3 weeks (W11-W13) (13.04)
2019,2,2,5,4,Tyreek Hill,6.0,1.06,out_3plus,Tyreek Hill out 4 weeks (W2-W5) (1.06)
2019,2,7,9,3,Josh Gordon,46.0,5.06,out_3plus,Josh Gordon out 3 weeks (W7-W9) (5.06)
2019,3,5,8,4,Davante Adams,10.0,1.10,out_3plus,Davante Adams out 4 weeks (W5-W8) (1.10)
2019,3,6,13,8,Marquez Valdes-Scantling,130.0,13.10,out_3plus,Marquez Valdes-Scantling out 8 weeks (W6-W13) (13.10)
2019,3,7,13,7,Peyton Barber,111.0,12.01,out_3plus,Peyton Barber out 7 weeks (W7-W13) (12.01)
2019,3,9,12,4,Dede Westbrook,82.0,9.02,out_3plus,Dede Westbrook out 4 weeks (W9-W12) (9.02)
2019,4,6,11,6,Baker Mayfield,79.0,8.09,out_3plus,Baker Mayfield out 6 weeks (W6-W11) (8.09)
2019,4,10,12,3,LeSean McCoy,62.0,7.02,out_3plus,LeSean McCoy out 3 weeks (W10-W12) (7.02)
2019,5,5,13,9,O.J. Howard,69.0,7.09,out_3plus,O.J. Howard out 9 weeks (W5-W13) (7.09)
2019,5,10,13,4,Kerryon Johnson,29.0,3.09,out_for_season,Kerryon Johnson out for season (3.09)
2019,6,3,13,11,Antonio Brown,18.0,2.08,out_3plus,Antonio Brown out 11 weeks (W3-W13) (2.08)
2019,7,2,6,5,Hunter Henry,73.0,8.03,out_3plus,Hunter Henry out 5 weeks (W2-W6) (8.03)
2019,7,10,13,4,Larry Fitzgerald,113.0,12.03,out_3plus,Larry Fitzgerald out 4 weeks (W10-W13) (12.03)
2019,8,3,8,6,DeSean Jackson,160.0,16.10,out_3plus,DeSean Jackson out 6 weeks (W3-W8) (16.10)
2019,8,4,6,3,Saquon Barkley,1.0,1.01,out_3plus,Saquon Barkley out 3 weeks (W4-W6) (1.01)
2019,8,6,12,7,Sterling Shepard,77.0,8.07,out_3plus,Sterling Shepard out 7 weeks (W6-W12) (8.07)
2019,8,10,13,4,Matt Breida,85.0,9.05,out_3plus,Matt Breida out 4 weeks (W10-W13) (9.05)
2019,8,11,13,3,DeSean Jackson,160.0,16.10,out_3plus,DeSean Jackson out 3 weeks (W11-W13) (16.10)
2019,9,9,13,5,Philip Rivers,145.0,15.05,out_3plus,Philip Rivers out 5 weeks (W9-W13) (15.05)
2019,10,3,13,11,Ben Roethlisberger,105.0,11.05,out_3plus,Ben Roethlisberger out 11 weeks (W3-W13) (11.05)
2019,10,8,13,6,Delanie Walker,116.0,12.06,out_3plus,Delanie Walker out 6 weeks (W8-W13) (12.06)
2019,10,9,11,3,T.Y. Hilton,45.0,5.05,out_3plus,T.Y. Hilton out 3 weeks (W9-W11) (5.05)
2020,1,2,7,6,Carson Wentz,115.0,12.05,out_3plus,Carson Wentz out 6 weeks (W2-W7) (12.05)
2020,1,8,13,6,Odell Beckham Jr.,35.0,4.05,out_for_season,Odell Beckham Jr. out for season (4.05)
2020,1,8,13,6,Julian Edelman,75.0,8.05,out_for_season,Julian Edelman out for season (8.05)
2020,1,10,13,4,Alexander Mattison,142.0,15.02,out_3plus,Alexander Mattison out 4 weeks (W10-W13) (15.02)
2020,2,2,4,3,Le'Veon Bell,28.0,3.08,out_3plus,Le'Veon Bell out 3 weeks (W2-W4) (3.08)
2020,2,6,13,8,Dak Prescott,48.0,5.08,out_for_season,Dak Prescott out for season (5.08)
2020,2,7,13,7,Emmanuel Sanders,128.0,13.08,out_3plus,Emmanuel Sanders out 7 weeks (W7-W13) (13.08)
2020,2,8,10,3,Matthew Stafford,148.0,15.08,out_3plus,Matthew Stafford out 3 weeks (W8-W10) (15.08)
2020,2,12,13,2,Joe Burrow,,,out_for_season,Joe Burrow out for season
2020,3,7,13,7,Zach Ertz,45.0,5.05,out_for_season,Zach Ertz out for season (5.05)
2020,3,10,13,4,Tyler Higbee,76.0,8.06,out_3plus,Tyler Higbee out 4 weeks (W10-W13) (8.06)
2020,3,11,13,3,A.J. Green,65.0,7.05,out_for_season,A.J. Green out for season (7.05)
2020,4,4,13,10,Tarik Cohen,84.0,9.04,out_3plus,Tarik Cohen out 10 weeks (W4-W13) (9.04)
2020,5,2,5,4,Michael Thomas,7.0,1.07,out_3plus,Michael Thomas out 4 weeks (W2-W5) (1.07)
2020,5,5,8,4,Nick Chubb,14.0,2.04,out_3plus,Nick Chubb out 4 weeks (W5-W8) (2.04)
2020,5,7,13,7,Eric Ebron,140.0,14.10,out_3plus,Eric Ebron out 7 weeks (W7-W13) (14.10)
2020,5,8,13,6,Darius Slayton,127.0,13.07,out_for_season,Darius Slayton out for season (13.07)
2020,5,8,11,4,Mike Williams,147.0,15.07,out_3plus,Mike Williams out 4 weeks (W8-W11) (15.07)
2020,5,9,11,3,Carson Wentz,115.0,12.05,out_3plus,Carson Wentz out 3 weeks (W9-W11) (12.05)
2020,5,10,12,3,David Johnson,34.0,4.04,out_3plus,David Johnson out 3 weeks (W10-W12) (4.04)
2020,5,11,13,3,Austin Hooper,100.0,10.10,out_3plus,Austin Hooper out 3 weeks (W11-W13) (10.10)
2020,7,3,8,6,Christian McCaffrey,1.0,1.01,out_3plus,Christian McCaffrey out 6 weeks (W3-W8) (1.01)
2020,7,3,9,7,Austin Hooper,100.0,10.10,out_3plus,Austin Hooper out 7 weeks (W3-W9) (10.10)
2020,7,4,11,8,Dallas Goedert,,,out_3plus,Dallas Goedert out 8 weeks (W4-W11)
2020,7,7,10,4,Raheem Mostert,60.0,6.10,out_3plus,Raheem Mostert out 4 weeks (W7-W10) (6.10)
2020,7,10,12,3,Christian McCaffrey,1.0,1.01,out_3plus,Christian McCaffrey out 3 weeks (W10-W12) (1.01)
2020,7,10,13,4,Joe Mixon,20.0,2.10,out_3plus,Joe Mixon out 4 weeks (W10-W13) (2.10)
2020,7,10,13,4,Darrell Henderson Jr.,112.0,12.02,out_3plus,Darrell Henderson Jr. out 4 weeks (W10-W13) (12.02)
2020,7,11,13,3,Leonard Fournette,78.0,8.08,out_3plus,Leonard Fournette out 3 weeks (W11-W13) (8.08)
2020,7,13,13,1,Jerick McKinnon,,,out_for_season,Jerick McKinnon out for season
2020,8,3,13,11,Saquon Barkley,2.0,1.02,out_3plus,Saquon Barkley out 11 weeks (W3-W13) (1.02)
2020,9,7,11,5,Austin Ekeler,18.0,2.08,out_3plus,Austin Ekeler out 5 weeks (W7-W11) (2.08)
2020,9,7,9,3,Jerry Jeudy,123.0,13.03,out_3plus,Jerry Jeudy out 3 weeks (W7-W9) (13.03)
2020,9,9,13,5,George Kittle,23.0,3.03,out_3plus,George Kittle out 5 weeks (W9-W13) (3.03)
2020,10,11,13,3,Drew Brees,91.0,10.01,out_3plus,Drew Brees out 3 weeks (W11-W13) (10.01)
2021,1,9,11,3,DeAndre Hopkins,18.0,2.08,out_3plus,DeAndre Hopkins out 3 weeks (W9-W11) (2.08)
2021,1,9,14,6,Robert Tonyan,83.0,9.03,out_3plus,Robert Tonyan out 6 weeks (W9-W14) (9.03)
2021,1,13,14,2,Chris Carson,23.0,3.03,out_for_season,Chris Carson out for season (3.03)
2021,2,3,6,4,Jarvis Landry,84.0,9.04,out_3plus,Jarvis Landry out 4 weeks (W3-W6) (9.04)
2021,2,5,8,4,Logan Thomas,64.0,7.04,out_3plus,Logan Thomas out 4 weeks (W5-W8) (7.04)
2021,2,8,14,7,Nyheim Hines,144.0,15.04,out_3plus,Nyheim Hines out 7 weeks (W8-W14) (15.04)
2021,2,10,12,3,Julio Jones,44.0,5.04,out_3plus,Julio Jones out 3 weeks (W10-W12) (5.04)
2021,3,2,6,5,Michael Gallup,87.0,9.07,out_3plus,Michael Gallup out 5 weeks (W2-W6) (9.07)
2021,3,6,8,3,Saquon Barkley,7.0,1.07,out_3plus,Saquon Barkley out 3 weeks (W6-W8) (1.07)
2021,3,6,8,3,Kenny Golladay,54.0,6.04,out_3plus,Kenny Golladay out 3 weeks (W6-W8) (6.04)
2021,3,11,14,4,Robert Woods,34.0,4.04,out_for_season,Robert Woods out for season (4.04)
2021,4,9,14,6,Zach Ertz,,,out_3plus,Zach Ertz out 6 weeks (W9-W14)
2021,5,5,14,10,Kenyan Drake,90.0,9.10,out_3plus,Kenyan Drake out 10 weeks (W5-W14) (9.10)
2021,5,6,14,9,JuJu Smith-Schuster,51.0,6.01,out_3plus,JuJu Smith-Schuster out 9 weeks (W6-W14) (6.01)
2021,5,7,14,8,Antonio Brown,130.0,13.10,out_3plus,Antonio Brown out 8 weeks (W7-W14) (13.10)
2021,5,9,12,4,Derrick Henry,2.0,1.02,out_3plus,Derrick Henry out 4 weeks (W9-W12) (1.02)
2021,5,9,11,3,Kyler Murray,50.0,5.10,out_3plus,Kyler Murray out 3 weeks (W9-W11) (5.10)
2021,5,12,14,3,Michael Carter,131.0,14.01,out_3plus,Michael Carter out 3 weeks (W12-W14) (14.01)
2021,5,14,14,1,Jerry Jeudy,62.0,7.02,out_for_season,Jerry Jeudy out for season (7.02)
2021,6,4,7,4,Rob Gronkowski,,,out_3plus,Rob Gronkowski out 4 weeks (W4-W7)
2021,6,5,8,4,David Montgomery,28.0,3.08,out_3plus,David Montgomery out 4 weeks (W5-W8) (3.08)
2021,6,7,11,5,Kareem Hunt,65.0,7.05,out_3plus,Kareem Hunt out 5 weeks (W7-W11) (7.05)
2021,6,10,14,5,Khalil Herbert,,,out_for_season,Khalil Herbert out for season
2021,7,4,14,11,Jonnu Smith,106.0,11.06,out_3plus,Jonnu Smith out 11 weeks (W4-W14) (11.06)
2021,7,6,8,3,Russell Wilson,75.0,8.05,out_3plus,Russell Wilson out 3 weeks (W6-W8) (8.05)
2021,7,7,9,3,Brandon Aiyuk,46.0,5.06,out_3plus,Brandon Aiyuk out 3 weeks (W7-W9) (5.06)
2021,7,8,10,3,Miles Sanders,26.0,3.06,out_3plus,Miles Sanders out 3 weeks (W8-W10) (3.06)
2021,7,10,13,4,Alvin Kamara,6.0,1.06,out_3plus,Alvin Kamara out 4 weeks (W10-W13) (1.06)
2021,8,5,14,10,Baker Mayfield,129.0,13.09,out_for_season,Baker Mayfield out for season (13.09)
2021,8,6,10,5,Clyde Edwards-Helaire,29.0,3.09,out_3plus,Clyde Edwards-Helaire out 5 weeks (W6-W10) (3.09)
2021,8,9,14,6,Sam Darnold,,,out_for_season,Sam Darnold out for season
2021,8,13,14,2,Zack Moss,102.0,11.02,out_for_season,Zack Moss out for season (11.02)
2021,8,13,14,2,Ryan Tannehill,124.0,13.04,out_for_season,Ryan Tannehill out for season (13.04)
2021,9,7,9,3,Alexander Mattison,,,out_3plus,Alexander Mattison out 3 weeks (W7-W9)
2021,9,8,14,7,Calvin Ridley,16.0,2.06,out_3plus,Calvin Ridley out 7 weeks (W8-W14) (2.06)
2021,9,9,14,6,Allen Robinson II,33.0,4.03,out_for_season,Allen Robinson II out for season (4.03)
2021,10,9,14,6,Marquez Callaway,138.0,14.08,out_3plus,Marquez Callaway out 6 weeks (W9-W14) (14.08)
2021,10,9,12,4,Chuba Hubbard,,,out_3plus,Chuba Hubbard out 4 weeks (W9-W12)
2021,10,13,14,2,Christian McCaffrey,1.0,1.01,out_for_season,Christian McCaffrey out for season (1.01)
2022,1,6,8,3,James Conner,19.0,2.09,out_3plus,James Conner out 3 weeks (W6-W8) (2.09)
2022,1,8,14,7,Breece Hall,42.0,5.02,out_3plus,Breece Hall out 7 weeks (W8-W14) (5.02)
2022,1,9,14,6,Rashod Bateman,79.0,8.09,out_3plus,Rashod Bateman out 6 weeks (W9-W14) (8.09)
2022,1,12,14,3,Melvin Gordon III,109.0,11.09,out_3plus,Melvin Gordon III out 3 weeks (W12-W14) (11.09)
2022,1,13,14,2,Darnell Mooney,59.0,6.09,out_for_season,Darnell Mooney out for season (6.09)
2022,2,6,8,3,Darren Waller,55.0,6.05,out_3plus,Darren Waller out 3 weeks (W6-W8) (6.05)
2022,2,10,14,5,Darren Waller,55.0,6.05,out_3plus,Darren Waller out 5 weeks (W10-W14) (6.05)
2022,2,10,14,5,Drake London,72.0,8.02,out_3plus,Drake London out 5 weeks (W10-W14) (8.02)
2022,2,12,14,3,Zach Ertz,91.0,10.01,out_for_season,Zach Ertz out for season (10.01)
2022,3,2,6,5,Dak Prescott,121.0,13.01,out_3plus,Dak Prescott out 5 weeks (W2-W6) (13.01)
2022,3,5,8,4,Cordarrelle Patterson,80.0,8.10,out_3plus,Cordarrelle Patterson out 4 weeks (W5-W8) (8.10)
2022,3,8,11,4,Cam Akers,21.0,3.01,out_3plus,Cam Akers out 4 weeks (W8-W11) (3.01)
2022,3,9,14,6,Damien Harris,78.0,8.08,out_3plus,Damien Harris out 6 weeks (W9-W14) (8.08)
2022,3,11,14,4,Dallas Goedert,60.0,6.10,out_3plus,Dallas Goedert out 4 weeks (W11-W14) (6.10)
2022,3,11,14,4,Derek Carr,140.0,14.10,out_3plus,Derek Carr out 4 weeks (W11-W14) (14.10)
2022,3,14,14,1,James Robinson,100.0,10.10,out_for_season,James Robinson out for season (10.10)
2022,3,14,14,1,Darrell Henderson Jr.,128.0,13.08,out_for_season,Darrell Henderson Jr. out for season (13.08)
2022,4,9,14,6,Irv Smith Jr.,148.0,15.08,out_3plus,Irv Smith Jr. out 6 weeks (W9-W14) (15.08)
2022,4,10,14,5,Nyheim Hines,132.0,14.02,out_3plus,Nyheim Hines out 5 weeks (W10-W14) (14.02)
2022,4,11,13,3,Kareem Hunt,73.0,8.03,out_3plus,Kareem Hunt out 3 weeks (W11-W13) (8.03)
2022,4,12,14,3,Elijah Mitchell,51.0,6.01,out_3plus,Elijah Mitchell out 3 weeks (W12-W14) (6.01)
2022,5,2,4,3,Irv Smith Jr.,148.0,15.08,out_3plus,Irv Smith Jr. out 3 weeks (W2-W4) (15.08)
2022,5,4,14,11,Michael Thomas,68.0,7.08,out_3plus,Michael Thomas out 11 weeks (W4-W14) (7.08)
2022,5,7,13,7,J.K. Dobbins,48.0,5.08,out_3plus,J.K. Dobbins out 7 weeks (W7-W13) (5.08)
2022,5,8,10,3,Ezekiel Elliott,33.0,4.03,out_3plus,Ezekiel Elliott out 3 weeks (W8-W10) (4.03)
2022,5,9,11,3,Latavius Murray,,,out_3plus,Latavius Murray out 3 weeks (W9-W11)
2022,5,10,14,5,Aaron Rodgers,112.0,12.02,out_3plus,Aaron Rodgers out 5 weeks (W10-W14) (12.02)
2022,5,11,14,4,Tom Brady,108.0,11.08,out_3plus,Tom Brady out 4 weeks (W11-W14) (11.08)
2022,5,12,14,3,Kadarius Toney,90.0,9.10,out_3plus,Kadarius Toney out 3 weeks (W12-W14) (9.10)
2022,6,8,14,7,Michael Gallup,124.0,13.04,out_3plus,Michael Gallup out 7 weeks (W8-W14) (13.04)
2022,6,11,14,4,Cooper Kupp,4.0,1.04,out_3plus,Cooper Kupp out 4 weeks (W11-W14) (1.04)
2022,6,12,14,3,Kyle Pitts,32.0,4.02,out_for_season,Kyle Pitts out for season (4.02)
2022,6,12,14,3,Allen Robinson II,63.0,7.03,out_3plus,Allen Robinson II out 3 weeks (W12-W14) (7.03)
2022,7,12,14,3,Clyde Edwards-Helaire,67.0,7.07,out_3plus,Clyde Edwards-Helaire out 3 weeks (W12-W14) (7.07)
2022,8,4,10,7,Allen Robinson II,63.0,7.03,out_3plus,Allen Robinson II out 7 weeks (W4-W10) (7.03)
2022,8,5,14,10,Javonte Williams,18.0,2.08,out_for_season,Javonte Williams out for season (2.08)
2022,8,6,8,3,Nyheim Hines,132.0,14.02,out_3plus,Nyheim Hines out 3 weeks (W6-W8) (14.02)
2022,8,6,8,3,Joshua Palmer,158.0,16.08,out_3plus,Joshua Palmer out 3 weeks (W6-W8) (16.08)
2022,8,7,11,5,Marquise Brown,43.0,5.03,out_3plus,Marquise Brown out 5 weeks (W7-W11) (5.03)
2022,8,8,14,7,J.D. McKissic,118.0,12.08,out_3plus,J.D. McKissic out 7 weeks (W8-W14) (12.08)
2022,8,9,14,6,Mike Gesicki,120.0,12.10,out_3plus,Mike Gesicki out 6 weeks (W9-W14) (12.10)
2022,8,11,14,4,Eno Benjamin,,,out_for_season,Eno Benjamin out for season
2022,9,2,6,5,Keenan Allen,30.0,3.10,out_3plus,Keenan Allen out 5 weeks (W2-W6) (3.10)
2022,9,2,10,9,Elijah Mitchell,51.0,6.01,out_3plus,Elijah Mitchell out 9 weeks (W2-W10) (6.01)
2022,9,7,14,8,Russell Wilson,110.0,11.10,out_for_season,Russell Wilson out for season (11.10)
2023,1,12,14,3,Joe Burrow,48.0,5.08,out_for_season,Joe Burrow out for season (5.08)
2023,2,4,14,11,Mike Williams,64.0,7.04,out_3plus,Mike Williams out 11 weeks (W4-W14) (7.04)
2023,3,4,14,11,Deshaun Watson,76.0,8.06,out_3plus,Deshaun Watson out 11 weeks (W4-W14) (8.06)
2023,3,6,9,4,James Conner,45.0,5.05,out_3plus,James Conner out 4 weeks (W6-W9) (5.05)
2023,3,9,12,4,Darren Waller,56.0,6.06,out_3plus,Darren Waller out 4 weeks (W9-W12) (6.06)
2023,3,10,12,3,Tee Higgins,25.0,3.05,out_3plus,Tee Higgins out 3 weeks (W10-W12) (3.05)
2023,3,10,14,5,K.J. Osborn,137.0,14.07,out_3plus,K.J. Osborn out 5 weeks (W10-W14) (14.07)
2023,4,12,14,3,Michael Thomas,79.0,8.09,out_3plus,Michael Thomas out 3 weeks (W12-W14) (8.09)
2023,4,14,14,1,Christian Kirk,51.0,6.01,out_for_season,Christian Kirk out for season (6.01)
2023,5,4,14,11,Joshua Kelley,155.0,16.05,out_3plus,Joshua Kelley out 11 weeks (W4-W14) (16.05)
2023,5,6,9,4,De'Von Achane,143.0,15.03,out_3plus,De'Von Achane out 4 weeks (W6-W9) (15.03)
2023,5,13,14,2,Mark Andrews,38.0,4.08,out_for_season,Mark Andrews out for season (4.08)
2023,5,14,14,1,Tank Dell,,,out_for_season,Tank Dell out for season
2023,6,5,14,10,DJ Chark Jr.,95.0,10.05,out_3plus,DJ Chark Jr. out 10 weeks (W5-W14) (10.05)
2023,6,14,14,1,Jerry Jeudy,40.0,4.10,out_for_season,Jerry Jeudy out for season (4.10)
2023,7,2,14,13,J.K. Dobbins,80.0,8.10,out_3plus,J.K. Dobbins out 13 weeks (W2-W14) (8.10)
2023,7,6,12,7,Justin Jefferson,1.0,1.01,out_3plus,Justin Jefferson out 7 weeks (W6-W12) (1.01)
2023,7,10,14,5,Cam Akers,61.0,7.01,out_3plus,Cam Akers out 5 weeks (W10-W14) (7.01)
2023,8,7,10,4,Justin Fields,54.0,6.04,out_3plus,Justin Fields out 4 weeks (W7-W10) (6.04)
2023,8,7,9,3,Kyren Williams,,,out_3plus,Kyren Williams out 3 weeks (W7-W9)
2023,8,9,14,6,Kirk Cousins,100.0,10.10,out_3plus,Kirk Cousins out 6 weeks (W9-W14) (10.10)
2023,9,11,13,3,Dallas Goedert,69.0,7.09,out_3plus,Dallas Goedert out 3 weeks (W11-W13) (7.09)
2023,10,4,8,5,Dak Prescott,82.0,9.02,out_3plus,Dak Prescott out 5 weeks (W4-W8) (9.02)
2023,10,9,14,6,Dameon Pierce,32.0,4.02,out_3plus,Dameon Pierce out 6 weeks (W9-W14) (4.02)
2023,10,11,14,4,Miles Sanders,52.0,6.02,out_3plus,Miles Sanders out 4 weeks (W11-W14) (6.02)
2024,1,7,9,3,Dallas Goedert,123.0,13.03,out_3plus,Dallas Goedert out 3 weeks (W7-W9) (13.03)
2024,1,8,10,3,Mike Evans,23.0,3.03,out_3plus,Mike Evans out 3 weeks (W8-W10) (3.03)
2024,1,12,14,3,Jordan Mason,,,out_for_season,Jordan Mason out for season
2024,2,2,4,3,A.J. Brown,14.0,2.04,out_3plus,A.J. Brown out 3 weeks (W2-W4) (2.04)
2024,2,3,5,3,Joe Mixon,34.0,4.04,out_3plus,Joe Mixon out 3 weeks (W3-W5) (4.04)
2024,2,7,14,8,Jerome Ford,87.0,9.07,out_3plus,Jerome Ford out 8 weeks (W7-W14) (9.07)
2024,2,8,14,7,Chris Godwin,67.0,7.07,out_for_season,Chris Godwin out for season (7.07)
2024,2,11,14,4,Zack Moss,94.0,10.04,out_for_season,Zack Moss out for season (10.04)
2024,2,12,14,3,Aaron Rodgers,114.0,12.04,out_3plus,Aaron Rodgers out 3 weeks (W12-W14) (12.04)
2024,2,14,14,1,Christian McCaffrey,1.0,1.01,out_for_season,Christian McCaffrey out for season (1.01)
2024,4,3,5,3,Isiah Pacheco,17.0,2.07,out_3plus,Isiah Pacheco out 3 weeks (W3-W5) (2.07)
2024,4,6,10,5,Nico Collins,24.0,3.04,out_3plus,Nico Collins out 5 weeks (W6-W10) (3.04)
2024,4,6,14,9,Pat Freiermuth,131.0,14.01,out_3plus,Pat Freiermuth out 9 weeks (W6-W14) (14.01)
2024,4,7,12,6,Isiah Pacheco,17.0,2.07,out_3plus,Isiah Pacheco out 6 weeks (W7-W12) (2.07)
2024,4,8,14,7,Brandon Aiyuk,37.0,4.07,out_for_season,Brandon Aiyuk out for season (4.07)
2024,4,8,10,3,Tee Higgins,64.0,7.04,out_3plus,Tee Higgins out 3 weeks (W8-W10) (7.04)
2024,5,10,14,5,Dalton Schultz,126.0,13.06,out_3plus,Dalton Schultz out 5 weeks (W10-W14) (13.06)
2024,6,6,14,9,Rashee Rice,42.0,5.02,out_for_season,Rashee Rice out for season (5.02)
2024,7,9,14,6,Stefon Diggs,48.0,5.08,out_for_season,Stefon Diggs out for season (5.08)
2024,7,12,14,3,Diontae Johnson,61.0,7.01,out_3plus,Diontae Johnson out 3 weeks (W12-W14) (7.01)
2024,8,5,7,3,Jonathan Taylor,10.0,1.10,out_3plus,Jonathan Taylor out 3 weeks (W5-W7) (1.10)
2024,8,5,14,10,Zamir White,70.0,7.10,out_3plus,Zamir White out 10 weeks (W5-W14) (7.10)
2024,8,14,14,1,Austin Ekeler,90.0,9.10,out_for_season,Austin Ekeler out for season (9.10)
2024,9,2,4,3,David Njoku,80.0,8.10,out_3plus,David Njoku out 3 weeks (W2-W4) (8.10)
2024,9,3,7,5,Cooper Kupp,41.0,5.01,out_3plus,Cooper Kupp out 5 weeks (W3-W7) (5.01)
2024,9,5,8,4,Sam Darnold,,,out_3plus,Sam Darnold out 4 weeks (W5-W8)
2024,9,9,14,6,Anthony Richardson,81.0,9.01,out_3plus,Anthony Richardson out 6 weeks (W9-W14) (9.01)
2024,9,10,14,5,Dak Prescott,53.0,6.03,out_for_season,Dak Prescott out for season (6.03)
2024,9,13,14,2,Jordan Love,101.0,11.01,out_for_season,Jordan Love out for season (11.01)
2024,10,2,5,4,Puka Nacua,12.0,2.02,out_3plus,Puka Nacua out 4 weeks (W2-W5) (2.02)
2024,10,9,14,6,Tyler Lockett,124.0,13.04,out_3plus,Tyler Lockett out 6 weeks (W9-W14) (13.04)
2024,10,14,14,1,Tank Dell,69.0,7.09,out_for_season,Tank Dell out for season (7.09)
2025,1,12,14,3,Sam LaPorta,60.0,6.10,out_for_season,Sam LaPorta out for season (6.10)
2025,2,4,6,3,CeeDee Lamb,5.0,1.05,out_3plus,CeeDee Lamb out 3 weeks (W4-W6) (1.05)
2025,2,4,7,4,Terry McLaurin,36.0,4.06,out_3plus,Terry McLaurin out 4 weeks (W4-W7) (4.06)
2025,2,9,11,3,Terry McLaurin,36.0,4.06,out_3plus,Terry McLaurin out 3 weeks (W9-W11) (4.06)
2025,2,10,14,5,T.J. Hockenson,65.0,7.05,out_3plus,T.J. Hockenson out 5 weeks (W10-W14) (7.05)
2025,2,10,14,5,Cam Skattebo,98.0,10.08,out_for_season,Cam Skattebo out for season (10.08)
2025,3,4,14,11,James Conner,44.0,5.04,out_3plus,James Conner out 11 weeks (W4-W14) (5.04)
2025,3,5,8,4,Bucky Irving,17.0,2.07,out_3plus,Bucky Irving out 4 weeks (W5-W8) (2.07)
2025,3,5,14,10,Tyreek Hill,37.0,4.07,out_for_season,Tyreek Hill out for season (4.07)
2025,3,7,9,3,Mark Andrews,84.0,9.04,out_3plus,Mark Andrews out 3 weeks (W7-W9) (9.04)
2025,3,9,11,3,Rhamondre Stevenson,104.0,11.04,out_3plus,Rhamondre Stevenson out 3 weeks (W9-W11) (11.04)
2025,3,11,13,3,Dalton Kincaid,124.0,13.04,out_3plus,Dalton Kincaid out 3 weeks (W11-W13) (13.04)
2025,3,12,14,3,Rashid Shaheed,117.0,12.07,out_3plus,Rashid Shaheed out 3 weeks (W12-W14) (12.07)
2025,4,4,6,3,Mike Evans,42.0,5.02,out_3plus,Mike Evans out 3 weeks (W4-W6) (5.02)
2025,4,5,7,3,Brock Bowers,22.0,3.02,out_3plus,Brock Bowers out 3 weeks (W5-W7) (3.02)
2025,4,9,14,6,Kyler Murray,62.0,7.02,out_3plus,Kyler Murray out 6 weeks (W9-W14) (7.02)
2025,4,10,14,5,Mike Evans,42.0,5.02,out_3plus,Mike Evans out 5 weeks (W10-W14) (5.02)
2025,5,7,11,5,Hunter Henry,,,out_3plus,Hunter Henry out 5 weeks (W7-W11)
2025,5,9,14,6,Isiah Pacheco,75.0,8.05,out_3plus,Isiah Pacheco out 6 weeks (W9-W14) (8.05)
2025,5,9,14,6,Darnell Mooney,159.0,16.09,out_3plus,Darnell Mooney out 6 weeks (W9-W14) (16.09)
2025,5,10,13,4,Chris Godwin Jr.,73.0,8.03,out_3plus,Chris Godwin Jr. out 4 weeks (W10-W13) (8.03)
2025,5,11,14,4,Garrett Wilson,46.0,5.06,out_3plus,Garrett Wilson out 4 weeks (W11-W14) (5.06)
2025,5,12,14,3,Josh Downs,114.0,12.04,out_3plus,Josh Downs out 3 weeks (W12-W14) (12.04)
2025,6,2,6,5,George Kittle,34.0,4.04,out_3plus,George Kittle out 5 weeks (W2-W6) (4.04)
2025,6,5,10,6,Ricky Pearsall,107.0,11.07,out_3plus,Ricky Pearsall out 6 weeks (W5-W10) (11.07)
2025,6,5,10,6,Juwan Johnson,,,out_3plus,Juwan Johnson out 6 weeks (W5-W10)
2025,6,10,12,3,Brian Thomas Jr.,14.0,2.04,out_3plus,Brian Thomas Jr. out 3 weeks (W10-W12) (2.04)
2025,6,10,12,3,Bucky Irving,17.0,2.07,out_3plus,Bucky Irving out 3 weeks (W10-W12) (2.07)
2025,7,10,14,5,Tucker Kraft,93.0,10.03,out_for_season,Tucker Kraft out for season (10.03)
2025,7,11,14,4,Jordan Mason,95.0,10.05,out_for_season,Jordan Mason out for season (10.05)
2025,8,11,14,4,J.K. Dobbins,91.0,10.01,out_3plus,J.K. Dobbins out 4 weeks (W11-W14) (10.01)
2025,9,5,14,10,Malik Nabers,9.0,1.09,out_for_season,Malik Nabers out for season (1.09)
2025,9,6,11,6,Omarion Hampton,29.0,3.09,out_3plus,Omarion Hampton out 6 weeks (W6-W11) (3.09)
2025,9,8,14,7,Justin Fields,129.0,13.09,out_for_season,Justin Fields out for season (13.09)
2025,9,10,12,3,Tyler Allgeier,125.0,13.05,out_3plus,Tyler Allgeier out 3 weeks (W10-W12) (13.05)
2025,9,12,14,3,David Njoku,72.0,8.02,out_3plus,David Njoku out 3 weeks (W12-W14) (8.02)
2025,10,3,12,10,Joe Burrow,33.0,4.03,out_3plus,Joe Burrow out 10 weeks (W3-W12) (4.03)
2025,10,3,6,4,Evan Engram,86.0,9.06,out_3plus,Evan Engram out 4 weeks (W3-W6) (9.06)
2025,10,6,8,3,Chris Godwin Jr.,73.0,8.03,out_3plus,Chris Godwin Jr. out 3 weeks (W6-W8) (8.03)
2025,10,12,14,3,Drake London,18.0,2.08,out_3plus,Drake London out 3 weeks (W12-W14) (2.08)
