season,team_id,team,is_my_team,espn_bos,our_rs,act_rs,our_po,act_po,sim_wins_mean,wins,sim_points_mean,points_for,playoff_odds,title_odds,err_our_rs,err_espn_rs,err_our_po
2018,6,Camera Man,False,,1,8,1,10,7.437333333333333,4,1303.56773150923,1568.14,0.795,0.147,7,,9
2018,10,Gould Standard,False,,2,3,2,2,7.259666666666667,10,1311.983788014088,1736.4400000000005,0.7633333333333333,0.1466666666666666,1,,0
2018,3,Team SUpton,False,,3,6,3,6,7.122,6,1317.570039125248,1637.94,0.737,0.138,3,,3
2018,9,Sexual Thielen,False,,4,1,4,1,6.889333333333333,10,1301.91512457784,1788.0,0.6976666666666667,0.1293333333333333,3,,3
2018,7,Waka Waka,True,,5,5,6,5,6.768,6,1277.452374408063,1760.76,0.6656666666666666,0.1086666666666666,0,,1
2018,1,Team  Ooga kamara,False,,6,2,5,4,6.640333333333333,10,1280.068680881776,1678.7,0.6336666666666667,0.109,4,,1
2018,4,Team Boswellnt,False,,7,4,7,3,6.503333333333333,7,1248.32600346836,1830.6,0.5793333333333334,0.0843333333333333,3,,4
2018,5,A. Brown Man,False,,8,9,8,7,6.384,4,1256.1426021146035,1449.06,0.5816666666666667,0.0793333333333333,1,,1
2018,2,Team Hmar,False,,9,7,9,9,5.831333333333333,5,1216.1948626173778,1528.8,0.4443333333333333,0.0533333333333333,2,,0
2018,8,Team Vibranium,False,,10,10,10,8,4.164666666666666,3,1055.321388289146,1343.14,0.1023333333333333,0.0043333333333333,0,,2
2019,8,All Ma Hom(i)es,False,,1,10,1,9,7.509666666666667,4,1392.122246668367,1456.22,0.8246666666666667,0.216,9,,8
2019,3,Team SUpton,False,,2,5,2,5,7.0776666666666666,7,1331.4096475537535,1528.48,0.7386666666666667,0.1436666666666666,3,,3
2019,6,Camera Man,False,,3,1,3,1,6.984,9,1335.6475902336915,1690.7000000000005,0.721,0.1293333333333333,2,,2
2019,5,Beat Ankit,False,,4,2,4,4,7.009,8,1300.161834638012,1650.02,0.7013333333333334,0.1176666666666666,2,,0
2019,4,Team Boswellnt,False,,5,9,6,7,6.718666666666667,4,1296.4008965438811,1489.6600000000003,0.6546666666666666,0.0986666666666666,4,,1
2019,7,fReE wIn,True,,6,3,5,2,6.525,8,1327.1366605634448,1665.2,0.633,0.1093333333333333,3,,3
2019,10,Henry is a  Hekler,False,,7,7,7,10,6.2716666666666665,6,1285.5916093195972,1488.44,0.55,0.0653333333333333,0,,3
2019,9,Please Win,False,,8,6,8,6,5.725333333333333,6,1260.659985774849,1613.0600000000002,0.434,0.0496666666666666,2,,2
2019,1,Henrys Not A. Hooper,False,,9,4,10,3,5.644,7,1230.9178348996209,1665.46,0.378,0.0346666666666666,5,,7
2019,2,Hot Chubb Tom Machine,False,,10,8,9,8,5.535,6,1235.784477487736,1385.38,0.3646666666666666,0.0356666666666666,2,,1
2020,9,Ekeler? I Hardly Know Her,False,,1,4,1,3,8.181,8,1455.047028845913,1546.7200000000005,0.9096666666666666,0.2646666666666666,3,,2
2020,7,Waller? I hardly know her,True,,2,2,2,2,7.351,8,1410.9966132078462,1740.54,0.8093333333333333,0.1656666666666666,0,,0
2020,4,Team Boswellnt,False,,3,6,3,4,6.831333333333333,6,1368.4564365284846,1567.06,0.7073333333333334,0.1336666666666666,3,,1
2020,3,Russel My Willy,False,,4,1,4,1,6.713,9,1358.2789578152506,1691.5599999999995,0.6713333333333333,0.1076666666666666,3,,3
2020,2,Lutz Get  This W,False,,5,3,5,5,6.48,9,1354.2345492133438,1689.98,0.6226666666666667,0.0986666666666666,2,,0
2020,5,Beat Ankit,False,,6,8,6,7,6.557,5,1342.932840022068,1484.5,0.6223333333333333,0.0966666666666666,2,,1
2020,8,(table flip),False,,7,7,7,10,6.049,6,1298.1626648114348,1392.3200000000002,0.4953333333333333,0.042,0,,3
2020,1,Dalvin and the Pickups,False,,8,5,8,6,5.863666666666667,7,1284.4637422597848,1589.0800000000004,0.4413333333333333,0.039,3,,2
2020,10,Terminator III: Skynet v Conner,False,,9,10,10,8,5.529,3,1273.6384573023831,1418.5,0.3723333333333333,0.0253333333333333,1,,2
2020,6,Camera Man,False,,10,9,9,9,5.445,4,1276.0991353674808,1427.88,0.3483333333333333,0.0266666666666666,1,,0
2021,10,Day __ of  Ignoring Sahit,False,1,1,3,1,6,8.423,8,1482.266119513671,1744.06,0.8763333333333333,0.2533333333333333,2,2,5
2021,4,Baby Im ThielenUrHeart,False,5,2,1,5,3,7.389666666666667,12,1361.545044206178,1764.38,0.6763333333333333,0.0996666666666666,1,4,2
2021,9,CeeDee's Balls,False,8,3,2,2,4,7.278333333333333,8,1399.3680660631082,1744.68,0.667,0.1186666666666666,1,6,2
2021,5,"Titan Killer, Derrick Henry",False,7,4,8,6,8,7.177333333333333,6,1353.3550334653228,1612.52,0.6326666666666667,0.0926666666666666,4,1,2
2021,2,Tucker right in The,False,2,5,7,3,7,6.993333333333333,6,1375.1545331685113,1659.12,0.619,0.102,2,5,4
2021,8,"Sahit, I don't have kik, stop",False,6,6,10,4,10,7.100333333333333,5,1382.2778128099992,1589.06,0.6406666666666667,0.1013333333333333,4,4,6
2021,6,Yeh Dil Maange  Moore,False,4,7,6,7,1,6.812666666666667,6,1377.0950329582122,1722.06,0.5813333333333334,0.0843333333333333,1,2,6
2021,1,Sahit in my DMs We not the same,False,9,8,5,8,2,6.377666666666666,7,1331.274320198795,1700.18,0.4676666666666667,0.0633333333333333,3,4,6
2021,7,Waller? I hardly know her,True,10,9,9,9,9,6.325333333333333,5,1356.434605608431,1666.8,0.4663333333333333,0.062,0,1,0
2021,3,Robert's Wood,False,3,10,4,10,5,6.122333333333334,7,1286.2388197784285,1720.9399999999998,0.3726666666666666,0.0226666666666666,6,1,5
2022,7,Waller? I hardly know her,True,1,1,3,1,3,8.083666666666666,10,1458.2817134949714,1806.6,0.8246666666666667,0.2256666666666666,2,2,2
2022,10,Stefon Digglett,False,6,2,8,2,10,7.767333333333333,5,1433.234824326826,1682.0000000000005,0.7733333333333333,0.137,6,2,8
2022,2,Tucker right in The,False,4,3,2,3,1,7.757,9,1395.3391203582937,1747.2000000000005,0.7416666666666667,0.128,1,2,2
2022,6,Yeh Dil Maange Moore,False,2,4,1,4,2,7.133666666666667,10,1413.9592271211468,1979.18,0.652,0.127,3,1,2
2022,8,"Sahit, I don't have kik, stop",False,3,5,5,7,4,6.990333333333333,8,1403.5437274156216,1598.8200000000002,0.626,0.0696666666666666,0,2,3
2022,1,Gould Standard Redemption Arc,False,5,6,4,5,6,6.817,9,1365.6349149287632,1617.34,0.559,0.0783333333333333,2,1,1
2022,4,PiercingMy Heart,False,7,7,10,6,9,6.734666666666667,3,1362.5734513908037,1489.5999999999997,0.5333333333333333,0.078,3,3,3
2022,3,Sahit on my face,False,8,8,7,8,8,6.413333333333333,6,1343.596584174699,1512.52,0.4576666666666666,0.0596666666666666,1,1,0
2022,5,F@(k Fantasy  Football,False,10,9,6,9,5,6.290666666666667,6,1358.0981038067337,1700.4400000000005,0.443,0.0533333333333333,3,4,4
2022,9,Team Subcontinent,False,9,10,9,10,7,6.012333333333333,4,1342.7027016426532,1452.06,0.3893333333333333,0.0433333333333333,1,0,3
2023,1,Intermixon between Kasts,False,5,1,2,2,4,7.693333333333333,8,1434.4789305669512,1886.84,0.7513333333333333,0.1623333333333333,1,3,2
2023,5,Lamb Sauve,False,7,2,7,1,8,7.557666666666667,6,1450.1995833918074,1662.9,0.752,0.1746666666666666,5,0,7
2023,2,Chasing this Johnston,False,3,3,9,3,10,7.546,4,1412.2051434385885,1611.9999999999998,0.729,0.1303333333333333,6,6,7
2023,7,Bathroom coercer,True,4,4,10,4,9,7.434333333333333,4,1418.6689197388578,1558.84,0.719,0.126,6,6,5
2023,6,Justin Time to CeeDee Rings,False,1,5,1,5,1,7.259666666666667,10,1401.5610946914835,1690.94,0.6656666666666666,0.1163333333333333,4,0,4
2023,10,Can McCaffrey Get A McPickTwo?,False,8,6,3,6,6,7.401666666666666,9,1384.4662156483628,1835.32,0.6703333333333333,0.093,3,5,0
2023,8,"Sahit, I don't have kik, stop",False,2,7,5,7,3,6.806333333333333,7,1357.009213833093,1683.12,0.5436666666666666,0.0826666666666666,2,3,4
2023,4,SkyysTheLimit,False,9,8,8,8,7,6.338666666666667,6,1352.053038028438,1611.34,0.456,0.0533333333333333,0,1,1
2023,9,Je-Romen Empire,False,10,9,4,9,5,6.024,9,1314.9450821418343,1704.16,0.3673333333333333,0.0336666666666666,5,6,4
2023,3,Sahit on my face,False,6,10,6,10,2,5.9383333333333335,7,1315.9254667090693,1645.4400000000005,0.3456666666666667,0.0276666666666666,4,0,8
2024,6,My Hock Hurts,False,5,1,8,1,9,7.777333333333333,5,1442.2758975607846,1661.0399999999995,0.7636666666666667,0.1713333333333333,7,3,8
2024,1,North of the Mason-Njigba,False,1,2,4,2,4,7.465666666666666,9,1446.144416235218,1728.7400000000002,0.7256666666666667,0.1456666666666666,2,3,2
2024,7,Gibbing my Jonathan a tug,True,3,3,2,3,1,7.518333333333333,8,1410.5647008093515,1783.86,0.7136666666666667,0.1313333333333333,1,1,2
2024,5,Im going Tua Hill Myself,False,9,4,1,6,2,7.249333333333333,11,1432.492110219803,1889.88,0.6653333333333333,0.1116666666666666,3,8,4
2024,2,Mixon up da Browns,False,2,5,6,5,6,7.206,6,1422.3059763332217,1695.0999999999997,0.658,0.121,1,4,1
2024,4,GiveMeMyFlowers,False,6,6,9,4,8,7.191333333333334,5,1432.6790833297223,1594.6800000000003,0.659,0.1243333333333333,3,3,4
2024,10,Avengers: Saquontumania,False,7,7,5,7,5,6.57,6,1361.2372720687133,1725.88,0.481,0.062,2,2,2
2024,9,Courtland Trailblazers,False,4,8,7,9,7,6.433666666666666,6,1359.8391229361316,1675.7599999999998,0.462,0.0416666666666666,1,3,2
2024,8,"Sahit, I don't have kik, stop",False,10,9,10,8,10,6.328,4,1347.1531460907586,1421.6799999999998,0.4346666666666666,0.0513333333333333,1,0,2
2024,3,Sahit on my face,False,8,10,3,10,3,6.2603333333333335,10,1342.3798272294653,1767.9,0.437,0.0396666666666666,7,5,7
2025,7,Padma's Pack,True,2,1,2,1,2,7.936333333333334,9,1464.152768797416,1805.2,0.7996666666666666,0.1983333333333333,1,0,1
2025,6,Ladd's McCaffrican Boutte,False,5,2,6,2,6,7.453333333333333,7,1412.6833639979886,1673.2199999999998,0.6986666666666667,0.1213333333333333,4,1,4
2025,2,Jauantanomo Bay,False,4,3,8,3,10,7.228666666666666,6,1422.645562299415,1582.28,0.652,0.1173333333333333,5,4,7
2025,5,Free Win,False,7,4,1,5,1,7.007666666666666,10,1389.9253619376616,1903.06,0.609,0.0966666666666666,3,6,4
2025,3,Sahit on my face,False,6,5,3,8,3,7.004,8,1372.7843409355166,1550.42,0.5926666666666667,0.0683333333333333,2,3,5
2025,8,"Sahit, I don't have kik, stop",False,3,6,5,4,4,6.881666666666667,7,1395.418769519247,1678.8600000000004,0.598,0.107,1,2,0
2025,4,OhPlzMrsRobinson,False,1,7,9,6,8,6.835,5,1389.362201731696,1606.78,0.5686666666666667,0.096,2,8,2
2025,9,Karma is the guy on the Chiefs,False,10,8,7,7,9,6.842666666666666,6,1376.324455362703,1608.9999999999998,0.5626666666666666,0.0823333333333333,1,3,2
2025,1,Phil 1010 Prof: Hurts MTW 10-12,False,8,9,10,9,7,6.531,5,1357.0991606173602,1578.8,0.482,0.0663333333333333,1,2,2
2025,10,Boswell That Ends Well,False,9,10,4,10,5,6.2796666666666665,7,1359.2818917140175,1853.36,0.4366666666666666,0.0463333333333333,6,5,5
