gsis_id,player_name,position,hs_class,recruiting_rank,recruiting_stars,recruiting_source,recruiting_match_score
00-0030564,DeAndre Hopkins,WR,2010,102,4,industry_composite,100.0
00-0030521,Justin Hunter,WR,2010,41,4,industry_composite,100.0
00-0030456,Giovani Bernard,RB,2010,258,4,industry_composite,100.0
00-0030431,Robert Woods,WR,2010,3,5,industry_composite,100.0
00-0030496,Le'Veon Bell,RB,2010,1526,3,industry_composite,100.0
00-0030279,Keenan Allen,WR,2010,14,5,industry_composite,100.0
00-0030550,Ace Sanders,WR,2010,582,3,industry_composite,100.0
00-0030474,Josh Boyce,WR,2011,1934,3,industry_composite,90.0
00-0030497,Marcus Lattimore,RB,2010,12,5,industry_composite,100.0
00-0030085,Kenny Stills,WR,2010,156,4,industry_composite,100.0
00-0030388,Joseph Randle,RB,2010,328,4,industry_composite,100.0
00-0030414,Spencer Ware,RB,2010,43,4,industry_composite,100.0
00-0030415,Jawan Jamison,RB,2010,719,3,industry_composite,100.0
00-0030047,Marquess Wilson,WR,2010,,,,
00-0031407,Blake Bortles,QB,2010,813,3,industry_composite,100.0
00-0031325,Sammy Watkins,WR,2011,14,5,industry_composite,100.0
00-0031408,Mike Evans,WR,2011,876,3,industry_composite,100.0
00-0031387,Eric Ebron,TE,2011,358,4,industry_composite,100.0
00-0031235,Odell Beckham Jr.,WR,2011,102,4,industry_composite,100.0
00-0031236,Brandin Cooks,WR,2011,324,4,industry_composite,100.0
00-0031409,Johnny Manziel,QB,2011,305,4,industry_composite,100.0
00-0031359,Kelvin Benjamin,WR,2011,79,4,industry_composite,100.0
00-0031237,Teddy Bridgewater,QB,2011,141,4,industry_composite,100.0
00-0031418,Austin Seferian-Jenkins,TE,2011,40,4,industry_composite,100.0
00-0031431,Marqise Lee,WR,2011,34,4,industry_composite,100.0
00-0031299,Jordan Matthews,WR,2010,1199,3,industry_composite,100.0
00-0031257,Paul Richardson,WR,2010,332,4,industry_composite,100.0
00-0031042,Jace Amaro,TE,2011,135,4,industry_composite,100.0
00-0031044,Troy Niklas,TE,2011,214,4,industry_composite,100.0
00-0031381,Davante Adams,WR,2011,2264,3,industry_composite,100.0
00-0031413,Bishop Sankey,RB,2011,321,4,industry_composite,100.0
00-0031301,Jeremy Hill,RB,2011,226,4,industry_composite,100.0
00-0031344,Cody Latimer,WR,2011,734,3,industry_composite,100.0
00-0031428,Allen Robinson,WR,2011,1151,3,industry_composite,100.0
00-0031382,Jarvis Landry,WR,2011,20,5,industry_composite,100.0
00-0031302,C.J. Fiedorowicz,TE,2010,62,4,industry_composite,100.0
00-0031391,Tre Mason,RB,2011,308,4,industry_composite,100.0
00-0030990,Josh Huff,WR,2010,219,4,industry_composite,100.0
00-0031339,Donte Moncrief,WR,2011,147,4,industry_composite,100.0
00-0031376,Jerick McKinnon,RB,2010,,,,
00-0031384,Richard Rodgers,TE,2011,632,3,industry_composite,100.0
00-0031285,Devonta Freeman,RB,2011,105,4,industry_composite,100.0
00-0031053,Jalen Saunders,WR,2010,,,,
00-0031055,Andre Williams,RB,2010,666,3,industry_composite,100.0
00-0031057,Ka'Deem Carey,RB,2011,301,4,industry_composite,100.0
00-0031060,De'Anthony Thomas,RB,2011,8,5,industry_composite,100.0
00-0031062,James White,RB,2010,460,3,industry_composite,100.0
00-0031075,Alfred Blue,RB,2010,702,3,industry_composite,100.0
00-0031187,Robert Herron,WR,2010,,,,
00-0031078,Lache Seastrunk,RB,2010,27,5,industry_composite,100.0
00-0031189,T.J. Jones,WR,2010,100,4,industry_composite,100.0
00-0031315,Matt Hazel,WR,2010,,,,
00-0031023,Quincy Enunwa,WR,2010,545,3,industry_composite,100.0
00-0031085,Jay Prosch,RB,2010,,,,
00-0031243,Storm Johnson,RB,2010,48,4,industry_composite,100.0
00-0031291,James Wright,WR,2010,298,4,industry_composite,100.0
00-0031271,Trey Millard,RB,2010,326,4,industry_composite,100.0
00-0031503,Jameis Winston,QB,2012,13,5,industry_composite,100.0
00-0032268,Marcus Mariota,QB,2011,536,3,industry_composite,100.0
00-0031544,Amari Cooper,WR,2012,44,4,industry_composite,100.0
00-0031545,Kevin White,WR,2011,1702,3,industry_composite,95.65217391304348
00-0032241,Todd Gurley,RB,2012,66,4,industry_composite,100.0
00-0031547,DeVante Parker,WR,2011,495,3,industry_composite,100.0
00-0032144,Melvin Gordon,RB,2011,164,4,industry_composite,100.0
00-0031549,Nelson Agholor,WR,2012,24,5,industry_composite,100.0
00-0032054,Breshad Perriman,WR,2011,1928,3,industry_composite,100.0
00-0032208,Phillip Dorsett,WR,2011,319,4,industry_composite,100.0
00-0032209,T.J. Yeldon,RB,2012,15,5,industry_composite,100.0
00-0031934,Devin Smith,WR,2011,413,3,industry_composite,100.0
00-0032218,Dorial Green-Beckham,WR,2012,2,5,industry_composite,100.0
00-0032055,Devin Funchess,WR,2012,297,4,industry_composite,100.0
00-0032104,Ameer Abdullah,RB,2011,470,3,industry_composite,100.0
00-0031558,Maxx Williams,TE,2012,1143,3,industry_composite,100.0
00-0032211,Tyler Lockett,WR,2011,784,3,industry_composite,100.0
00-0031560,Jaelen Strong,WR,2012,,,,
00-0032058,Tevin Coleman,RB,2012,588,3,industry_composite,100.0
00-0032128,Chris Conley,WR,2011,293,4,industry_composite,100.0
00-0032257,Duke Johnson,RB,2012,29,5,industry_composite,100.0
00-0032214,Tyler Kroft,TE,2011,1131,3,industry_composite,100.0
00-0032166,Sammie Coates,WR,2011,249,4,industry_composite,100.0
00-0032245,Sean Mannion,QB,2010,295,4,industry_composite,100.0
00-0032227,Jeff Heuerman,TE,2011,323,4,industry_composite,100.0
00-0032200,Ty Montgomery,WR,2011,287,4,industry_composite,100.0
00-0031939,Matt Jones,RB,2012,172,4,industry_composite,100.0
00-0031941,Jamison Crowder,WR,2011,1135,3,industry_composite,100.0
00-0031569,Jeremy Langford,RB,2010,1080,3,industry_composite,100.0
00-0032130,Jalston Fowler,RB,2010,204,4,industry_composite,100.0
00-0032062,Blake Bell,TE,2010,88,4,industry_composite,100.0
00-0031577,Javorius Allen,RB,2011,240,4,industry_composite,100.0
00-0032063,Mike Davis,RB,2012,74,4,industry_composite,100.0
00-0032133,David Cobb,RB,2011,1133,3,industry_composite,100.0
00-0032170,Rashad Greene,WR,2011,148,4,industry_composite,100.0
00-0031585,MyCole Pruitt,TE,2010,,,,
00-0031588,Stefon Diggs,WR,2012,9,5,industry_composite,100.0
00-0031589,Brett Hundley,QB,2011,76,4,industry_composite,100.0
00-0031590,Jay Ajayi,RB,2011,722,3,industry_composite,100.0
00-0032152,Karlos Williams,RB,2011,4,5,industry_composite,100.0
00-0031594,Tony Lippett,WR,2010,,,,
00-0032134,C.J. Uzomah,TE,2011,238,4,industry_composite,100.0
00-0032112,JJ Nelson,WR,2010,,,,
00-0032135,Jesse James,TE,2012,731,3,industry_composite,100.0
00-0032113,Kenny Bell,WR,2010,526,3,industry_composite,100.0
00-0031595,Michael Burton,RB,2010,,,,
00-0031598,Nick Boyle,TE,2011,,,,
00-0031951,James O'Shaughnessy,TE,2010,,,,
00-0031600,Keith Mumphery,WR,2010,434,3,industry_composite,100.0
00-0032115,Kaelin Clay,WR,2010,,,,
00-0031953,Geremy Davis,WR,2010,1298,3,industry_composite,100.0
00-0031954,Evan Spencer,WR,2011,202,4,industry_composite,100.0
00-0032117,Nick O'Leary,TE,2011,23,5,industry_composite,100.0
00-0032068,Malcolm Johnson,TE,2010,638,3,industry_composite,100.0
00-0031533,Randall Telfer,TE,2010,158,4,industry_composite,100.0
,Bud Sasser,WR,2010,409,3,industry_composite,100.0
00-0031610,Darren Waller,WR,2011,1031,3,industry_composite,100.0
00-0031611,Josh Robinson,RB,2011,1134,3,industry_composite,100.0
00-0031612,Aaron Ripkowski,RB,2010,,,,
00-0031617,Kennard Backman,TE,2011,1680,3,industry_composite,100.0
00-0032120,Neal Sterling,WR,2010,,,,
00-0032139,Ben Koyack,TE,2011,57,4,industry_composite,100.0
00-0031959,Marcus Murphy,RB,2010,525,3,industry_composite,100.0
00-0032070,Dezmin Lewis,WR,2010,,,,
00-0031625,Kenny Hilliard,RB,2011,98,4,industry_composite,100.0
00-0031962,Mario Alford,WR,2010,,,,
00-0032123,Tre McBride,WR,2010,,,,
00-0032141,Geoff Swaim,TE,2011,,,,
00-0032156,Trevor Siemian,QB,2010,595,3,industry_composite,100.0
00-0032072,Rory Anderson,TE,2011,617,3,industry_composite,100.0
00-0032190,Gerald Christian,TE,2010,56,4,industry_composite,100.0
00-0033106,Jared Goff,QB,2013,188,4,industry_composite,100.0
00-0032950,Carson Wentz,QB,2010,,,,
00-0033045,Ezekiel Elliott,RB,2013,70,4,industry_composite,100.0
00-0032966,Corey Coleman,WR,2012,151,4,industry_composite,100.0
00-0033127,Will Fuller,WR,2013,500,3,industry_composite,100.0
00-0032760,Josh Doctson,WR,2010,,,,
00-0032951,Laquon Treadwell,WR,2013,16,5,industry_composite,100.0
00-0033108,Paxton Lynch,QB,2012,1882,3,industry_composite,100.0
00-0033090,Hunter Henry,TE,2013,92,4,industry_composite,100.0
00-0032385,Sterling Shepard,WR,2012,100,4,industry_composite,100.0
00-0032764,Derrick Henry,RB,2013,13,5,industry_composite,100.0
00-0032765,Michael Thomas,WR,2011,558,3,industry_composite,100.0
00-0032953,Christian Hackenberg,QB,2013,10,5,industry_composite,100.0
00-0033009,Tyler Boyd,WR,2013,123,4,industry_composite,100.0
00-0033118,Kenyan Drake,RB,2012,144,4,industry_composite,100.0
00-0032392,Austin Hooper,TE,2013,286,4,industry_composite,100.0
00-0033069,Braxton Miller,WR,2011,28,5,industry_composite,100.0
00-0033060,Leonte Carroo,WR,2012,279,4,industry_composite,100.0
00-0032393,C.J. Prosise,RB,2012,674,3,industry_composite,100.0
00-0033119,Jacoby Brissett,QB,2011,122,4,industry_composite,100.0
00-0033104,Cody Kessler,QB,2011,137,4,industry_composite,100.0
00-0032394,Nick Vannett,TE,2011,160,4,industry_composite,100.0
00-0032893,Connor Cook,QB,2011,630,3,industry_composite,100.0
00-0032398,Chris Moore,WR,2011,906,3,industry_composite,100.0
00-0033110,Tyler Higbee,TE,2011,2295,3,industry_composite,100.0
00-0032400,Malcolm Mitchell,WR,2011,30,5,industry_composite,100.0
00-0033079,Ricardo Louis,WR,2012,119,4,industry_composite,100.0
00-0033111,Pharoh Cooper,WR,2013,461,3,industry_composite,100.0
00-0032404,Tyler Ervin,RB,2011,1623,3,industry_composite,100.0
00-0032775,Demarcus Robinson,WR,2013,67,4,industry_composite,100.0
00-0032411,Kenneth Dixon,RB,2012,908,3,industry_composite,100.0
00-0033077,Dak Prescott,QB,2011,650,3,industry_composite,100.0
00-0032972,Devontae Booker,RB,2010,,,,
00-0033080,Seth Devalve,TE,2011,,,,
00-0033098,Cardale Jones,QB,2011,340,4,industry_composite,100.0
00-0032778,Tajae Sharpe,WR,2012,1005,3,industry_composite,100.0
00-0032940,DeAndre Washington,RB,2011,379,4,industry_composite,100.0
00-0032417,Paul Perkins,RB,2012,745,3,industry_composite,100.0
00-0032780,Jordan Howard,RB,2013,1891,3,industry_composite,100.0
00-0032782,Wendell Smallwood,RB,2013,675,3,industry_composite,100.0
00-0032974,Jordan Payton,WR,2012,141,4,industry_composite,100.0
00-0032975,Jonathan Williams,RB,2012,210,4,industry_composite,100.0
00-0032784,Kevin Hogan,QB,2011,592,3,industry_composite,100.0
00-0032423,Trevor Davis,WR,2011,1740,3,industry_composite,100.0
00-0033040,Tyreek Hill,WR,2012,,,,
00-0032426,Alex Collins,RB,2013,48,4,industry_composite,100.0
00-0032977,Rashard Higgins,WR,2013,1305,3,industry_composite,100.0
00-0032956,Andy Janovich,RB,2011,,,,
00-0033112,Temarrick Hemingway,TE,2011,,,,
00-0032341,Moritz Boehringer,WR,2011,,,,
00-0033078,Keenan Reynolds,RB,2011,,,,
00-0032429,Jerell Adams,TE,2011,326,4,industry_composite,100.0
00-0032791,Jakeem Grant,WR,2011,1006,3,industry_composite,100.0
00-0032792,Nate Sudfeld,QB,2012,488,3,industry_composite,100.0
00-0032430,David Morgan,TE,2011,,,,
00-0032431,Jake Rudock,QB,2011,656,3,industry_composite,100.0
00-0032957,Kolby Listenbee,WR,2012,504,3,industry_composite,100.0
00-0032794,Danny Vitale,RB,2012,1893,3,industry_composite,100.0
00-0032897,Derek Watt,RB,2011,968,3,industry_composite,100.0
00-0032795,Cody Core,WR,2012,1587,3,industry_composite,100.0
00-0032434,Brandon Allen,QB,2011,366,4,industry_composite,100.0
00-0033114,Mike Thomas,WR,2012,,,,
00-0032436,Jeff Driskel,QB,2011,13,5,industry_composite,100.0
00-0032440,Kelvin Taylor,RB,2013,20,5,industry_composite,100.0
00-0032441,Aaron Burbridge,WR,2012,125,4,industry_composite,100.0
00-0033049,Darius Jackson,RB,2011,,,,
00-0033054,Rico Gathers,TE,2012,,,,
00-0032446,Brandon Doughty,QB,2010,1088,3,industry_composite,100.0
00-0032447,Devin Lucien,WR,2011,367,4,industry_composite,100.0
00-0032365,Demarcus Ayers,WR,2012,,,,
00-0032801,Daniel Braverman,WR,2012,1809,3,industry_composite,100.0
00-0033061,Thomas Duarte,TE,2013,406,3,industry_composite,100.0
00-0032450,Dwayne Washington,RB,2012,1415,3,industry_composite,100.0
00-0032804,Daniel Lasco,RB,2011,217,4,industry_composite,100.0
00-0032451,Devin Fuller,WR,2012,32,5,industry_composite,100.0
00-0032959,Charone Peake,WR,2011,35,4,industry_composite,100.0
00-0032806,Keith Marshall,RB,2012,16,5,industry_composite,100.0
00-0032453,Kenny Lawler,WR,2012,377,4,industry_composite,100.0
00-0032808,Zac Brooks,RB,2012,268,4,industry_composite,100.0
00-0032900,Beau Sandland,TE,2011,,,,
00-0033869,Mitchell Trubisky,QB,2013,254,4,industry_composite,90.32258064516128
00-0033856,Leonard Fournette,RB,2014,3,5,industry_composite,100.0
00-0033871,Corey Davis,WR,2013,2426,3,industry_composite,100.0
00-0033536,Mike Williams,WR,2013,231,4,industry_composite,100.0
00-0033280,Christian McCaffrey,RB,2014,96,4,industry_composite,100.0
00-0033460,John Ross,WR,2013,409,3,industry_composite,100.0
00-0033873,Patrick Mahomes,QB,2014,499,3,industry_composite,100.0
00-0033537,Deshaun Watson,QB,2014,26,5,industry_composite,100.0
00-0033879,O.J. Howard,TE,2013,23,5,industry_composite,100.0
00-0033881,Evan Engram,TE,2013,850,3,industry_composite,100.0
00-0033885,David Njoku,TE,2014,818,3,industry_composite,100.0
00-0033891,Zay Jones,WR,2013,1749,3,industry_composite,100.0
00-0033282,Curtis Samuel,WR,2014,55,4,industry_composite,100.0
00-0033893,Dalvin Cook,RB,2014,16,5,industry_composite,100.0
00-0033895,Gerald Everett,TE,2012,,,,
00-0033896,Adam Shaheen,TE,2012,,,,
00-0033897,Joe Mixon,RB,2014,22,5,industry_composite,100.0
00-0033899,DeShone Kizer,QB,2014,228,4,industry_composite,100.0
00-0033857,JuJu Smith-Schuster,WR,2014,29,5,industry_composite,100.0
00-0033906,Alvin Kamara,RB,2013,44,4,industry_composite,100.0
00-0033908,Cooper Kupp,WR,2011,,,,
00-0033911,Taywan Taylor,WR,2013,,,,
00-0033916,ArDarius Stewart,WR,2013,77,4,industry_composite,100.0
00-0033919,Carlos Henderson,WR,2013,1120,3,industry_composite,100.0
00-0033921,Chris Godwin,WR,2014,164,4,industry_composite,100.0
00-0033923,Kareem Hunt,RB,2013,1453,3,industry_composite,100.0
00-0033550,Davis Webb,QB,2013,447,3,industry_composite,100.0
00-0033925,D'Onta Foreman,RB,2014,1093,3,industry_composite,100.0
00-0033932,Kenny Golladay,WR,2011,,,,
00-0033933,Chad Williams,WR,2012,,,,
00-0033858,Jonnu Smith,TE,2013,1977,3,industry_composite,100.0
00-0033936,C.J. Beathard,QB,2012,694,3,industry_composite,100.0
00-0033553,James Conner,RB,2013,695,3,industry_composite,100.0
00-0033937,Amara Darboh,WR,2012,225,4,industry_composite,100.0
00-0033839,Dede Westbrook,WR,2012,1117,3,industry_composite,100.0
00-0033526,Samaje Perine,RB,2014,163,4,industry_composite,100.0
00-0033943,Josh Reynolds,WR,2013,,,,
00-0033555,Mack Hollins,WR,2011,,,,
00-0033556,Tarik Cohen,RB,2013,,,,
00-0033286,Joe Williams,RB,2011,,,,
00-0033559,Michael Roberts,TE,2012,1392,3,industry_composite,100.0
00-0033859,Josh Malone,WR,2014,39,4,industry_composite,100.0
00-0033561,Donnel Pumphrey,RB,2013,1576,3,industry_composite,100.0
00-0033562,Ryan Switzer,WR,2013,372,4,industry_composite,100.0
00-0033948,Jamaal Williams,RB,2012,1318,3,industry_composite,100.0
00-0033949,Joshua Dobbs,QB,2013,180,4,industry_composite,100.0
00-0033464,Jehu Chesson,WR,2012,516,3,industry_composite,100.0
00-0033950,Wayne Gallman,RB,2013,292,4,industry_composite,100.0
00-0033840,Chad Hansen,WR,2013,,,,
00-0033951,Marlon Mack,RB,2014,662,3,industry_composite,100.0
00-0033564,Jake Butt,TE,2013,190,4,industry_composite,100.0
00-0033288,George Kittle,TE,2012,1803,3,industry_composite,100.0
00-0033953,Jordan Leggett,TE,2013,388,4,industry_composite,100.0
00-0033528,Jeremy Sprinkle,TE,2012,778,3,industry_composite,100.0
00-0033567,Brian Hill,RB,2014,2554,3,industry_composite,100.0
00-0033955,Jeremy McNichols,RB,2014,1476,3,industry_composite,100.0
00-0033573,Shelton Gibson,WR,2013,135,4,industry_composite,100.0
00-0033957,Rodney Adams,WR,2013,318,4,industry_composite,100.0
00-0033958,Nathan Peterman,QB,2012,346,4,industry_composite,100.0
00-0033466,Isaiah McKenzie,WR,2014,204,4,industry_composite,100.0
00-0033576,Eric Saubert,TE,2012,,,,
00-0033291,DeAngelo Yancey,WR,2013,1269,3,industry_composite,100.0
00-0033292,Trent Taylor,WR,2013,1563,3,industry_composite,100.0
00-0033789,T.J. Logan,RB,2013,125,4,industry_composite,100.0
00-0033293,Aaron Jones,RB,2013,1341,3,industry_composite,100.0
00-0033295,Elijah McGuire,RB,2013,454,3,industry_composite,100.0
00-0033296,Alex Armah,RB,2012,,,,
00-0033966,Bucky Hodges,TE,2013,170,4,industry_composite,100.0
00-0033581,De'Angelo Henderson,RB,2010,,,,
00-0033967,Sam Rogers,RB,2011,2090,3,industry_composite,95.23809523809523
00-0033791,Brandon Wilson,RB,2012,,,,
00-0033530,Robert Davis,WR,2013,1318,3,industry_composite,100.0
00-0033585,Brad Kaaya,QB,2014,126,4,industry_composite,100.0
00-0033968,Stacy Coley,WR,2013,75,4,industry_composite,100.0
00-0033589,David Moore,WR,2013,,,,
00-0033471,Isaiah Ford,WR,2014,260,4,industry_composite,100.0
00-0033304,Devante Mays,RB,2012,,,,
00-0033591,Noah Brown,WR,2014,214,4,industry_composite,100.0
00-0033796,Marquez Williams,RB,2012,,,,
00-0033797,Khalfani Muhammad,RB,2013,347,4,industry_composite,100.0
00-0033975,Elijah Hood,RB,2014,46,4,industry_composite,100.0
00-0033305,Malachi Dupre,WR,2014,18,5,industry_composite,100.0
00-0033594,Chris Carson,RB,2013,1054,3,industry_composite,100.0
00-0033798,Mason Schreck,TE,2012,2211,3,industry_composite,100.0
00-0033596,Matthew Dayes,RB,2013,633,3,industry_composite,100.0
00-0033597,Chad Kelly,QB,2012,103,4,industry_composite,100.0
00-0034855,Baker Mayfield,QB,2013,1044,3,industry_composite,100.0
00-0034844,Saquon Barkley,RB,2015,118,4,industry_composite,100.0
00-0034869,Sam Darnold,QB,2015,145,4,industry_composite,100.0
00-0034857,Josh Allen,QB,2014,1746,3,industry_composite,100.0
00-0034343,Josh Rosen,QB,2015,21,5,industry_composite,100.0
00-0034827,D.J. Moore,WR,2015,473,3,industry_composite,100.0
00-0034830,Hayden Hurst,TE,2011,,,,
00-0034837,Calvin Ridley,WR,2015,11,5,industry_composite,100.0
00-0034750,Rashaad Penny,RB,2014,957,3,industry_composite,100.0
00-0034845,Sony Michel,RB,2014,19,5,industry_composite,100.0
00-0034796,Lamar Jackson,QB,2015,313,4,industry_composite,100.0
00-0034791,Nick Chubb,RB,2014,31,5,industry_composite,100.0
00-0034816,Ronald Jones II,RB,2015,37,4,industry_composite,100.0
00-0034348,Courtland Sutton,WR,2014,1335,3,industry_composite,100.0
00-0034829,Mike Gesicki,TE,2014,227,4,industry_composite,100.0
00-0034349,Kerryon Johnson,RB,2015,26,5,industry_composite,100.0
00-0034860,Dante Pettis,WR,2014,860,3,industry_composite,100.0
00-0034775,Christian Kirk,WR,2015,28,5,industry_composite,100.0
00-0034351,Dallas Goedert,TE,2013,,,,
00-0034353,Anthony Miller,WR,2012,,,,
00-0034358,Derrius Guice,RB,2015,47,4,industry_composite,100.0
00-0034676,James Washington,WR,2014,709,3,industry_composite,100.0
00-0034777,DJ Chark,WR,2014,345,4,industry_composite,94.11764705882352
00-0034838,Royce Freeman,RB,2014,33,4,industry_composite,100.0
00-0034771,Mason Rudolph,QB,2014,238,4,industry_composite,100.0
00-0034764,Michael Gallup,WR,2014,,,,
00-0034753,Mark Andrews,TE,2014,160,4,industry_composite,100.0
00-0034765,Tre'Quan Smith,WR,2014,1164,3,industry_composite,100.0
00-0034364,Jordan Akins,TE,2010,,,,
00-0034365,Ian Thomas,TE,2016,1132,3,industry_composite,100.0
00-0034366,Keke Coutee,WR,2015,432,3,industry_composite,100.0
00-0034367,Nyheim Hines,RB,2015,119,4,industry_composite,100.0
00-0034772,Antonio Callaway,WR,2015,219,4,industry_composite,100.0
00-0034766,Chris Herndon,TE,2014,621,3,industry_composite,100.0
00-0034369,Kyle Lauletta,QB,2013,,,,
00-0034679,Mark Walton,RB,2015,62,4,industry_composite,100.0
00-0034370,DaeSean Hamilton,WR,2013,350,4,industry_composite,100.0
00-0034159,Will Dissly,TE,2014,2128,3,industry_composite,100.0
00-0034798,Durham Smythe,TE,2013,265,4,industry_composite,100.0
00-0034378,Ito Smith,RB,2014,932,3,industry_composite,100.0
00-0034799,Kalen Ballage,RB,2014,272,4,industry_composite,100.0
00-0034267,Jaleel Scott,WR,2013,,,,
00-0034268,J'Mon Moore,WR,2013,536,3,industry_composite,100.0
00-0034681,Chase Edmonds,RB,2014,1579,3,industry_composite,100.0
00-0034383,Dalton Schultz,TE,2014,119,4,industry_composite,100.0
00-0034386,Justin Watson,WR,2014,,,,
00-0034393,Troy Fumagalli,TE,2013,1575,3,industry_composite,100.0
00-0034270,Tyler Conklin,TE,2013,,,,
00-0034395,Daurice Fountain,WR,2014,1118,3,industry_composite,100.0
00-0034271,Jordan Lasley,WR,2014,481,3,industry_composite,100.0
00-0034331,Jaylen Samuels,TE,2014,1515,3,industry_composite,100.0
00-0034400,Jordan Wilkins,RB,2013,199,4,industry_composite,100.0
00-0034401,Mike White,QB,2013,809,3,industry_composite,100.0
00-0034272,Marquez Valdes-Scantling,WR,2013,1370,3,industry_composite,100.0
00-0034273,Damion Ratley,WR,2013,,,,
00-0034808,John Kelly,RB,2015,480,3,industry_composite,100.0
00-0034406,Deon Cain,WR,2015,13,5,industry_composite,100.0
00-0034407,Ray-Ray McCloud,WR,2015,64,4,industry_composite,100.0
00-0034409,Dylan Cantrell,WR,2013,701,3,industry_composite,100.0
00-0034411,Russell Gage,WR,2014,775,3,industry_composite,100.0
00-0034278,Tremon Smith,WR,2014,,,,
00-0034412,Luke Falk,QB,2012,,,,
00-0034414,Boston Scott,RB,2013,,,,
00-0034416,Tanner Lee,QB,2013,1701,3,industry_composite,100.0
00-0034164,Trenton Cannon,RB,2012,,,,
00-0034279,Equanimeous St. Brown,WR,2015,181,4,industry_composite,100.0
00-0034418,Cedrick Wilson Jr.,WR,2013,,,,
00-0034419,Braxton Berrios,WR,2014,291,4,industry_composite,100.0
00-0034420,Jordan Thomas,TE,2015,501,3,industry_composite,100.0
00-0034423,Danny Etling,QB,2013,239,4,industry_composite,100.0
00-0034732,Alex McGough,QB,2014,1567,3,industry_composite,100.0
00-0034426,Javon Wims,WR,2013,154,4,industry_composite,100.0
00-0034427,David Williams,RB,2013,165,4,industry_composite,100.0
00-0034747,Marcell Ateman,WR,2013,309,4,industry_composite,100.0
00-0034432,Bo Scarbrough,RB,2014,14,5,industry_composite,100.0
00-0034433,Nick Bawden,RB,2014,1215,3,industry_composite,100.0
00-0034286,Richie James,WR,2014,1703,3,industry_composite,100.0
00-0034438,Logan Woodside,QB,2013,2049,3,industry_composite,100.0
00-0034439,Ryan Izzo,TE,2014,417,3,industry_composite,100.0
00-0034440,Justin Jackson,RB,2014,193,4,industry_composite,100.0
00-0034686,Auden Tate,WR,2015,271,4,industry_composite,100.0
00-0034442,Austin Proehl,WR,2014,1357,3,industry_composite,100.0
00-0034339,Trey Quinn,WR,2014,71,4,industry_composite,100.0
00-0035228,Kyler Murray,QB,2015,36,4,industry_composite,100.0
00-0035710,Daniel Jones,QB,2015,,,,
00-0035229,T.J. Hockenson,TE,2016,1442,3,industry_composite,100.0
00-0035232,Dwayne Haskins,QB,2016,72,4,industry_composite,100.0
00-0035644,Noah Fant,TE,2016,458,3,industry_composite,100.0
00-0035700,Josh Jacobs,RB,2016,446,3,industry_composite,100.0
00-0035662,Marquise Brown,WR,2015,,,,
00-0035624,N'Keal Harry,WR,2016,32,5,industry_composite,100.0
00-0035719,Deebo Samuel,WR,2014,486,3,industry_composite,100.0
00-0035704,Drew Lock,QB,2015,140,4,industry_composite,100.0
00-0034970,Irv Smith Jr.,TE,2016,422,3,industry_composite,100.0
00-0035676,A.J. Brown,WR,2016,41,4,industry_composite,100.0
00-0035631,Drew Sample,TE,2014,998,3,industry_composite,100.0
00-0035243,Miles Sanders,RB,2016,34,4,industry_composite,100.0
00-0035140,Mecole Hardman,WR,2016,16,5,industry_composite,100.0
00-0035246,JJ Arcega-Whiteside,WR,2015,547,3,industry_composite,100.0
00-0035639,Parris Campbell,WR,2014,159,4,industry_composite,100.0
00-0035527,Andy Isabella,WR,2014,,,,
00-0035640,D.K. Metcalf,WR,2016,85,4,industry_composite,100.0
00-0035216,Diontae Johnson,WR,2014,,,,
00-0034971,Jalen Hurd,WR,2014,34,4,industry_composite,100.0
00-0035249,Josh Oliver,TE,2015,1826,3,industry_composite,100.0
00-0035664,Darrell Henderson,RB,2015,1458,3,industry_composite,100.0
00-0035685,David Montgomery,RB,2016,1152,3,industry_composite,100.0
00-0035250,Devin Singletary,RB,2016,1793,3,industry_composite,100.0
00-0035671,Jace Sternberger,TE,2015,1839,3,industry_composite,100.0
00-0035659,Terry McLaurin,WR,2014,236,4,industry_composite,100.0
00-0035660,Kahale Warring,TE,2015,,,,
00-0035657,Damien Harris,RB,2015,23,5,industry_composite,100.0
00-0035703,Miles Boykin,WR,2015,203,4,industry_composite,100.0
00-0035689,Dawson Knox,TE,2014,,,,
00-0035251,Will Grier,QB,2014,49,4,industry_composite,100.0
00-0034972,Alexander Mattison,RB,2016,574,3,industry_composite,100.0
00-0035529,Hakeem Butler,WR,2015,1977,3,industry_composite,100.0
00-0035652,Ryan Finley,QB,2013,625,3,industry_composite,100.0
00-0035256,Bryce Love,RB,2015,246,4,industry_composite,100.0
00-0034975,Justice Hill,RB,2016,851,3,industry_composite,100.0
00-0035589,Gary Jennings Jr,WR,2015,729,3,industry_composite,100.0
00-0035259,Trevon Wesco,TE,2014,661,3,industry_composite,100.0
00-0035217,Benny Snell Jr.,RB,2016,905,3,industry_composite,100.0
00-0035590,Riley Ridley,WR,2016,278,4,industry_composite,100.0
00-0035261,Tony Pollard,RB,2015,1523,3,industry_composite,100.0
00-0035264,Jarrett Stidham,QB,2015,50,4,industry_composite,100.0
00-0034981,Foster Moreau,TE,2015,1579,3,industry_composite,100.0
00-0035268,Ryquell Armstead,RB,2015,1268,3,industry_composite,100.0
00-0035222,Zach Gentry,TE,2015,192,4,industry_composite,100.0
00-0034983,Hunter Renfrow,WR,2013,,,,
00-0035273,Qadree Ollison,RB,2014,878,3,industry_composite,100.0
00-0035275,Jordan Scarlett,RB,2015,146,4,industry_composite,100.0
00-0035282,Easton Stick,QB,2014,2161,3,industry_composite,100.0
00-0035283,Clayton Thorson,QB,2014,93,4,industry_composite,100.0
00-0035535,Darius Slayton,WR,2015,168,4,industry_composite,100.0
00-0035287,KeeSean Johnson,WR,2014,2557,3,industry_composite,100.0
00-0034988,Kaden Smith,TE,2016,44,4,industry_composite,100.0
00-0035289,Gardner Minshew II,QB,2015,2104,3,industry_composite,100.0
00-0035291,Trayveon Williams,RB,2016,311,4,industry_composite,100.0
00-0035592,Travis Fulgham,WR,2013,,,,
00-0035537,Ty Johnson,RB,2015,713,3,industry_composite,100.0
00-0035593,Juwann Winfree,WR,2014,240,4,industry_composite,100.0
00-0034995,Dexter Williams,RB,2015,98,4,industry_composite,100.0
00-0035146,Trace McSorley,QB,2014,567,3,industry_composite,100.0
00-0035296,Marcus Green,WR,2014,2478,3,industry_composite,100.0
00-0035594,Travis Homer,RB,2016,213,4,industry_composite,100.0
00-0035297,Kelvin Harmon,WR,2016,516,3,industry_composite,100.0
00-0035298,Scott Miller,WR,2015,2063,3,industry_composite,100.0
00-0035299,Rodney Anderson,RB,2015,157,4,industry_composite,100.0
00-0035148,Darwin Thompson,RB,2015,,,,
00-0035303,Mike Weber,RB,2015,75,4,industry_composite,100.0
00-0035304,Cullen Gillaspia,RB,2013,,,,
00-0035596,Kerrith Whyte Jr,RB,2015,2119,3,industry_composite,100.0
00-0035539,Isaac Nauta,TE,2016,11,5,industry_composite,100.0
00-0035308,Tommy Sweeney,TE,2014,1754,3,industry_composite,100.0
00-0035309,Alizé Mack,TE,2015,78,4,industry_composite,94.73684210526316
00-0035310,Chandler Cox,RB,2015,418,3,industry_composite,100.0
00-0035311,Myles Gaskin,RB,2015,548,3,industry_composite,100.0
00-0035597,John Ursua,WR,2012,,,,
00-0035313,Terry Godwin,WR,2015,29,5,industry_composite,100.0
00-0035002,Dillon Mitchell,WR,2016,203,4,industry_composite,100.0
00-0035006,Olabisi Johnson,WR,2015,,,,
00-0035320,Caleb Wilson,TE,2014,,,,
00-0036442,Joe Burrow,QB,2015,361,4,industry_composite,100.0
00-0036212,Tua Tagovailoa,QB,2017,32,5,industry_composite,100.0
00-0036355,Justin Herbert,QB,2016,630,3,industry_composite,100.0
00-0036357,Henry Ruggs III,WR,2017,72,4,industry_composite,100.0
00-0036407,Jerry Jeudy,WR,2017,19,5,industry_composite,100.0
00-0036358,CeeDee Lamb,WR,2017,133,4,industry_composite,100.0
00-0036387,Jalen Reagor,WR,2017,103,4,industry_composite,100.0
00-0036322,Justin Jefferson,WR,2017,1835,3,industry_composite,100.0
00-0036261,Brandon Aiyuk,WR,2016,,,,
00-0036264,Jordan Love,QB,2016,1644,3,industry_composite,100.0
00-0036360,Clyde Edwards-Helaire,RB,2017,281,4,industry_composite,100.0
00-0036410,Tee Higgins,WR,2017,18,5,industry_composite,100.0
00-0036252,Michael Pittman Jr.,WR,2016,57,4,industry_composite,100.0
00-0036275,D'Andre Swift,RB,2017,46,4,industry_composite,100.0
00-0036223,Jonathan Taylor,RB,2017,291,4,industry_composite,100.0
00-0036268,Laviska Shenault Jr.,WR,2017,721,3,industry_composite,100.0
00-0036290,Cole Kmet,TE,2017,90,4,industry_composite,100.0
00-0036412,KJ Hamler,WR,2017,342,4,industry_composite,100.0
00-0036326,Chase Claypool,WR,2016,153,4,industry_composite,100.0
00-0036414,Cam Akers,RB,2017,4,5,industry_composite,100.0
00-0036389,Jalen Hurts,QB,2016,188,4,industry_composite,100.0
00-0036158,J.K. Dobbins,RB,2017,36,4,industry_composite,100.0
00-0036415,Van Jefferson,WR,2015,107,4,industry_composite,100.0
00-0036255,Denzel Mims,WR,2016,314,4,industry_composite,100.0
00-0036265,AJ Dillon,RB,2017,301,4,industry_composite,100.0
00-0036328,Antonio Gibson,RB,2016,,,,
00-0036450,Ke'Shawn Vaughn,RB,2015,325,4,industry_composite,100.0
00-0036364,Lynn Bowden Jr.,WR,2017,241,4,industry_composite,100.0
00-0036365,Bryan Edwards,WR,2016,191,4,industry_composite,100.0
00-0036251,Zack Moss,RB,2016,954,3,industry_composite,100.0
00-0036194,Devin Asiasi,TE,2016,75,4,industry_composite,100.0
00-0036331,Devin Duvernay,WR,2016,42,4,industry_composite,100.0
00-0036297,Darrynton Evans,RB,2016,2655,3,industry_composite,100.0
00-0036332,Josiah Deguara,TE,2015,1727,3,industry_composite,100.0
00-0036225,Dalton Keene,TE,2017,589,3,industry_composite,100.0
00-0036422,Adam Trautman,TE,2015,,,,
00-0036370,Joshua Kelley,RB,2015,,,,
00-0036232,Harrison Bryant,TE,2016,2497,3,industry_composite,100.0
00-0036423,Albert Okwuegbunam,TE,2016,545,3,industry_composite,100.0
00-0036269,La'Mical Perine,RB,2016,339,4,industry_composite,100.0
00-0036226,Jacob Eason,QB,2016,8,5,industry_composite,100.0
00-0036336,Anthony McFarland Jr.,RB,2017,118,4,industry_composite,100.0
00-0036301,James Morgan,QB,2015,415,3,industry_composite,100.0
00-0036196,Gabe Davis,WR,2017,,,,
00-0036244,Colby Parkinson,TE,2017,28,5,industry_composite,100.0
00-0036424,Brycen Hopkins,TE,2015,1715,3,industry_composite,100.0
00-0036340,Antonio Gandy-Golden,WR,2016,,,,
00-0036425,DeeJay Dallas,RB,2017,279,4,industry_composite,100.0
00-0036377,Joe Reed,WR,2016,635,3,industry_composite,100.0
00-0036427,Tyler Johnson,WR,2016,505,3,industry_composite,100.0
00-0036254,Collin Johnson,WR,2016,147,4,industry_composite,100.0
00-0036277,Quintez Cephus,WR,2016,771,3,industry_composite,100.0
00-0036197,Jake Fromm,QB,2017,48,4,industry_composite,100.0
00-0036398,John Hightower,WR,2014,,,,
00-0036308,Isaiah Coulter,WR,2016,,,,
00-0036278,Jason Huntley,RB,2016,2522,3,industry_composite,100.0
00-0036309,Darnell Mooney,WR,2016,1885,3,industry_composite,100.0
00-0036345,K.J. Osborn,WR,2015,2003,3,industry_composite,100.0
00-0036233,Donovan Peoples-Jones,WR,2017,16,5,industry_composite,100.0
00-0036312,Jake Luton,QB,2014,,,,
00-0036429,Charlie Woerner,TE,2016,195,4,industry_composite,100.0
00-0036271,Quez Watkins,WR,2016,1835,3,industry_composite,100.0
00-0036133,James Proche,WR,2015,433,3,industry_composite,100.0
00-0036250,Tyler Davis,TE,2015,,,,
00-0036165,Isaiah Hodgins,WR,2017,363,4,industry_composite,100.0
00-0036228,Dezmon Patmon,WR,2016,1166,3,industry_composite,100.0
00-0036247,Freddie Swain,WR,2016,123,4,industry_composite,100.0
00-0036259,Jauan Jennings,WR,2015,151,4,industry_composite,100.0
00-0036382,K.J. Hill,WR,2015,124,4,industry_composite,100.0
00-0036383,Eno Benjamin,RB,2017,168,4,industry_composite,100.0
,Cole McDonald,QB,2016,1834,3,industry_composite,100.0
00-0036384,Ben DiNucci,QB,2015,1293,3,industry_composite,100.0
00-0036433,Tommy Stevens,QB,2015,582,3,industry_composite,100.0
00-0036279,Nate Stanley,QB,2016,809,3,industry_composite,100.0
00-0036435,Raymond Calais,RB,2016,2571,3,industry_composite,100.0
00-0036245,Malcolm Perry,RB,2015,,,,
00-0036438,Stephen Sullivan,TE,2016,175,4,industry_composite,100.0
00-0036439,Tyrie Cleveland,WR,2016,60,4,industry_composite,100.0
00-0036971,Trevor Lawrence,QB,2018,1,5,industry_composite,100.0
00-0037013,Zach Wilson,QB,2018,1014,3,industry_composite,100.0
00-0037012,Trey Lance,QB,2018,1941,3,industry_composite,100.0
00-0036970,Kyle Pitts,TE,2018,168,4,industry_composite,100.0
00-0036900,Ja'Marr Chase,WR,2018,52,4,industry_composite,100.0
00-0036613,Jaylen Waddle,WR,2018,42,4,industry_composite,100.0
00-0036912,DeVonta Smith,WR,2017,58,4,industry_composite,100.0
00-0036945,Justin Fields,QB,2018,2,5,industry_composite,100.0
00-0036972,Mac Jones,QB,2017,272,4,industry_composite,100.0
00-0036913,Kadarius Toney,WR,2017,569,3,industry_composite,100.0
00-0036893,Najee Harris,RB,2017,2,5,industry_composite,100.0
00-0036973,Travis Etienne,RB,2017,222,4,industry_composite,100.0
00-0036550,Rashod Bateman,WR,2018,400,4,industry_composite,100.0
00-0036980,Elijah Moore,WR,2018,234,4,industry_composite,100.0
00-0036997,Javonte Williams,RB,2018,1359,3,industry_composite,100.0
00-0036936,Rondale Moore,WR,2018,194,4,industry_composite,100.0
00-0036894,Pat Freiermuth,TE,2018,200,4,industry_composite,100.0
00-0036620,D'Wayne Eskridge,WR,2016,1583,3,industry_composite,100.0
00-0036849,Tutu Atwell,WR,2018,692,3,industry_composite,100.0
00-0036955,Terrace Marshall Jr.,WR,2018,11,5,industry_composite,100.0
00-0036928,Kyle Trask,QB,2016,1656,3,industry_composite,100.0
00-0036946,Kellen Mond,QB,2017,76,4,industry_composite,100.0
00-0036898,Davis Mills,QB,2017,22,5,industry_composite,100.0
00-0036988,Josh Palmer,WR,2017,729,3,industry_composite,100.0
00-0037004,Hunter Long,TE,2017,1825,3,industry_composite,100.0
00-0036626,Dyami Brown,WR,2018,184,4,industry_composite,100.0
00-0037005,Tommy Tremble,TE,2018,469,3,industry_composite,100.0
00-0036991,Amari Rodgers,WR,2017,120,4,industry_composite,100.0
00-0036984,Trey Sermon,RB,2017,185,4,industry_composite,100.0
00-0036554,Nico Collins,WR,2017,134,4,industry_composite,100.0
00-0036999,Anthony Schwartz,WR,2018,175,4,industry_composite,100.0
00-0037011,Tre' McKitty,TE,2017,308,4,industry_composite,100.0
00-0036924,Michael Carter,RB,2017,294,4,industry_composite,100.0
00-0036627,Dez Fitzpatrick,WR,2016,287,4,industry_composite,100.0
00-0036963,Amon-Ra St. Brown,WR,2018,15,5,industry_composite,100.0
00-0036842,Kene Nwangwu,RB,2016,1053,3,industry_composite,100.0
00-0036875,Rhamondre Stevenson,RB,2016,,,,
00-0036628,John Bates,TE,2016,1450,3,industry_composite,100.0
00-0036555,Chuba Hubbard,RB,2017,242,4,industry_composite,100.0
00-0036876,Kylen Granson,TE,2016,2617,3,industry_composite,100.0
00-0036877,Jaelon Darden,WR,2017,1174,3,industry_composite,100.0
00-0036630,Tylan Wallace,WR,2017,130,4,industry_composite,100.0
00-0036929,Ian Book,QB,2016,438,3,industry_composite,100.0
00-0036918,Jacob Harris,WR,2015,,,,
00-0036887,Luke Farrell,TE,2016,176,4,industry_composite,100.0
00-0036556,Brevin Jordan,TE,2018,34,4,industry_composite,100.0
00-0036919,Kenneth Gainwell,RB,2018,1665,3,industry_composite,100.0
00-0036635,Ihmir Smith-Marsette,WR,2017,,,,
00-0036637,Noah Gray,TE,2017,969,3,industry_composite,100.0
00-0036640,Zach Davidson,TE,2016,,,,
00-0036646,Simi Fehoko,WR,2016,193,4,industry_composite,100.0
00-0036647,Cornell Powell,WR,2016,151,4,industry_composite,100.0
00-0036565,Ben Mason,RB,2017,633,3,industry_composite,100.0
00-0036951,Frank Darby,WR,2016,1024,3,industry_composite,100.0
00-0036567,Elijah Mitchell,RB,2017,2543,3,industry_composite,100.0
00-0036569,Gary Brightwell,RB,2017,1149,3,industry_composite,100.0
00-0036650,Larry Rountree,RB,2017,869,3,industry_composite,100.0
00-0036857,Chris Evans,RB,2016,451,3,industry_composite,100.0
00-0036571,Marquez Stevenson,WR,2016,591,3,industry_composite,100.0
00-0036572,Shi Smith,WR,2017,154,4,industry_composite,100.0
00-0036652,Racey McMath,WR,2017,623,3,industry_composite,100.0
00-0036858,Jalen Camp,WR,2016,1799,3,industry_composite,100.0
00-0036654,Demetric Felton,RB,2016,420,3,industry_composite,100.0
00-0036906,Khalil Herbert,RB,2016,1479,3,industry_composite,100.0
00-0036879,Sam Ehlinger,QB,2017,126,4,industry_composite,100.0
00-0036657,Seth Williams,WR,2018,183,4,industry_composite,100.0
00-0036907,Dazz Newsome,WR,2017,773,3,industry_composite,100.0
00-0036482,Mike Strachan,WR,2015,,,,
00-0036860,Jake Funk,RB,2016,1482,3,industry_composite,100.0
00-0036536,Tre Nixon,WR,2016,262,4,industry_composite,100.0
00-0036578,Gerrid Doaks,RB,2016,878,3,industry_composite,100.0
00-0036862,Ben Skowronek,WR,2016,718,3,industry_composite,100.0
00-0036939,Kawaan Baker,WR,2016,,,,
00-0036669,Kylin Hill,RB,2017,455,3,industry_composite,100.0
00-0036670,Jermar Jefferson,RB,2018,889,3,industry_composite,100.0
00-0036671,Dax Milne,WR,2017,,,,
00-0037238,Drake London,WR,2019,235,4,industry_composite,100.0
00-0037740,Garrett Wilson,WR,2019,22,5,industry_composite,100.0
00-0037239,Chris Olave,WR,2018,381,4,industry_composite,100.0
00-0037240,Jameson Williams,WR,2019,87,4,industry_composite,100.0
00-0037741,Jahan Dotson,WR,2018,204,4,industry_composite,100.0
00-0037742,Treylon Burks,WR,2019,105,4,industry_composite,100.0
00-0038102,Kenny Pickett,QB,2017,821,3,industry_composite,100.0
00-0038124,Christian Watson,WR,2017,,,,
00-0038120,Breece Hall,RB,2019,359,4,industry_composite,100.0
00-0038134,Kenneth Walker III,RB,2019,1986,3,industry_composite,100.0
00-0038117,Wan'Dale Robinson,WR,2019,59,4,industry_composite,100.0
00-0037614,John Metchie,WR,2019,281,4,industry_composite,100.0
00-0038104,Tyquan Thornton,WR,2018,335,4,industry_composite,100.0
00-0037247,George Pickens,WR,2019,25,5,industry_composite,100.0
00-0037664,Alec Pierce,WR,2018,1213,3,industry_composite,100.0
00-0038090,Skyy Moore,WR,2018,,,,
00-0037744,Trey McBride,TE,2018,1444,3,industry_composite,100.0
00-0037248,James Cook,RB,2018,39,4,industry_composite,100.0
00-0037745,Velus Jones Jr.,WR,2016,397,4,industry_composite,100.0
00-0037755,Jelani Woods,TE,2017,540,3,industry_composite,100.0
00-0038122,Desmond Ridder,QB,2017,1324,3,industry_composite,100.0
00-0037252,Greg Dulcich,TE,2018,,,,
00-0038128,Malik Willis,QB,2017,432,3,industry_composite,100.0
00-0037666,Jalen Tolbert,WR,2017,,,,
00-0037256,Rachaad White,RB,2017,,,,
00-0037827,Tyrion Davis-Price,RB,2019,119,4,industry_composite,100.0
00-0038132,Matt Corral,QB,2018,56,4,industry_composite,100.0
00-0037746,Brian Robinson Jr.,RB,2017,137,4,industry_composite,100.0
00-0037257,David Bell,WR,2019,111,4,industry_composite,100.0
00-0037805,Jeremy Ruckert,TE,2018,47,4,industry_composite,100.0
00-0037828,Danny Gray,WR,2018,554,3,industry_composite,100.0
00-0038129,Cade Otton,TE,2017,534,3,industry_composite,100.0
00-0037258,Dameon Pierce,RB,2018,217,4,industry_composite,100.0
00-0038115,Daniel Bellinger,TE,2018,2361,3,industry_composite,100.0
00-0038040,Zamir White,RB,2018,12,5,industry_composite,100.0
00-0038045,Isaiah Spiller,RB,2019,131,4,industry_composite,100.0
00-0038092,Erik Ezukanma,WR,2018,286,4,industry_composite,100.0
00-0038098,Pierre Strong,RB,2016,,,,
00-0038046,Charlie Kolar,TE,2017,1201,3,industry_composite,100.0
00-0038041,Jake Ferguson,TE,2017,228,4,industry_composite,100.0
00-0037617,Hassan Haskins,RB,2018,915,3,industry_composite,100.0
00-0037816,Romeo Doubs,WR,2018,1475,3,industry_composite,100.0
00-0038108,Bailey Zappe,QB,2017,,,,
00-0037837,Calvin Austin III,WR,2017,,,,
00-0037838,Isaiah Likely,TE,2018,2261,3,industry_composite,100.0
00-0037809,Chig Okonkwo,TE,2017,,,,
00-0037077,Sam Howell,QB,2019,91,4,industry_composite,100.0
00-0037261,Khalil Shakir,WR,2018,311,4,industry_composite,100.0
00-0037078,Cole Turner,TE,2018,1212,3,industry_composite,100.0
00-0037263,Tyler Allgeier,RB,2018,,,,
00-0037265,Snoop Conner,RB,2019,955,3,industry_composite,100.0
00-0037267,Jerome Ford,RB,2018,363,4,industry_composite,100.0
00-0037272,Montrell Washington,WR,2017,,,,
00-0037273,Kyle Philips,WR,2018,240,4,industry_composite,100.0
00-0037840,Kyren Williams,RB,2019,312,4,industry_composite,100.0
00-0037276,Ty Chandler,RB,2017,80,4,industry_composite,100.0
00-0037277,Teagan Quitoriano,TE,2018,812,3,industry_composite,100.0
00-0037282,James Mitchell,TE,2018,396,4,industry_composite,100.0
00-0037286,Kevin Harris,RB,2019,649,3,industry_composite,100.0
00-0037291,Jalen Nailor,WR,2018,743,3,industry_composite,100.0
00-0037292,Andrew Ogletree,TE,2016,,,,
00-0037085,Tyler Badie,RB,2018,1395,3,industry_composite,100.0
00-0037086,Grant Calcaterra,TE,2017,203,4,industry_composite,100.0
00-0037299,Keaontay Ingram,RB,2018,172,4,industry_composite,100.0
00-0037300,Michael Woods II,WR,2018,,,,
00-0037087,Trestan Ebner,RB,2017,358,4,industry_composite,100.0
00-0037304,Connor Heyward,TE,2017,881,3,industry_composite,100.0
00-0037306,John FitzPatrick,TE,2018,332,4,industry_composite,100.0
00-0037311,Ko Kieft,TE,2016,1658,3,industry_composite,100.0
00-0037317,Nick Muse,TE,2016,,,,
00-0037091,Bo Melton,WR,2017,227,4,industry_composite,100.0
00-0037093,Dareke Young,WR,2017,,,,
00-0037324,Chris Oladokun,QB,2016,1269,3,industry_composite,100.0
00-0037327,Skylar Thompson,QB,2016,249,4,industry_composite,100.0
00-0037329,Brittain Brown,RB,2016,391,4,industry_composite,100.0
00-0037197,Isiah Pacheco,RB,2018,705,3,industry_composite,100.0
00-0037098,Samori Toure,WR,2016,,,,
00-0037331,Zander Horvath,RB,2016,,,,
00-0037834,Brock Purdy,QB,2018,897,3,industry_composite,100.0
00-0039150,Bryce Young,QB,2020,2,5,industry_composite,100.0
00-0039163,C.J. Stroud,QB,2020,39,4,industry_composite,100.0
00-0039164,Anthony Richardson,QB,2020,191,4,industry_composite,100.0
00-0038542,Bijan Robinson,RB,2020,16,5,industry_composite,100.0
00-0039139,Jahmyr Gibbs,RB,2020,79,4,industry_composite,100.0
00-0038543,Jaxon Smith-Njigba,WR,2020,28,5,industry_composite,100.0
00-0038544,Quentin Johnston,WR,2020,84,4,industry_composite,100.0
00-0039064,Zay Flowers,WR,2019,1064,3,industry_composite,100.0
00-0038994,Jordan Addison,WR,2020,235,4,industry_composite,100.0
00-0038933,Dalton Kincaid,TE,2017,,,,
00-0039152,Will Levis,QB,2018,684,3,industry_composite,100.0
00-0039065,Sam LaPorta,TE,2019,1201,3,industry_composite,100.0
00-0039066,Michael Mayer,TE,2020,34,4,industry_composite,100.0
00-0039062,Jonathan Mingo,WR,2019,213,4,industry_composite,100.0
00-0039144,Luke Musgrave,TE,2019,801,3,industry_composite,100.0
00-0039146,Jayden Reed,WR,2018,1703,3,industry_composite,100.0
00-0039165,Zach Charbonnet,RB,2019,42,4,industry_composite,100.0
00-0039067,Rashee Rice,WR,2019,815,3,industry_composite,100.0
00-0038547,Luke Schoonmaker,TE,2018,795,3,industry_composite,100.0
00-0038935,Brenton Strange,TE,2019,398,4,industry_composite,100.0
00-0038976,Marvin Mims,WR,2020,147,4,industry_composite,100.0
00-0038550,Hendon Hooker,QB,2017,354,4,industry_composite,100.0
00-0038977,Tank Dell,WR,2017,,,,
00-0038551,Kendre Miller,RB,2020,1404,3,industry_composite,100.0
00-0038938,Jalin Hyatt,WR,2020,175,4,industry_composite,100.0
00-0038979,Cedric Tillman,WR,2018,1602,3,industry_composite,100.0
00-0038996,Tucker Kraft,TE,2018,,,,
00-0038997,Josh Downs,WR,2020,68,4,industry_composite,100.0
00-0039032,Tyjae Spears,RB,2019,1372,3,industry_composite,100.0
00-0039040,De'Von Achane,RB,2020,137,4,industry_composite,96.0
00-0038555,Tank Bigsby,RB,2020,37,4,industry_composite,100.0
00-0038558,Darnell Washington,TE,2020,24,5,industry_composite,100.0
00-0038559,Michael Wilson,WR,2018,218,4,industry_composite,100.0
00-0038563,Tre Tucker,WR,2019,1342,3,industry_composite,100.0
00-0038564,Cameron Latu,TE,2018,,,,
00-0039021,Roschon Johnson,RB,2019,265,4,industry_composite,100.0
00-0038573,Derius Davis,WR,2018,1057,3,industry_composite,100.0
00-0038998,Jake Haener,QB,2017,577,3,industry_composite,100.0
00-0039107,Stetson Bennett,QB,2015,,,,
00-0038576,Charlie Jones,WR,2017,2613,3,industry_composite,100.0
00-0038941,Tyler Scott,WR,2020,993,3,industry_composite,100.0
00-0038579,Aidan O'Connell,QB,2016,,,,
00-0038582,Clayton Tune,QB,2018,799,3,industry_composite,100.0
00-0038583,Dorian Thompson-Robinson,QB,2018,43,4,industry_composite,100.0
00-0038389,Israel Abanikanda,RB,2020,509,3,industry_composite,100.0
00-0038589,Josh Whyle,TE,2018,399,4,industry_composite,100.0
00-0038391,Sean Clifford,QB,2017,183,4,industry_composite,100.0
00-0038590,Justin Shorter,WR,2018,7,5,industry_composite,100.0
00-0038393,Dontayvion Wicks,WR,2019,802,3,industry_composite,100.0
00-0038394,Will Mallory,TE,2018,210,4,industry_composite,100.0
00-0038597,Chase Brown,RB,2018,1283,3,industry_composite,100.0
00-0038598,Jaren Hall,QB,2016,,,,
00-0039050,Payne Durham,TE,2018,1726,3,industry_composite,100.0
00-0038396,Eric Gray,RB,2019,173,4,industry_composite,100.0
00-0039074,Davis Allen,TE,2019,781,3,industry_composite,100.0
00-0038397,Evan Hull,RB,2019,1098,3,industry_composite,100.0
00-0039075,Puka Nacua,WR,2019,115,4,industry_composite,100.0
00-0038606,Parker Washington,WR,2020,357,4,industry_composite,100.0
00-0038608,Kayshon Boutte,WR,2020,29,5,industry_composite,100.0
00-0038400,Tanner McKee,QB,2018,58,4,industry_composite,100.0
00-0039052,Trey Palmer,WR,2019,86,4,industry_composite,100.0
00-0038611,Chris Rodriguez,RB,2018,1113,3,industry_composite,100.0
00-0038612,A.T. Perry,WR,2018,1256,3,industry_composite,100.0
00-0039041,Elijah Higgins,WR,2019,88,4,industry_composite,100.0
00-0038618,Xavier Hutchinson,WR,2018,,,,
00-0038619,Andrei Iosivas,WR,2017,,,,
00-0038621,DeMario Douglas,WR,2018,,,,
00-0038622,Deuce Vaughn,RB,2020,1203,3,industry_composite,100.0
00-0039136,Zach Evans,RB,2020,13,5,industry_composite,100.0
00-0038627,Antoine Green,WR,2018,416,3,industry_composite,100.0
00-0038406,Zack Kuntz,TE,2018,128,4,industry_composite,100.0
00-0039046,DeWayne McBride,RB,2020,1621,3,industry_composite,100.0
00-0038632,Colton Dowell,WR,2017,1896,3,industry_composite,100.0
00-0038409,Lew Nichols,RB,2019,1008,3,industry_composite,100.0
00-0038636,Kenny McIntosh,RB,2019,194,4,industry_composite,100.0
00-0038637,Max Duggan,QB,2019,207,4,industry_composite,100.0
00-0038640,Jalen Brooks,WR,2018,,,,
00-0038643,Brayden Willis,TE,2018,1342,3,industry_composite,100.0
00-0038647,Ronnie Bell,WR,2018,1416,3,industry_composite,100.0
00-0038507,Grant Dubose,WR,2019,,,,
00-0039918,Caleb Williams,QB,2021,7,5,industry_composite,100.0
00-0039910,Jayden Daniels,QB,2019,50,4,industry_composite,100.0
00-0039851,Drake Maye,QB,2021,45,4,industry_composite,100.0
00-0039849,Marvin Harrison Jr.,WR,2021,73,4,industry_composite,100.0
00-0039337,Malik Nabers,WR,2021,175,4,industry_composite,100.0
00-0039917,Michael Penix,QB,2018,585,3,industry_composite,100.0
00-0039919,Rome Odunze,WR,2020,186,4,industry_composite,100.0
00-0039923,J.J. McCarthy,QB,2021,47,4,industry_composite,100.0
00-0039732,Bo Nix,QB,2019,32,5,industry_composite,100.0
00-0039338,Brock Bowers,TE,2021,66,4,industry_composite,100.0
00-0039893,Brian Thomas,WR,2021,92,4,industry_composite,100.0
00-0039894,Xavier Worthy,WR,2021,55,4,industry_composite,100.0
00-0039916,Ricky Pearsall,WR,2019,1232,3,industry_composite,100.0
00-0039342,Xavier Legette,WR,2019,763,3,industry_composite,100.0
00-0039901,Keon Coleman,WR,2021,446,3,industry_composite,100.0
00-0039915,Ladd McConkey,WR,2020,1147,3,industry_composite,100.0
00-0039907,Ja'Lynn Polk,WR,2020,453,3,industry_composite,100.0
00-0039344,Jonathon Brooks,RB,2021,231,4,industry_composite,100.0
00-0039890,Adonai Mitchell,WR,2020,,,,
00-0039912,Ben Sinnott,TE,2020,,,,
00-0039920,Malachi Corley,WR,2020,,,,
00-0039921,Trey Benson,RB,2020,368,4,industry_composite,100.0
00-0039810,Jermaine Burton,WR,2020,75,4,industry_composite,100.0
00-0039737,Tip Reiman,TE,2019,,,,
00-0039738,Blake Corum,RB,2020,118,4,industry_composite,100.0
00-0039739,Roman Wilson,WR,2020,269,4,industry_composite,100.0
00-0039811,MarShawn Lloyd,RB,2020,46,4,industry_composite,100.0
00-0039855,Jalen McMillan,WR,2020,64,4,industry_composite,100.0
00-0039355,Luke McCaffrey,WR,2019,288,4,industry_composite,100.0
00-0039356,Ja'Tavion Sanders,TE,2021,12,5,industry_composite,100.0
00-0039868,Troy Franklin,WR,2021,43,4,industry_composite,100.0
00-0039847,Theo Johnson,TE,2020,74,4,industry_composite,100.0
00-0039853,Javon Baker,WR,2020,208,4,industry_composite,100.0
00-0039792,Devontez Walker,WR,2019,2226,3,industry_composite,100.0
00-0039814,Erick All,TE,2019,375,4,industry_composite,100.0
00-0039874,Jaylen Wright,RB,2021,373,4,industry_composite,100.0
00-0039793,AJ Barner,TE,2020,1173,3,industry_composite,100.0
00-0039359,Cade Stover,TE,2018,,,,
00-0039361,Bucky Irving,RB,2021,435,3,industry_composite,100.0
00-0039746,Will Shipley,RB,2021,36,4,industry_composite,100.0
00-0039875,Ray Davis,RB,2019,1717,3,industry_composite,100.0
00-0039363,Isaac Guerendo,RB,2018,843,3,industry_composite,100.0
00-0039824,Jared Wiley,TE,2019,647,3,industry_composite,100.0
00-0039794,Braelon Allen,RB,2022,,,,
00-0039365,Jacob Cowing,WR,2019,2931,3,industry_composite,100.0
00-0039816,Anthony Gould,WR,2019,1391,3,industry_composite,100.0
00-0039373,Audric Estime,RB,2021,193,4,industry_composite,100.0
00-0039376,Spencer Rattler,QB,2019,15,5,industry_composite,100.0
00-0039747,Ainias Smith,WR,2019,770,3,industry_composite,100.0
00-0039379,Jamari Thrash,WR,2019,1588,3,industry_composite,100.0
00-0039796,Rasheen Ali,RB,2019,,,,
00-0039384,Tyrone Tracy Jr.,RB,2018,648,3,industry_composite,100.0
00-0039385,Keilan Robinson,RB,2019,279,4,industry_composite,100.0
00-0039386,Bub Means,WR,2019,1840,3,industry_composite,100.0
00-0039797,Jordan Travis,QB,2018,867,3,industry_composite,100.0
00-0039798,Isaiah Davis,RB,2020,1307,3,industry_composite,100.0
00-0039391,Kimani Vidal,RB,2020,1056,3,industry_composite,100.0
00-0039392,Jha'Quan Jackson,WR,2019,1200,3,industry_composite,100.0
00-0039880,Malik Washington,WR,2019,823,3,industry_composite,100.0
00-0039236,Johnny Wilson,WR,2020,115,4,industry_composite,100.0
00-0039393,Jase McClellan,RB,2020,47,4,industry_composite,100.0
00-0039394,Casey Washington,WR,2019,1467,3,industry_composite,100.0
00-0039397,Tejhaun Palmer,WR,2018,,,,
00-0039398,Joe Milton,QB,2018,242,4,industry_composite,100.0
00-0039399,Tanner McLachlan,TE,2017,,,,
00-0039405,Jawhar Jordan,RB,2018,733,3,industry_composite,100.0
00-0039407,Dylan Laube,RB,2017,,,,
00-0039751,Jordan Whittington,WR,2019,38,4,industry_composite,100.0
00-0039410,Ryan Flournoy,WR,2017,,,,
00-0039801,Devin Leary,QB,2018,348,4,industry_composite,100.0
00-0039415,Brenden Rice,WR,2020,406,3,industry_composite,100.0
00-0039420,Jaheim Bell,TE,2020,342,4,industry_composite,100.0
00-0039424,Devaughn Vele,WR,2015,,,,
00-0039884,Tahj Washington,WR,2019,1709,3,industry_composite,100.0
00-0039238,Michael Pratt,QB,2020,1155,3,industry_composite,100.0
00-0039754,Devin Culp,TE,2018,457,3,industry_composite,100.0
00-0039437,Cornelius Johnson,WR,2019,182,4,industry_composite,100.0
00-0040676,Cam Ward,QB,2020,,,,
00-0040718,Travis Hunter,WR,2022,2,5,industry_composite,100.0
00-0040122,Ashton Jeanty,RB,2022,876,3,industry_composite,100.0
00-0040124,Tetairoa McMillan,WR,2022,41,4,industry_composite,100.0
00-0040126,Colston Loveland,TE,2022,286,4,industry_composite,100.0
00-0040128,Tyler Warren,TE,2020,548,3,industry_composite,100.0
00-0040129,Emeka Egbuka,WR,2021,15,5,industry_composite,100.0
00-0040666,Omarion Hampton,RB,2022,141,4,industry_composite,100.0
00-0040667,Matthew Golden,WR,2022,176,4,industry_composite,100.0
00-0040691,Jaxson Dart,QB,2021,42,4,industry_composite,100.0
00-0040130,Jayden Higgins,WR,2020,,,,
00-0040784,Quinshon Judkins,RB,2022,488,3,industry_composite,100.0
00-0040734,TreVeyon Henderson,RB,2021,19,5,industry_composite,100.0
00-0040735,Luther Burden,WR,2022,3,5,industry_composite,100.0
00-0040743,Tyler Shough,QB,2017,,,,
00-0040736,Mason Taylor,TE,2022,614,3,industry_composite,100.0
00-0040737,Terrance Ferguson,TE,2021,153,4,industry_composite,100.0
00-0040739,Elijah Arroyo,TE,2021,149,4,industry_composite,100.0
00-0040727,Tre Harris,WR,2022,2055,3,industry_composite,90.9090909090909
00-0040729,Jack Bech,WR,2021,257,4,industry_composite,100.0
00-0040730,RJ Harvey,RB,2019,1512,3,industry_composite,100.0
00-0040663,Harold Fannin,TE,2022,,,,
00-0040131,Kyle Williams,WR,2020,2151,3,industry_composite,100.0
00-0040669,Isaac TeSlaa,WR,2020,,,,
00-0040134,Pat Bryant,WR,2021,1031,3,industry_composite,100.0
00-0040138,Jaylin Noel,WR,2021,456,3,industry_composite,100.0
00-0040142,Kaleb Johnson,RB,2022,421,3,industry_composite,100.0
00-0040009,Savion Williams,WR,2020,574,3,industry_composite,100.0
00-0040673,Jalen Milroe,QB,2021,89,4,industry_composite,100.0
00-0040704,Dillon Gabriel,QB,2019,680,3,industry_composite,100.0
00-0040154,Tai Felton,WR,2021,1007,3,industry_composite,100.0
00-0040705,Chimere Dike,WR,2020,633,3,industry_composite,100.0
00-0040719,Bhayshul Tuten,RB,2020,,,,
00-0040715,Cam Skattebo,RB,2020,,,,
00-0040581,Dont'e Thornton,WR,2021,71,4,industry_composite,100.0
00-0040582,Arian Smith,WR,2020,80,4,industry_composite,100.0
00-0040644,Trevor Etienne,RB,2022,285,4,industry_composite,100.0
00-0040583,Woody Marks,RB,2020,138,4,industry_composite,100.0
00-0040692,Jarquez Hunter,RB,2021,763,3,industry_composite,100.0
00-0040584,Gunnar Helm,TE,2021,722,3,industry_composite,100.0
00-0040162,Dylan Sampson,RB,2022,393,4,industry_composite,100.0
00-0040164,Jaylin Lane,WR,2020,1834,3,industry_composite,100.0
00-0040646,Jalen Royals,WR,2021,,,,
00-0040170,Elic Ayomanor,WR,2022,915,3,industry_composite,100.0
00-0040172,Jordan Watkins,WR,2020,868,3,industry_composite,100.0
00-0040668,Shedeur Sanders,QB,2021,482,3,industry_composite,100.0
00-0040177,Jordan James,RB,2022,241,4,industry_composite,100.0
00-0040586,Jaydon Blue,RB,2022,180,4,industry_composite,100.0
00-0040179,DJ Giddens,RB,2021,,,,
00-0040184,KeAndre Lambert-Smith,WR,2020,193,4,industry_composite,100.0
00-0040187,Mitchell Evans,TE,2021,322,4,industry_composite,100.0
00-0040189,Oronde Gadsden II,TE,2021,932,3,industry_composite,100.0
00-0040648,Tory Horton,WR,2020,2294,3,industry_composite,100.0
00-0040194,Jackson Hawes,TE,2018,,,,
00-0040649,Robbie Ouzts,TE,2021,438,3,industry_composite,100.0
00-0040198,Ollie Gordon,RB,2022,219,4,industry_composite,100.0
00-0040014,Kyle McCord,QB,2021,25,5,industry_composite,100.0
00-0040202,Devin Neal,RB,2021,310,4,industry_composite,100.0
00-0040203,Will Howard,QB,2020,961,3,industry_composite,100.0
00-0040205,Kalel Mullings,RB,2020,,,,
00-0040206,Riley Leonard,QB,2021,418,3,industry_composite,100.0
00-0040208,Tahj Brooks,RB,2020,643,3,industry_composite,100.0
00-0040211,Graham Mertz,QB,2019,57,4,industry_composite,100.0
00-0040215,Gavin Bartholomew,TE,2021,1290,3,industry_composite,100.0
00-0040075,LaJohntay Wester,WR,2020,,,,
00-0040218,Jimmy Horn,WR,2021,372,4,industry_composite,100.0
00-0040220,Tommy Mellott,QB,2020,2880,3,industry_composite,100.0
00-0040222,Cam Miller,QB,2019,,,,
00-0040225,Thomas Fidone,TE,2021,67,4,industry_composite,100.0
00-0040651,Damien Martinez,RB,2022,609,3,industry_composite,100.0
00-0040589,Kurtis Rourke,QB,2019,2247,3,industry_composite,100.0
00-0040078,Brashard Smith,RB,2021,305,4,industry_composite,100.0
00-0040234,Quinn Ewers,QB,2021,1,5,industry_composite,100.0
00-0040236,Kyle Monangai,RB,2020,1915,3,industry_composite,100.0
00-0040237,Tez Johnson,WR,2020,1597,3,industry_composite,100.0
00-0040238,LeQuint Allen,RB,2022,833,3,industry_composite,100.0
00-0040653,Ricky White,WR,2020,450,3,industry_composite,100.0
00-0040021,Phil Mafah,RB,2021,172,4,industry_composite,100.0
,Kaden Prather,WR,2021,191,4,industry_composite,100.0
00-0040240,Caleb Lohner,TE,2019,,,,
00-0040590,Konata Mumpfield,WR,2020,2592,3,industry_composite,100.0
00-0040241,Dominic Lovett,WR,2021,228,4,industry_composite,100.0
00-0040242,Jacory Croskey-Merritt,RB,2019,,,,
00-0040244,Moliki Matavao,TE,2021,151,4,industry_composite,100.0
00-0040247,Junior Bergen,WR,2020,,,,
00-0040250,Luke Lachey,TE,2020,474,3,industry_composite,100.0
MEN516487,Fernando Mendoza,QB,2022,1929,3,industry_composite,100.0
LOV121782,Jeremiyah Love,RB,2023,77,4,industry_composite,100.0
TAT143045,Carnell Tate,WR,2023,41,4,industry_composite,100.0
TYS405541,Jordyn Tyson,WR,2022,798,3,industry_composite,100.0
SIM639376,Ty Simpson,QB,2022,25,5,industry_composite,100.0
SAD482340,Kenyon Sadiq,TE,2023,119,4,industry_composite,100.0
LEM694125,Makai Lemon,WR,2023,37,4,industry_composite,100.0
CON046719,KC Concepcion,WR,2023,590,3,industry_composite,100.0
COO816508,Omar Cooper Jr.,WR,2022,362,4,industry_composite,100.0
PRI206342,Jadarian Price,RB,2022,212,4,industry_composite,100.0
,De'Zhaun Stribling,WR,2021,1476,3,industry_composite,100.0
BOS677861,Denzel Boston,WR,2022,877,3,industry_composite,100.0
BER218265,Germie Bernard,WR,2022,197,4,industry_composite,100.0
STO806346,Eli Stowers,TE,2021,176,4,industry_composite,100.0
KLE258860,Marlin Klein,TE,2022,446,3,industry_composite,100.0
KLA269938,Max Klare,TE,2022,1220,3,industry_composite,100.0
,Carson Beck,QB,2020,225,4,industry_composite,100.0
ROU550040,Sam Roush,TE,2022,309,4,industry_composite,100.0
WIL143106,Antonio Williams,WR,2022,75,4,industry_composite,100.0
,Oscar Delp,TE,2022,83,4,industry_composite,100.0
FIE775129,Malachi Fields,WR,2021,891,3,industry_composite,100.0
DOU210628,Caleb Douglas,WR,2022,303,4,industry_composite,100.0
ALL015451,Drew Allar,QB,2022,28,5,industry_composite,100.0
BRA531428,Zachariah Branch,WR,2023,4,5,industry_composite,100.0
LAN311008,Ja'Kobi Lane,WR,2023,339,4,industry_composite,100.0
BRA836631,Chris Brazzell II,WR,2022,1134,3,industry_composite,100.0
HUR541377,Ted Hurst,WR,,,,,
THO417520,Zavion Thomas,WR,2022,302,4,industry_composite,100.0
BLA097235,Kaelon Black,RB,2020,2514,3,industry_composite,100.0
BEL267684,Chris Bell,WR,2022,1444,3,industry_composite,100.0
RAR148318,Eli Raridon,TE,2022,139,4,industry_composite,100.0
THO495568,Brenen Thompson,WR,2022,101,4,industry_composite,100.0
COL293648,Jonah Coleman,RB,2022,515,3,industry_composite,100.0
KLU066027,Cade Klubnik,QB,2022,18,5,industry_composite,100.0
SAR527100,Elijah Sarratt,WR,,,,,
WAS797326,Mike Washington Jr.,RB,2021,2041,3,industry_composite,100.0
BEL597603,Skyler Bell,WR,2021,992,3,industry_composite,100.0
HIB564972,Matthew Hibner,TE,2020,475,3,industry_composite,100.0
LAN016345,Bryce Lance,WR,,,,,
,Colbie Young,WR,,,,,
VIR271235,Reggie Virgil,WR,2022,1758,3,industry_composite,100.0
JOL735174,Justin Joly,TE,2022,2113,3,industry_composite,100.0
JOH224817,Emmett Johnson,RB,2022,1057,3,industry_composite,100.0
KOZ404039,Tanner Koziol,TE,2021,2099,3,industry_composite,100.0
,Nicholas Singleton,RB,,,,,
LAW090280,Kendrick Law,WR,2022,91,4,industry_composite,100.0
,Joe Royer,TE,2020,395,4,industry_composite,100.0
RAN022436,Adam Randall,RB,2022,94,4,industry_composite,100.0
ALL092954,Cyrus Allen,WR,2022,1293,3,industry_composite,100.0
COL362413,Kevin Coleman Jr.,WR,2022,71,4,industry_composite,100.0
GRE361852,Taylen Green,QB,2021,660,3,industry_composite,100.0
ALL532376,Kaytron Allen,RB,2022,136,4,industry_composite,100.0
BRO268113,Barion Brown,WR,2022,88,4,industry_composite,100.0
BEN601117,Malik Benson,WR,,,,,
DAN490797,CJ Daniels,WR,2020,2397,3,industry_composite,100.0
CLA041524,Demond Claiborne,RB,2022,237,4,industry_composite,100.0
HEN199637,Emmanuel Henderson Jr.,WR,2022,44,4,industry_composite,100.0
WIL189259,CJ Williams,WR,2022,118,4,industry_composite,95.65217391304348
BON235618,Lewis Bond,WR,2021,1163,3,industry_composite,100.0
SMI038569,Anthony Smith,WR,2020,896,3,industry_composite,100.0
KAL252591,Athan Kaliakmanis,QB,2021,202,4,industry_composite,100.0
HEI114391,Eli Heidenreich,RB,,,,,
MOR767384,Behren Morton,QB,2021,123,4,industry_composite,100.0
MCG547540,Seth McGowan,RB,2020,154,4,industry_composite,100.0
MIL303300,Jam Miller,RB,2022,90,4,industry_composite,100.0
RYA022232,Carsen Ryan,TE,2022,356,4,industry_composite,100.0
NUS440041,Garrett Nussmeier,QB,2021,88,4,industry_composite,100.0
,Deion Burks,WR,2021,894,3,industry_composite,100.0
