gsis_id,player_name,position,team,season,game_weeks,expected_games,projected_games_model,weekly_sum_points,weekly_sum_points_ppr_basis,best_matchup_week,worst_matchup_week,weekly_sum_availability_adj,proj_passing_yards,proj_passing_tds,proj_interceptions,proj_rushing_yards,proj_rushing_tds,proj_receptions,proj_receiving_yards,proj_receiving_tds,proj_fumbles_lost,synthetic_adp_rank,projected_ppr_17,projected_season_ppr,diff_vs_pace,ratio_vs_pace
00-0034857,Josh Allen,QB,BUF,2026,17,13.3,14.6,408.08,408.08,10,9,350.53,3674.6,30.5,6.9,426.4,4.3,0.1,0.0,0.0,2.5,11,404.03,316.05,4.05,1.01
00-0040691,Jaxson Dart,QB,NYG,2026,17,13.3,12.74,403.43,403.43,5,7,302.36,3560.4,26.8,10.2,506.9,7.1,0.1,0.8,0.0,3.8,59,336.88,263.52,66.55,1.198
00-0034796,Lamar Jackson,QB,BAL,2026,17,13.3,15.66,394.0,394.0,4,12,363.05,4117.5,26.7,7.1,374.7,3.0,0.0,0.0,0.0,2.2,9,412.34,322.55,-18.34,0.956
00-0039918,Caleb Williams,QB,CHI,2026,17,13.3,15.3,392.9,392.9,4,2,353.54,3614.6,29.9,10.4,433.7,4.1,0.3,1.8,0.0,2.4,88,313.82,245.48,79.08,1.252
00-0036389,Jalen Hurts,QB,PHI,2026,17,13.3,15.88,373.8,373.8,1,16,349.16,3686.6,26.6,9.4,336.8,4.7,0.0,0.0,0.0,2.6,52,347.32,271.69,26.48,1.076
00-0037834,Brock Purdy,QB,SF,2026,17,13.3,13.93,372.42,372.42,6,11,305.08,4003.4,28.2,8.9,332.1,1.9,0.2,0.0,0.0,4.3,71,322.69,252.42,49.73,1.154
00-0039139,Jahmyr Gibbs,RB,DET,2026,17,13.0,11.06,361.28,361.28,16,11,235.15,0.2,0.0,0.0,822.1,11.6,57.0,471.2,3.6,0.6,1,391.69,299.6,-30.41,0.922
00-0033077,Dak Prescott,QB,DAL,2026,17,13.3,17.0,359.45,359.45,2,4,359.55,4384.7,28.2,16.5,215.5,1.6,0.1,0.0,0.0,2.7,97,308.1,241.01,51.35,1.167
00-0033106,Jared Goff,QB,DET,2026,17,13.3,15.01,358.64,358.64,3,8,316.7,4290.1,29.6,9.8,79.5,1.4,0.0,1.0,0.0,3.4,61,335.77,262.65,22.87,1.068
00-0039851,Drake Maye,QB,NE,2026,17,13.3,15.29,351.69,351.69,6,14,316.36,3562.5,25.9,12.5,344.8,4.1,0.0,0.0,0.0,2.6,85,314.68,246.16,37.01,1.118
00-0036355,Justin Herbert,QB,LAC,2026,17,13.3,15.22,351.06,351.06,11,9,314.34,3623.5,22.8,8.3,319.2,4.8,0.3,1.6,0.0,3.2,47,352.31,275.59,-1.25,0.996
00-0033873,Patrick Mahomes,QB,KC,2026,17,13.3,13.84,346.59,346.59,9,1,282.19,3590.3,25.8,5.7,252.7,2.5,0.1,0.5,0.0,2.4,72,319.78,250.14,26.81,1.084
00-0034855,Baker Mayfield,QB,TB,2026,17,13.3,13.75,343.36,343.36,7,3,277.79,3475.7,24.9,9.7,370.7,2.7,0.2,0.0,0.0,2.0,40,355.8,278.32,-12.44,0.965
00-0039910,Jayden Daniels,QB,WAS,2026,17,13.3,13.49,342.4,342.4,13,16,271.77,3057.5,26.3,6.8,483.6,2.1,0.2,0.4,0.0,3.7,95,308.42,241.26,33.98,1.11
00-0039732,Bo Nix,QB,DEN,2026,17,13.3,13.65,336.21,336.21,14,5,269.94,3377.6,24.7,9.6,299.5,3.7,0.3,0.8,0.0,2.3,82,315.62,246.89,20.59,1.065
00-0036223,Jonathan Taylor,RB,IND,2026,17,13.0,14.45,333.99,333.99,12,3,283.83,0.2,0.0,0.0,1181.1,8.7,40.5,340.7,2.2,1.4,5,335.6,256.7,-1.61,0.995
00-0036442,Joe Burrow,QB,CIN,2026,17,13.3,13.14,326.75,326.75,11,2,252.53,4028.1,24.6,7.4,92.2,1.5,0.1,1.0,0.0,3.9,45,353.65,276.64,-26.9,0.924
00-0040122,Ashton Jeanty,RB,LV,2026,17,13.0,14.7,323.74,323.74,6,10,279.9,0.2,0.0,0.0,946.6,5.8,56.6,508.1,2.3,1.7,17,296.49,226.78,27.25,1.092
00-0034869,Sam Darnold,QB,SEA,2026,17,13.3,11.81,318.74,318.74,3,6,221.34,3736.3,24.6,9.9,172.6,2.3,0.0,1.2,0.0,5.2,136,270.2,211.37,48.54,1.18
00-0035710,Daniel Jones,QB,IND,2026,17,13.3,12.38,316.31,316.31,4,7,230.3,3869.2,21.9,11.4,159.7,2.6,0.1,0.5,0.0,2.0,94,309.32,241.96,6.99,1.023
00-0038120,Breece Hall,RB,NYJ,2026,17,13.0,12.57,308.54,308.54,10,14,228.14,0.2,0.0,0.0,1082.2,9.7,32.8,293.5,1.7,1.5,30,271.41,207.6,37.13,1.137
00-0036264,Jordan Love,QB,GB,2026,17,13.3,15.6,308.05,308.05,2,1,282.67,3646.4,24.4,12.0,180.6,1.6,0.7,5.9,0.0,3.7,106,297.18,232.47,10.87,1.037
00-0036900,Ja'Marr Chase,WR,CIN,2026,17,13.79,12.97,305.7,305.7,11,2,233.2,1.5,0.0,0.0,21.1,0.1,85.7,1124.6,8.2,1.0,4,321.71,260.94,-16.01,0.95
00-0038543,Jaxon Smith-Njigba,WR,SEA,2026,17,13.79,13.53,303.14,303.14,3,6,241.25,1.4,0.0,0.0,22.7,0.1,88.1,1106.6,7.6,0.5,7,305.25,247.58,-2.11,0.993
00-0030565,Geno Smith,QB,LV,2026,17,13.3,13.78,302.13,302.13,8,11,244.94,3479.9,23.8,8.8,124.8,2.0,0.0,0.0,0.0,2.8,132,272.04,212.8,30.09,1.111
00-0038542,Bijan Robinson,RB,ATL,2026,17,13.0,11.66,301.59,301.59,9,5,206.78,0.2,0.0,0.0,772.6,8.4,50.5,405.7,2.0,0.3,2,363.39,277.96,-61.8,0.83
00-0036997,Javonte Williams,RB,DAL,2026,17,13.0,14.56,301.17,301.17,1,13,257.98,0.2,0.0,0.0,1073.2,11.0,30.9,207.1,1.3,1.4,20,288.05,220.33,13.12,1.046
00-0039040,De'Von Achane,RB,MIA,2026,17,13.0,12.96,300.95,300.95,5,13,229.36,0.2,0.0,0.0,914.6,9.6,39.9,350.5,1.4,1.3,15,299.26,228.9,1.69,1.006
00-0036963,Amon-Ra St. Brown,WR,DET,2026,17,13.79,13.19,298.98,298.98,3,8,231.92,1.6,0.0,0.0,4.0,0.1,86.4,1105.5,7.6,0.5,3,322.42,261.51,-23.44,0.927
00-0037248,James Cook,RB,BUF,2026,17,13.0,11.21,294.8,294.8,15,1,194.46,0.2,0.0,0.0,1134.6,9.5,28.1,216.4,1.4,1.3,21,285.81,218.61,8.99,1.031
00-0036973,Travis Etienne,RB,JAX,2026,17,13.0,13.9,293.4,293.4,11,6,239.84,0.2,0.0,0.0,871.9,9.2,38.5,324.9,2.1,0.8,14,301.56,230.66,-8.16,0.973
00-0036971,Trevor Lawrence,QB,JAX,2026,17,13.3,12.9,290.24,290.24,17,6,220.32,3151.0,20.8,7.8,213.0,3.0,0.3,0.0,0.0,3.1,103,301.21,235.62,-10.97,0.964
00-0037247,George Pickens,WR,DAL,2026,17,13.79,13.96,285.99,285.99,2,4,234.89,1.4,0.0,0.0,9.8,0.1,82.5,1061.0,7.1,0.4,23,265.65,215.46,20.34,1.077
00-0039075,Puka Nacua,WR,LA,2026,17,13.79,13.46,285.33,285.33,9,3,225.9,1.6,0.0,0.0,12.2,0.1,84.9,1040.5,7.1,0.9,13,287.07,232.84,-1.74,0.994
00-0035228,Kyler Murray,QB,ARI,2026,17,13.3,13.24,284.79,284.79,15,7,221.74,3367.6,16.6,11.5,242.8,4.2,0.5,3.5,0.0,3.0,117,285.16,223.06,-0.37,0.999
00-0037840,Kyren Williams,RB,LA,2026,17,13.0,13.48,278.07,278.07,2,16,220.48,0.2,0.0,0.0,971.1,8.4,33.5,246.1,1.7,1.7,18,292.66,223.85,-14.59,0.95
00-0037238,Drake London,WR,ATL,2026,17,13.79,14.01,277.67,277.67,15,12,228.79,1.4,0.0,0.0,11.3,0.1,77.3,1053.5,7.0,0.6,8,303.58,246.23,-25.91,0.915
00-0036358,CeeDee Lamb,WR,DAL,2026,17,13.79,13.58,274.93,274.93,2,4,219.65,1.6,0.0,0.0,3.6,0.1,78.4,1039.1,6.8,0.4,12,288.47,233.97,-13.54,0.953
00-0040128,Tyler Warren,TE,IND,2026,17,13.04,15.46,272.99,272.99,4,7,248.34,4.9,0.0,0.0,7.5,0.0,76.1,880.9,7.6,0.8,19,236.02,181.06,36.97,1.157
00-0023459,Aaron Rodgers,QB,PIT,2026,17,13.3,11.98,267.94,267.94,17,13,188.79,3613.6,16.4,5.7,54.1,1.5,0.0,0.0,0.0,1.9,146,257.61,201.51,10.33,1.04
00-0040734,TreVeyon Henderson,RB,NE,2026,17,13.0,13.33,264.1,264.1,4,1,207.15,0.2,0.0,0.0,942.5,8.3,29.4,238.7,1.3,1.7,49,252.39,193.05,11.71,1.046
00-0026498,Matthew Stafford,QB,LA,2026,17,13.3,11.46,261.9,261.9,9,3,176.54,3567.3,18.0,7.7,22.7,1.1,0.3,6.3,0.0,2.1,77,316.52,247.6,-54.62,0.827
00-0036275,D'Andre Swift,RB,CHI,2026,17,13.0,13.06,256.55,256.55,1,8,197.14,0.2,0.0,0.0,849.0,7.8,32.8,266.5,1.3,1.4,50,251.85,192.64,4.7,1.019
00-0035700,Josh Jacobs,RB,GB,2026,17,13.0,13.57,255.11,255.11,6,17,203.65,0.2,0.0,0.0,763.4,8.8,32.7,261.3,1.6,1.3,66,235.73,180.31,19.38,1.082
00-0040129,Emeka Egbuka,WR,TB,2026,17,13.79,14.01,254.36,254.36,7,3,209.63,1.4,0.0,0.0,22.1,0.1,69.4,998.4,5.8,0.4,26,259.48,210.46,-5.12,0.98
00-0037744,Trey McBride,TE,ARI,2026,17,13.04,14.64,254.06,254.06,15,7,218.84,4.9,0.0,0.0,2.9,0.0,74.0,889.9,5.5,1.1,6,272.67,209.18,-18.61,0.932
00-0038597,Chase Brown,RB,CIN,2026,17,13.0,14.53,253.26,253.26,15,2,216.45,0.2,0.0,0.0,803.7,6.8,36.1,288.4,1.4,0.7,22,285.2,218.15,-31.94,0.888
00-0039893,Brian Thomas Jr.,WR,JAX,2026,17,13.79,14.14,252.4,252.4,17,6,209.88,3.1,0.0,0.0,12.7,0.1,73.0,929.3,6.3,0.3,44,238.51,193.46,13.89,1.058
00-0040124,Tetairoa McMillan,WR,CAR,2026,17,13.79,13.88,252.33,252.33,15,13,206.06,1.4,0.0,0.0,12.7,0.1,67.8,976.1,6.4,0.4,24,261.17,211.83,-8.84,0.966
00-0039064,Zay Flowers,WR,BAL,2026,17,13.79,13.18,248.85,248.85,4,12,192.88,2.0,0.0,0.0,29.5,0.1,69.3,934.4,6.0,0.3,31,250.77,203.39,-1.92,0.992
00-0039163,C.J. Stroud,QB,HOU,2026,17,13.3,11.04,248.74,248.74,14,9,161.47,2737.0,19.1,7.8,208.1,1.6,0.0,0.2,0.0,3.2,169,239.5,187.35,9.24,1.039
00-0036970,Kyle Pitts,TE,ATL,2026,17,13.04,12.18,246.77,246.77,15,12,176.74,4.9,0.0,0.0,5.5,0.0,74.8,798.9,5.6,0.0,25,224.49,172.22,22.28,1.099
00-0037228,Jaylen Warren,RB,PIT,2026,17,13.0,12.44,246.02,246.02,3,13,179.96,0.2,0.0,0.0,854.3,6.8,32.1,237.5,1.2,0.6,107,199.34,152.47,46.68,1.234
00-0036322,Justin Jefferson,WR,MIN,2026,17,13.79,12.68,243.08,243.08,17,8,181.34,1.9,0.0,0.0,28.5,0.1,66.9,917.1,6.0,0.4,10,294.16,238.59,-51.08,0.826
00-0040676,Cam Ward,QB,TEN,2026,17,13.3,12.97,239.11,239.11,1,5,182.46,2766.1,17.0,7.6,107.7,3.1,0.0,0.0,0.0,2.8,143,260.54,203.81,-21.43,0.918
00-0040784,Quinshon Judkins,RB,CLE,2026,17,13.0,14.03,238.46,238.46,15,10,196.84,0.2,0.0,0.0,816.3,7.2,29.3,252.0,0.9,1.2,63,237.15,181.39,1.31,1.006
00-0040666,Omarion Hampton,RB,LAC,2026,17,13.0,13.19,235.68,235.68,3,4,182.89,0.2,0.0,0.0,765.3,6.6,35.8,260.8,0.9,1.4,35,265.57,203.14,-29.89,0.887
00-0032764,Derrick Henry,RB,BAL,2026,17,13.0,12.19,231.48,231.48,3,12,166.01,0.2,0.0,0.0,907.0,9.3,12.8,146.2,1.0,1.3,41,257.81,197.2,-26.33,0.898
00-0037239,Chris Olave,WR,NO,2026,17,13.79,12.81,230.72,230.72,10,5,173.83,1.6,0.0,0.0,21.3,0.1,70.5,884.4,4.3,0.2,34,247.78,200.97,-17.06,0.931
00-0030506,Travis Kelce,TE,KC,2026,17,13.04,14.46,228.56,228.56,9,1,194.45,4.9,0.0,0.0,0.0,0.0,74.1,729.7,4.8,0.4,27,217.91,167.17,10.65,1.049
00-0022942,Philip Rivers,QB,IND,2026,17,13.3,10.93,228.46,228.46,4,7,146.87,2695.7,17.2,5.9,102.8,1.2,0.3,5.8,0.0,2.2,433,158.86,124.27,69.6,1.438
00-0034844,Saquon Barkley,RB,PHI,2026,17,13.0,11.68,226.75,226.75,9,15,155.8,0.2,0.0,0.0,696.3,5.9,29.3,264.1,2.4,0.8,32,267.79,204.83,-41.04,0.847
00-0036139,Rico Dowdle,RB,CAR,2026,17,13.0,14.13,226.01,226.01,15,17,187.92,0.2,0.0,0.0,783.1,6.6,31.5,197.3,0.8,0.7,79,219.32,167.76,6.69,1.031
00-0038117,Wan'Dale Robinson,WR,NYG,2026,17,13.79,12.64,224.83,224.83,5,7,167.18,2.0,0.0,0.0,26.5,0.1,68.0,799.4,5.4,0.5,65,217.22,176.19,7.61,1.035
00-0036554,Nico Collins,WR,HOU,2026,17,13.79,13.17,224.19,224.19,14,9,173.68,1.5,0.0,0.0,0.0,0.1,62.9,872.1,5.4,0.6,29,252.91,205.13,-28.72,0.886
00-0036919,Kenny Gainwell,RB,PIT,2026,17,13.0,13.07,223.05,223.05,3,13,171.53,0.2,0.0,0.0,611.4,4.9,37.5,308.9,2.1,0.6,114,192.22,147.03,30.83,1.16
00-0036875,Rhamondre Stevenson,RB,NE,2026,17,13.0,13.28,222.3,222.3,4,1,173.64,0.2,0.0,0.0,602.7,7.1,29.3,296.5,1.7,0.9,70,226.94,173.59,-4.64,0.98
00-0036410,Tee Higgins,WR,CIN,2026,17,13.79,12.71,221.67,221.67,11,2,165.77,1.4,0.0,0.0,2.5,0.1,62.7,842.5,5.4,0.3,37,243.32,197.36,-21.65,0.911
00-0033280,Christian McCaffrey,RB,SF,2026,17,13.0,9.95,221.59,221.59,13,5,129.69,0.2,0.0,0.0,463.5,4.5,46.8,359.6,2.6,1.1,16,298.55,228.36,-76.96,0.742
00-0036040,Juwan Johnson,TE,NO,2026,17,13.04,11.49,218.98,218.98,10,5,147.99,4.9,0.0,0.0,2.4,0.0,64.9,717.0,5.1,0.0,68,175.63,134.74,43.35,1.247
00-0035676,A.J. Brown,WR,PHI,2026,17,13.79,12.7,218.32,218.32,1,16,163.16,1.5,0.0,0.0,0.0,0.1,61.9,813.7,5.6,0.3,42,238.89,193.76,-20.57,0.914
00-0040126,Colston Loveland,TE,CHI,2026,17,13.04,11.93,217.95,217.95,4,2,152.92,4.9,0.0,0.0,5.4,0.0,65.7,633.7,6.4,0.6,87,162.71,124.83,55.24,1.339
00-0039915,Ladd McConkey,WR,LAC,2026,17,13.79,13.76,217.52,217.52,11,9,176.12,2.0,0.0,0.0,22.7,0.1,64.2,787.6,5.2,0.2,38,242.45,196.65,-24.93,0.897
00-0039337,Malik Nabers,WR,NYG,2026,17,13.79,12.53,217.35,217.35,5,7,160.25,3.8,0.0,0.0,14.2,0.1,57.4,824.1,5.8,0.3,39,242.43,196.63,-25.08,0.897
00-0039165,Zach Charbonnet,RB,SEA,2026,17,13.0,13.27,215.58,215.58,14,15,168.31,0.2,0.0,0.0,811.6,7.5,21.2,159.1,0.6,1.0,134,174.46,133.45,41.12,1.236
00-0036912,DeVonta Smith,WR,PHI,2026,17,13.79,12.72,215.26,215.26,1,16,161.09,1.6,0.0,0.0,3.8,0.1,59.9,828.0,5.2,0.2,36,244.12,198.0,-28.86,0.882
00-0035261,Tony Pollard,RB,TEN,2026,17,13.0,13.8,212.92,212.92,3,5,172.8,0.2,0.0,0.0,767.8,6.0,24.1,221.7,1.0,1.3,84,218.43,167.07,-5.51,0.975
00-0037740,Garrett Wilson,WR,NYJ,2026,17,13.79,12.76,209.87,209.87,1,17,157.55,3.2,0.0,0.0,28.3,0.1,59.5,799.8,4.6,0.2,48,234.09,189.87,-24.22,0.897
00-0034827,DJ Moore,WR,CHI,2026,17,13.79,13.95,209.19,209.19,4,2,171.72,2.1,0.0,0.0,21.3,0.1,60.5,763.2,5.1,0.3,76,201.93,163.78,7.26,1.036
00-0034348,Courtland Sutton,WR,DEN,2026,17,13.79,13.0,209.13,209.13,14,5,159.97,1.4,0.0,0.0,0.0,0.1,62.5,750.3,5.4,0.3,102,185.9,150.78,23.23,1.125
00-0033119,Jacoby Brissett,QB,ARI,2026,17,13.3,11.63,206.72,206.72,15,7,141.41,2326.2,17.2,8.4,98.0,1.8,0.1,0.0,0.0,2.0,249,199.12,155.76,7.6,1.038
00-0035685,David Montgomery,RB,DET,2026,17,13.0,12.35,203.63,203.63,16,11,147.93,0.2,0.0,0.0,662.9,7.8,21.6,181.4,0.7,0.8,73,222.93,170.52,-19.3,0.913
00-0039067,Rashee Rice,WR,KC,2026,17,13.79,13.09,202.84,202.84,9,1,156.15,2.1,0.0,0.0,19.6,0.1,56.3,790.4,4.5,0.3,28,253.51,205.62,-50.67,0.8
00-0037240,Jameson Williams,WR,DET,2026,17,13.79,13.54,202.6,202.6,3,8,161.41,2.0,0.0,0.0,23.0,0.1,54.9,749.1,5.4,0.4,56,229.09,185.81,-26.49,0.884
00-0036212,Tua Tagovailoa,QB,MIA,2026,17,13.3,11.13,202.2,202.2,7,4,132.39,2329.4,15.9,6.1,67.6,1.5,0.0,0.0,0.0,1.1,271,193.21,151.14,8.99,1.047
00-0038134,Kenneth Walker III,RB,SEA,2026,17,13.0,12.3,200.14,200.14,14,15,144.83,0.2,0.0,0.0,656.9,5.4,28.0,240.9,0.8,1.0,51,251.63,192.47,-51.49,0.795
00-0035640,DK Metcalf,WR,PIT,2026,17,13.79,12.8,199.82,199.82,17,13,150.45,1.6,0.0,0.0,4.2,0.1,56.3,757.7,4.9,0.3,89,198.33,160.87,1.49,1.008
00-0036252,Michael Pittman,WR,IND,2026,17,13.79,12.31,198.74,198.74,4,7,143.96,1.6,0.0,0.0,12.7,0.1,55.8,736.2,5.1,0.3,91,196.38,159.28,2.36,1.012
00-0038544,Quentin Johnston,WR,LAC,2026,17,13.79,13.22,198.66,198.66,11,9,154.44,1.4,0.0,0.0,6.6,0.1,56.1,765.5,4.6,0.3,67,214.95,174.34,-16.29,0.924
00-0035659,Terry McLaurin,WR,WAS,2026,17,13.79,12.16,195.89,195.89,13,16,140.1,3.0,0.0,0.0,1.2,0.1,57.3,702.5,5.2,0.3,33,247.88,201.05,-51.99,0.79
00-0039919,Rome Odunze,WR,CHI,2026,17,13.79,13.35,195.62,195.62,4,2,153.63,1.4,0.0,0.0,15.4,0.1,54.0,743.8,4.8,0.3,62,219.16,177.76,-23.54,0.893
00-0040663,Harold Fannin Jr.,TE,CLE,2026,17,13.04,11.81,193.44,193.44,5,10,134.41,4.9,0.0,0.0,20.0,0.0,47.1,674.4,5.4,0.6,53,195.41,149.91,-1.97,0.99
00-0037664,Alec Pierce,WR,IND,2026,17,13.79,12.81,191.96,191.96,4,7,144.67,1.4,0.0,0.0,9.4,0.1,50.9,734.8,5.1,0.3,74,204.41,165.8,-12.45,0.939
00-0036613,Jaylen Waddle,WR,MIA,2026,17,13.79,12.99,191.88,191.88,7,4,146.58,1.4,0.0,0.0,17.0,0.1,54.0,715.4,4.7,0.2,43,238.66,193.57,-46.78,0.804
00-0039150,Bryce Young,QB,CAR,2026,17,13.3,13.37,190.98,190.98,15,13,150.16,2020.8,15.3,5.6,170.4,1.8,0.0,0.0,0.0,4.8,189,228.15,178.47,-37.17,0.837
00-0038559,Michael Wilson,WR,ARI,2026,17,13.79,11.98,188.51,188.51,15,7,132.84,1.4,0.0,0.0,9.6,0.1,51.8,753.4,4.1,0.3,108,180.34,146.27,8.17,1.045
00-0039065,Sam LaPorta,TE,DET,2026,17,13.04,11.8,185.62,185.62,3,8,128.87,4.9,0.0,0.0,0.0,0.0,52.4,639.4,4.4,0.4,100,150.94,115.79,34.68,1.23
00-0039361,Bucky Irving,RB,TB,2026,17,13.0,12.74,185.39,185.39,5,14,138.9,0.2,0.0,0.0,646.3,4.6,27.2,194.6,0.7,0.9,46,256.18,195.95,-70.79,0.724
00-0040730,RJ Harvey,RB,DEN,2026,17,13.0,11.83,183.45,183.45,9,6,127.62,0.2,0.0,0.0,536.9,3.5,33.2,253.1,1.6,1.3,93,214.07,163.74,-30.62,0.857
00-0034960,Jakobi Meyers,WR,JAX,2026,17,13.79,12.02,181.18,181.18,17,6,128.08,1.6,0.0,0.0,4.8,0.1,50.4,675.3,4.7,0.2,130,157.86,128.04,23.32,1.148
00-0031588,Stefon Diggs,WR,NE,2026,17,13.79,11.74,180.63,180.63,6,14,124.76,2.4,0.0,0.0,12.0,0.1,58.2,629.5,4.0,0.1,121,168.5,136.67,12.13,1.072
00-0037525,Jordan Mason,RB,MIN,2026,17,13.0,12.2,180.17,180.17,13,3,129.35,0.2,0.0,0.0,642.3,7.4,14.2,134.5,0.5,0.8,178,137.17,104.92,43.0,1.313
00-0036407,Jerry Jeudy,WR,CLE,2026,17,13.79,12.87,178.33,178.33,5,10,134.98,1.4,0.0,0.0,12.5,0.1,50.3,659.0,4.5,0.2,122,168.07,136.32,10.26,1.061
00-0040242,Jacory Croskey-Merritt,RB,WAS,2026,17,13.0,12.05,178.22,178.22,5,3,126.28,0.2,0.0,0.0,690.2,7.2,12.2,114.4,0.4,0.9,124,184.95,141.47,-6.73,0.964
00-0040189,Oronde Gadsden II,TE,LAC,2026,17,13.04,9.77,178.16,178.16,11,9,102.4,4.9,0.0,0.0,3.2,0.0,54.6,580.8,4.1,0.8,55,193.64,148.55,-15.48,0.92
00-0036259,Jauan Jennings,WR,SF,2026,17,13.79,12.77,178.16,178.16,6,11,133.86,1.4,0.0,0.0,3.7,0.1,51.5,657.7,4.5,0.3,115,173.29,140.56,4.87,1.028
00-0037256,Rachaad White,RB,TB,2026,17,13.0,13.76,176.73,176.73,5,14,143.09,0.2,0.0,0.0,448.7,3.7,34.4,270.1,1.3,0.5,112,193.99,148.38,-17.26,0.911
00-0038994,Jordan Addison,WR,MIN,2026,17,13.79,12.7,176.41,176.41,17,8,131.74,1.6,0.0,0.0,13.7,0.1,52.0,654.6,4.0,0.3,118,169.69,137.64,6.72,1.04
00-0039384,Tyrone Tracy Jr.,RB,NYG,2026,17,13.0,13.15,175.39,175.39,1,14,135.7,0.2,0.0,0.0,532.0,3.7,31.4,210.2,1.2,0.6,110,195.69,149.68,-20.3,0.896
00-0035719,Deebo Samuel Sr.,WR,WAS,2026,17,13.79,12.26,175.23,175.23,13,16,126.41,2.1,0.0,0.0,19.8,0.1,51.8,628.9,4.2,0.2,116,171.9,139.43,3.33,1.019
00-0031381,Davante Adams,WR,LA,2026,17,13.79,10.87,172.8,172.8,9,3,110.53,2.3,0.0,0.0,0.0,0.1,52.0,653.4,3.8,0.3,105,182.32,147.87,-9.52,0.948
00-0038933,Dalton Kincaid,TE,BUF,2026,17,13.04,11.93,172.2,172.2,10,9,120.84,4.9,0.0,0.0,0.0,0.0,43.7,659.4,4.0,1.0,96,157.29,120.67,14.91,1.095
00-0037816,Romeo Doubs,WR,GB,2026,17,13.79,13.07,172.04,172.04,2,1,132.3,1.4,0.0,0.0,4.1,0.1,50.7,640.4,4.0,0.2,126,165.94,134.59,6.1,1.037
00-0033293,Aaron Jones,RB,MIN,2026,17,13.0,11.22,171.28,171.28,13,3,113.01,0.2,0.0,0.0,522.7,3.4,29.8,251.9,1.0,1.4,166,144.89,110.82,26.39,1.182
00-0038606,Parker Washington,WR,JAX,2026,17,13.79,13.38,170.3,170.3,17,6,134.06,1.4,0.0,0.0,23.1,0.1,50.3,634.0,3.7,0.4,92,195.66,158.69,-25.36,0.87
00-0038996,Tucker Kraft,TE,GB,2026,17,13.04,12.23,170.01,170.01,2,1,122.32,4.9,0.0,0.0,2.8,0.0,46.9,575.9,4.3,0.2,111,141.05,108.21,28.96,1.205
00-0039868,Troy Franklin,WR,DEN,2026,17,13.79,14.02,168.3,168.3,14,5,138.76,1.4,0.0,0.0,26.4,0.1,49.9,611.8,3.8,0.3,149,140.12,113.65,28.18,1.201
00-0040668,Shedeur Sanders,QB,CLE,2026,17,13.3,9.71,167.05,167.05,5,10,95.46,1580.1,10.3,4.5,209.9,3.0,0.1,0.0,0.0,2.0,534,140.15,109.63,26.9,1.192
00-0039391,Kimani Vidal,RB,LAC,2026,17,13.0,12.33,165.63,165.63,3,4,120.15,0.2,0.0,0.0,606.8,5.1,20.5,132.0,0.5,0.8,227,112.22,85.84,53.41,1.476
00-0039338,Brock Bowers,TE,LV,2026,17,13.04,10.83,164.16,164.16,8,11,104.54,4.9,0.0,0.0,13.8,0.0,41.4,680.7,2.7,0.7,78,165.2,126.74,-1.04,0.994
00-0040735,Luther Burden III,WR,CHI,2026,17,13.79,13.46,163.77,163.77,4,2,129.7,2.0,0.0,0.0,24.3,0.1,47.5,635.4,3.3,0.4,83,200.2,162.38,-36.43,0.818
00-0038129,Cade Otton,TE,TB,2026,17,13.04,15.19,160.84,160.84,7,3,143.73,4.9,0.0,0.0,1.7,0.0,44.8,524.6,4.5,0.7,113,138.35,106.14,22.49,1.163
00-0037261,Khalil Shakir,WR,BUF,2026,17,13.79,12.92,160.39,160.39,10,9,121.87,2.0,0.0,0.0,21.5,0.1,49.6,574.0,3.5,0.4,125,165.97,134.61,-5.58,0.966
00-0034383,Dalton Schultz,TE,HOU,2026,17,13.04,14.29,157.72,157.72,14,9,132.6,4.9,0.0,0.0,8.8,0.0,47.0,506.0,3.8,0.5,60,185.05,141.96,-27.33,0.852
00-0038124,Christian Watson,WR,GB,2026,17,13.79,12.27,157.37,157.37,2,1,113.58,1.4,0.0,0.0,0.0,0.1,44.2,626.0,3.5,0.2,90,198.24,160.79,-40.87,0.794
00-0040162,Dylan Sampson,RB,CLE,2026,17,13.0,12.23,157.2,157.2,15,10,113.07,0.2,0.0,0.0,389.1,2.1,32.1,302.2,1.3,0.7,186,134.2,102.65,23.0,1.171
00-0034351,Dallas Goedert,TE,PHI,2026,17,13.04,13.71,154.57,154.57,1,16,124.61,4.9,0.0,0.0,18.1,0.0,40.4,469.3,4.8,0.0,80,164.78,126.41,-10.21,0.938
00-0039738,Blake Corum,RB,LA,2026,17,13.0,12.22,154.56,154.56,2,16,111.14,0.2,0.0,0.0,600.5,6.0,10.8,96.6,0.4,0.5,137,168.53,128.91,-13.97,0.917
00-0039847,Theo Johnson,TE,NYG,2026,17,13.04,12.82,154.48,154.48,5,7,116.46,4.9,0.0,0.0,1.4,0.0,45.3,520.6,3.6,0.5,159,94.0,72.12,60.48,1.643
00-0033090,Hunter Henry,TE,NE,2026,17,13.04,11.39,154.33,154.33,6,14,103.41,4.9,0.0,0.0,0.0,0.0,48.9,517.8,2.9,0.1,64,181.8,139.47,-27.47,0.849
00-0040583,Woody Marks,RB,HOU,2026,17,13.0,12.6,154.14,154.14,7,12,114.28,0.2,0.0,0.0,470.9,4.5,20.2,197.2,0.9,0.7,142,163.78,125.28,-9.64,0.941
00-0036158,J.K. Dobbins,RB,DEN,2026,17,13.0,12.71,153.71,153.71,9,6,114.95,0.2,0.0,0.0,639.6,5.0,13.6,97.6,0.3,0.6,135,173.93,133.04,-20.22,0.884
00-0033906,Alvin Kamara,RB,NO,2026,17,13.0,10.92,153.61,153.61,6,2,98.64,0.2,0.0,0.0,529.2,3.4,23.3,160.7,1.1,1.0,167,143.51,109.77,10.1,1.07
00-0039849,Marvin Harrison Jr.,WR,ARI,2026,17,13.79,11.71,153.45,153.45,15,7,105.74,1.4,0.0,0.0,13.8,0.1,42.4,575.8,3.8,0.2,120,168.65,136.79,-15.2,0.91
00-0032268,Marcus Mariota,QB,WAS,2026,17,13.3,6.83,152.74,152.74,13,16,61.33,1505.2,9.4,5.1,234.4,1.6,0.6,2.6,0.0,1.3,652,52.2,40.84,100.54,2.926
00-0040715,Cam Skattebo,RB,NYG,2026,17,13.0,12.94,152.68,152.68,1,14,116.22,0.2,0.0,0.0,441.5,2.4,32.8,231.7,0.7,0.8,99,209.73,160.42,-57.05,0.728
00-0038997,Josh Downs,WR,IND,2026,17,13.79,12.14,152.67,152.67,4,7,109.06,1.4,0.0,0.0,24.2,0.1,47.3,529.1,3.5,0.3,109,180.07,146.06,-27.4,0.848
00-0040743,Tyler Shough,QB,NO,2026,17,13.3,8.49,150.65,150.65,10,5,75.22,1389.2,13.3,5.9,173.2,1.0,0.1,1.2,0.0,1.3,192,227.26,177.77,-76.61,0.663
00-0033288,George Kittle,TE,SF,2026,17,13.04,13.53,150.63,150.63,6,11,119.9,4.9,0.0,0.0,5.7,0.0,48.0,493.1,3.0,0.3,98,156.25,119.87,-5.62,0.964
00-0036555,Chuba Hubbard,RB,CAR,2026,17,13.0,12.67,150.57,150.57,15,17,112.17,0.2,0.0,0.0,532.1,2.6,27.1,158.8,0.8,0.7,151,156.72,119.87,-6.15,0.961
00-0038935,Brenton Strange,TE,JAX,2026,17,13.04,8.44,149.77,149.77,17,6,74.35,4.9,0.0,0.0,5.5,0.0,46.4,543.3,2.2,0.1,128,124.11,95.21,25.66,1.207
00-0040130,Jayden Higgins,WR,HOU,2026,17,13.79,13.43,149.52,149.52,14,9,118.14,1.4,0.0,0.0,17.6,0.1,40.6,574.8,3.5,0.2,138,149.24,121.05,0.28,1.002
00-0036945,Justin Fields,QB,NYJ,2026,17,13.3,10.82,149.35,149.35,1,17,95.07,1298.5,12.6,3.2,167.6,1.4,0.1,0.0,0.0,2.3,604,116.65,91.25,32.7,1.28
00-0040170,Elic Ayomanor,WR,TEN,2026,17,13.79,12.81,149.03,149.03,1,5,112.26,1.4,0.0,0.0,18.6,0.1,42.8,562.7,3.3,0.3,162,127.99,103.81,21.04,1.164
00-0038563,Tre Tucker,WR,LV,2026,17,13.79,12.4,148.63,148.63,8,11,108.38,1.9,0.0,0.0,51.1,0.1,42.9,534.9,3.2,0.3,141,146.87,119.12,1.76,1.012
00-0030279,Keenan Allen,WR,LAC,2026,17,13.79,11.29,148.39,148.39,11,9,98.58,2.4,0.0,0.0,7.0,0.1,50.9,523.6,2.7,0.1,204,105.63,85.67,42.76,1.405
00-0033040,Tyreek Hill,WR,MIA,2026,17,13.79,10.76,148.11,148.11,7,4,93.72,5.3,0.0,0.0,4.5,0.1,46.9,560.0,2.7,0.1,197,109.18,88.55,38.93,1.357
00-0040236,Kyle Monangai,RB,CHI,2026,17,13.0,13.67,147.89,147.89,1,8,118.92,0.2,0.0,0.0,546.7,3.7,19.2,149.9,0.6,0.8,140,165.58,126.65,-17.69,0.893
00-0039894,Xavier Worthy,WR,KC,2026,17,13.79,11.99,146.76,146.76,9,1,103.47,2.0,0.0,0.0,23.1,0.1,40.0,552.7,3.5,0.2,129,159.22,129.14,-12.46,0.922
00-0039146,Jayden Reed,WR,GB,2026,17,13.79,11.61,142.38,142.38,2,1,97.27,2.1,0.0,0.0,15.6,0.1,41.4,525.8,3.3,0.1,127,164.85,133.71,-22.47,0.864
00-0036309,Darnell Mooney,WR,ATL,2026,17,13.79,11.76,142.3,142.3,15,12,98.43,1.4,0.0,0.0,10.8,0.1,37.3,570.3,3.3,0.2,196,109.67,88.95,32.63,1.298
00-0033908,Cooper Kupp,WR,SEA,2026,17,13.79,11.27,138.36,138.36,3,6,91.75,2.2,0.0,0.0,9.9,0.1,40.5,544.0,2.7,0.3,203,106.14,86.09,32.22,1.304
00-0036894,Pat Freiermuth,TE,PIT,2026,17,13.04,13.27,137.71,137.71,17,13,107.51,4.9,0.0,0.0,4.5,0.0,37.7,440.5,4.0,0.4,101,150.54,115.48,-12.83,0.915
00-0039923,J.J. McCarthy,QB,MIN,2026,17,13.3,9.06,137.4,137.4,17,8,73.23,1445.6,7.9,9.0,156.2,4.1,0.2,0.0,0.0,2.1,589,119.02,93.1,18.38,1.154
00-0039032,Tyjae Spears,RB,TEN,2026,17,13.0,12.76,136.73,136.73,3,5,102.59,0.2,0.0,0.0,315.6,1.2,33.2,270.8,1.1,0.6,201,125.87,96.28,10.86,1.086
00-0038611,Chris Rodriguez Jr.,RB,WAS,2026,17,13.0,11.12,136.58,136.58,5,3,89.37,0.2,0.0,0.0,466.5,5.0,13.3,117.4,0.6,0.4,144,162.49,124.29,-25.91,0.841
00-0033923,Kareem Hunt,RB,KC,2026,17,13.0,12.41,136.1,136.1,14,7,99.32,0.2,0.0,0.0,532.2,4.5,13.9,100.6,0.2,0.7,293,88.76,67.89,47.34,1.533
00-0031408,Mike Evans,WR,TB,2026,17,13.79,10.84,133.01,133.01,7,3,84.83,4.0,0.0,0.0,13.4,0.1,41.7,502.0,2.4,0.1,153,135.85,110.18,-2.84,0.979
00-0037545,Rashid Shaheed,WR,NO,2026,17,13.79,11.5,132.65,132.65,10,5,89.77,1.4,0.0,0.0,11.3,0.1,41.1,495.7,2.6,0.1,185,115.72,93.86,16.93,1.146
00-0040736,Mason Taylor,TE,NYJ,2026,17,13.04,10.11,131.45,131.45,1,17,78.17,4.9,0.0,0.0,4.8,0.0,35.9,391.1,4.3,0.5,194,75.59,57.99,55.86,1.739
00-0039793,AJ Barner,TE,SEA,2026,17,13.04,11.6,130.97,130.97,3,6,89.4,4.9,0.0,0.0,13.0,0.0,41.2,438.4,2.3,0.0,133,120.48,92.43,10.49,1.087
00-0034753,Mark Andrews,TE,BAL,2026,17,13.04,13.27,130.34,130.34,4,12,101.77,4.9,0.0,0.0,8.4,0.0,35.2,364.2,4.7,0.6,75,168.66,129.39,-38.32,0.773
00-0040705,Chimere Dike,WR,TEN,2026,17,13.79,12.88,129.83,129.83,1,5,98.36,2.0,0.0,0.0,30.5,0.1,39.2,468.1,2.7,0.3,180,117.01,94.9,12.82,1.11
00-0033553,James Conner,RB,ARI,2026,17,13.0,9.66,127.48,127.48,4,2,72.46,0.2,0.0,0.0,437.3,1.8,23.4,164.0,0.8,0.8,322,83.51,63.88,43.97,1.527
00-0039798,Isaiah Davis,RB,NYJ,2026,17,13.0,11.0,126.64,126.64,10,14,81.96,0.2,0.0,0.0,290.0,2.0,26.9,245.4,0.9,0.5,418,64.96,49.69,61.68,1.95
00-0030061,Zach Ertz,TE,WAS,2026,17,13.04,11.29,124.67,124.67,13,16,82.8,4.9,0.0,0.0,0.5,0.0,44.5,383.5,2.1,0.2,165,91.19,69.96,33.48,1.367
00-0038621,DeMario Douglas,WR,NE,2026,17,13.79,12.68,124.42,124.42,6,14,92.79,1.6,0.0,0.0,14.3,0.1,36.1,487.2,2.4,0.3,252,82.64,67.03,41.78,1.506
00-0035535,Darius Slayton,WR,NYG,2026,17,13.79,11.56,123.33,123.33,5,7,83.89,1.4,0.0,0.0,1.1,0.1,32.6,499.9,2.9,0.2,240,88.7,71.95,34.63,1.39
00-0037809,Chig Okonkwo,TE,TEN,2026,17,13.04,12.18,120.7,120.7,1,5,86.46,4.9,0.0,0.0,8.5,0.0,31.2,474.1,2.3,0.5,131,121.58,93.27,-0.88,0.993
00-0038041,Jake Ferguson,TE,DAL,2026,17,13.04,13.25,120.44,120.44,2,4,93.9,4.9,0.0,0.0,7.5,0.0,38.4,384.0,2.5,0.4,123,132.24,101.45,-11.8,0.911
00-0038608,Kayshon Boutte,WR,NE,2026,17,13.79,11.22,118.79,118.79,6,14,78.4,1.4,0.0,0.0,7.1,0.1,31.2,463.4,2.9,0.1,239,88.92,72.12,29.87,1.336
00-0032950,Carson Wentz,QB,MIN,2026,17,13.3,7.78,118.31,118.31,17,8,54.14,1641.3,5.3,6.3,88.0,2.2,0.0,0.0,0.0,2.0,594,118.24,92.49,0.07,1.001
00-0040078,Brashard Smith,RB,KC,2026,17,13.0,11.25,116.27,116.27,14,7,76.94,0.2,0.0,0.0,340.8,2.2,21.0,162.5,0.9,0.5,396,70.02,53.56,46.25,1.661
00-0037263,Tyler Allgeier,RB,ATL,2026,17,13.0,11.11,116.13,116.13,9,5,75.91,0.2,0.0,0.0,368.7,3.9,14.9,112.1,0.6,0.8,211,120.73,92.34,-4.6,0.962
00-0038797,Emanuel Wilson,RB,GB,2026,17,13.0,10.81,114.69,114.69,6,17,72.9,0.2,0.0,0.0,319.2,3.3,17.2,150.8,0.8,0.3,281,92.62,70.85,22.07,1.238
00-0040134,Pat Bryant,WR,DEN,2026,17,13.79,11.62,114.67,114.67,14,5,78.36,1.4,0.0,0.0,8.9,0.1,33.0,437.6,2.6,0.3,242,88.25,71.58,26.42,1.299
00-0033555,Mack Hollins,WR,NE,2026,17,13.79,10.55,113.1,113.1,6,14,70.2,2.2,0.0,0.0,4.9,0.1,33.1,434.1,2.4,0.0,231,92.53,75.05,20.57,1.222
00-0038619,Andrei Iosivas,WR,CIN,2026,17,13.79,11.15,112.69,112.69,11,2,73.88,1.4,0.0,0.0,3.6,0.1,32.1,431.6,2.6,0.2,337,62.2,50.45,50.49,1.812
00-0040202,Devin Neal,RB,NO,2026,17,13.0,11.11,112.07,112.07,6,2,73.26,0.2,0.0,0.0,319.6,1.8,21.2,186.9,0.6,0.5,363,77.35,59.16,34.72,1.449
00-0039373,Audric Estimé,RB,NO,2026,17,13.0,10.26,111.51,111.51,6,2,67.3,0.2,0.0,0.0,314.3,1.9,19.5,195.0,0.7,0.5,331,81.62,62.43,29.89,1.366
00-0039916,Ricky Pearsall,WR,SF,2026,17,13.79,10.75,109.24,109.24,6,11,69.08,1.4,0.0,0.0,5.2,0.1,32.1,409.7,2.5,0.3,184,115.86,93.97,-6.62,0.943
00-0040739,Elijah Arroyo,TE,SEA,2026,17,13.04,13.2,109.19,109.19,3,6,84.79,4.9,0.0,0.0,0.0,0.0,28.2,430.2,2.0,0.1,216,64.18,49.23,45.01,1.701
00-0036290,Cole Kmet,TE,CHI,2026,17,13.04,12.06,109.09,109.09,4,2,77.42,4.9,0.0,0.0,0.0,0.0,33.3,346.6,2.5,0.0,170,87.08,66.8,22.01,1.253
00-0040667,Matthew Golden,WR,GB,2026,17,13.79,11.97,108.59,108.59,2,1,76.43,1.4,0.0,0.0,9.0,0.1,32.5,415.2,2.2,0.2,147,141.25,114.57,-32.66,0.769
00-0040237,Tez Johnson,WR,TB,2026,17,13.79,12.15,108.41,108.41,7,3,77.46,1.4,0.0,0.0,18.7,0.1,29.8,415.7,2.4,0.2,272,77.49,62.85,30.92,1.399
00-0035662,Marquise Brown,WR,KC,2026,17,13.79,11.52,108.33,108.33,9,1,73.4,2.0,0.0,0.0,10.5,0.1,29.9,422.4,2.4,0.1,172,122.51,99.37,-14.18,0.884
00-0040234,Quinn Ewers,QB,MIA,2026,17,13.3,7.46,107.49,107.49,7,4,47.17,1307.1,7.7,5.9,83.1,1.4,0.0,0.0,0.0,2.1,633,97.72,76.44,9.77,1.1
00-0036550,Rashod Bateman,WR,BAL,2026,17,13.79,10.72,107.32,107.32,4,12,67.67,0.9,0.0,0.0,1.1,0.1,26.8,418.1,3.0,0.1,286,72.85,59.09,34.47,1.473
00-0039901,Keon Coleman,WR,BUF,2026,17,13.79,10.54,107.29,107.29,10,9,66.53,1.4,0.0,0.0,19.5,0.1,30.0,407.3,2.3,0.1,222,95.89,77.78,11.4,1.119
00-0036893,Najee Harris,RB,LAC,2026,17,13.0,8.54,106.6,106.6,3,4,53.56,0.2,0.0,0.0,347.0,2.0,19.5,116.3,0.8,0.8,298,88.25,67.5,18.35,1.208
00-0036972,Mac Jones,QB,SF,2026,17,13.3,5.59,105.65,105.65,6,11,34.74,1599.0,4.9,4.3,66.6,0.4,0.0,0.5,0.0,0.8,640,79.82,62.44,25.83,1.324
00-0033921,Chris Godwin Jr.,WR,TB,2026,17,13.79,10.75,105.32,105.32,7,3,66.61,1.4,0.0,0.0,13.6,0.1,29.5,390.8,2.6,0.3,175,121.37,98.44,-16.05,0.868
00-0034791,Nick Chubb,RB,HOU,2026,17,13.0,12.27,105.07,105.07,7,12,75.83,0.2,0.0,0.0,380.9,3.6,10.5,85.2,0.4,0.4,257,99.72,76.27,5.35,1.054
00-0040198,Ollie Gordon II,RB,MIA,2026,17,13.0,11.26,105.05,105.05,5,13,69.58,0.2,0.0,0.0,351.8,2.1,16.0,146.0,0.5,0.5,280,92.75,70.94,12.3,1.133
00-0038951,Sean Tucker,RB,TB,2026,17,13.0,12.03,104.15,104.15,5,14,73.68,0.2,0.0,0.0,284.4,2.9,17.4,138.8,0.5,0.2,233,110.4,84.45,-6.25,0.943
00-0037838,Isaiah Likely,TE,BAL,2026,17,13.04,12.93,103.53,103.53,4,12,78.74,4.9,0.0,0.0,0.3,0.0,26.0,318.8,3.5,0.0,119,132.96,102.0,-29.43,0.779
00-0039880,Malik Washington,WR,MIA,2026,17,13.79,12.07,102.99,102.99,7,4,73.15,2.0,0.0,0.0,23.3,0.1,30.1,357.0,2.6,0.3,145,143.8,116.64,-40.81,0.716
00-0034837,Calvin Ridley,WR,TEN,2026,17,13.79,9.63,102.9,102.9,1,5,58.3,2.7,0.0,0.0,9.3,0.1,29.1,401.6,2.2,0.2,221,95.95,77.83,6.95,1.072
00-0029604,Kirk Cousins,QB,ATL,2026,17,13.3,4.88,102.22,102.22,15,12,29.32,1314.1,8.7,3.2,6.4,0.1,0.0,0.0,0.0,1.3,637,88.42,69.16,13.8,1.156
00-0037197,Isiah Pacheco,RB,KC,2026,17,13.0,11.98,101.53,101.53,14,7,71.57,0.2,0.0,0.0,374.8,2.1,16.9,88.4,0.5,0.5,235,109.08,83.44,-7.55,0.931
00-0040782,Isaiah Bond,WR,CLE,2026,17,13.79,11.09,101.17,101.17,5,10,66.01,1.4,0.0,0.0,13.4,0.1,27.2,400.1,2.2,0.1,268,78.65,63.79,22.52,1.286
00-0039874,Jaylen Wright,RB,MIA,2026,17,13.0,10.89,101.07,101.07,5,13,64.75,0.2,0.0,0.0,332.1,2.1,14.9,142.4,0.5,0.4,244,105.37,80.6,-4.3,0.959
00-0039491,Jalen Coker,WR,CAR,2026,17,13.79,11.12,100.97,100.97,15,13,66.04,1.4,0.0,0.0,6.1,0.1,30.3,368.0,2.3,0.2,164,127.09,103.08,-26.12,0.794
00-0039144,Luke Musgrave,TE,GB,2026,17,13.04,12.97,100.92,100.92,2,1,76.98,4.9,0.0,0.0,0.0,0.0,35.9,291.6,2.0,0.0,171,86.88,66.65,14.04,1.162
00-0038976,Marvin Mims Jr.,WR,DEN,2026,17,13.79,12.25,100.85,100.85,14,5,72.65,2.0,0.0,0.0,27.0,0.1,29.3,357.5,2.3,0.3,283,74.07,60.08,26.78,1.362
00-0039410,Ryan Flournoy,WR,DAL,2026,17,13.79,12.1,99.62,99.62,2,4,70.92,1.4,0.0,0.0,9.8,0.1,28.7,351.2,2.7,0.2,154,135.53,109.93,-35.91,0.735
00-0039917,Michael Penix Jr.,QB,ATL,2026,17,13.3,7.51,99.39,99.39,15,12,43.93,1402.4,4.6,7.0,64.9,2.1,0.0,0.0,0.0,1.1,632,97.81,76.51,1.58,1.016
00-0037267,Jerome Ford,RB,CLE,2026,17,13.0,10.06,99.22,99.22,15,10,58.71,0.2,0.0,0.0,225.1,1.1,21.9,195.3,1.1,0.7,425,63.61,48.66,35.61,1.56
00-0038454,Keaton Mitchell,RB,BAL,2026,17,13.0,10.51,98.54,98.54,3,12,60.9,0.2,0.0,0.0,291.5,1.9,14.8,162.5,0.7,0.3,202,125.72,96.16,-27.18,0.784
00-0038579,Aidan O'Connell,QB,LV,2026,17,13.3,6.17,97.97,97.97,8,11,35.54,1145.1,9.0,6.4,79.7,0.4,0.0,0.0,0.0,1.4,638,87.13,68.16,10.84,1.124
00-0035689,Dawson Knox,TE,BUF,2026,17,13.04,12.66,97.87,97.87,10,9,72.87,4.9,0.0,0.0,0.0,0.0,25.7,308.2,3.1,0.2,181,81.12,62.23,16.75,1.206
00-0033858,Jonnu Smith,TE,PIT,2026,17,13.04,11.65,95.98,95.98,17,13,65.77,4.9,0.0,0.0,38.6,0.0,32.7,279.3,1.6,0.4,148,105.32,80.8,-9.34,0.911
00-0040704,Dillon Gabriel,QB,CLE,2026,17,13.3,5.34,95.46,95.46,5,10,29.98,1214.3,7.2,2.9,35.4,0.3,0.0,0.0,0.0,1.2,648,53.03,41.48,42.43,1.8
00-0036244,Colby Parkinson,TE,LA,2026,17,13.04,13.58,95.34,95.34,9,3,76.14,4.9,0.0,0.0,16.0,0.0,33.2,294.9,1.5,0.3,161,93.74,71.91,1.6,1.017
00-0038416,Tyson Bagent,QB,CHI,2026,17,13.3,4.89,95.22,95.22,4,2,27.39,1206.6,5.1,2.4,51.0,1.0,0.1,0.3,0.0,0.3,656,47.06,36.81,48.16,2.023
00-0039342,Xavier Legette,WR,CAR,2026,17,13.79,9.25,94.92,94.92,15,13,51.64,1.4,0.0,0.0,3.0,0.1,27.6,364.2,2.1,0.1,213,101.69,82.48,-6.77,0.933
00-0039794,Braelon Allen,RB,NYJ,2026,17,13.0,8.71,94.82,94.82,10,14,48.6,0.2,0.0,0.0,322.8,1.9,13.5,141.6,0.3,0.6,219,115.16,88.08,-20.34,0.823
00-0037837,Calvin Austin III,WR,PIT,2026,17,13.79,10.97,94.37,94.37,17,13,60.89,1.4,0.0,0.0,5.1,0.1,28.3,346.5,2.1,0.1,303,68.41,55.49,25.96,1.379
00-0040138,Jaylin Noel,WR,HOU,2026,17,13.79,11.7,94.16,94.16,14,9,64.79,1.0,0.0,0.0,11.3,0.1,27.5,354.5,2.0,0.2,266,78.96,64.05,15.2,1.193
00-0033885,David Njoku,TE,CLE,2026,17,13.04,11.24,94.1,94.1,5,10,62.23,4.9,0.0,0.0,0.0,0.0,27.6,371.8,1.3,0.6,183,80.29,61.6,13.81,1.172
00-0040727,Tre Harris,WR,LAC,2026,17,13.79,11.87,93.76,93.76,11,9,65.45,1.4,0.0,0.0,6.6,0.1,28.0,352.8,2.0,0.2,158,130.95,106.22,-37.19,0.716
00-0038393,Dontayvion Wicks,WR,GB,2026,17,13.79,10.96,93.74,93.74,2,1,60.43,1.4,0.0,0.0,5.6,0.1,28.1,344.8,2.1,0.1,205,105.52,85.58,-11.78,0.888
00-0036637,Noah Gray,TE,KC,2026,17,13.04,12.95,93.41,93.41,9,1,71.15,4.9,0.0,0.0,0.0,0.0,29.0,276.9,2.4,0.0,215,64.45,49.44,28.96,1.449
00-0035537,Ty Johnson,RB,BUF,2026,17,13.0,11.41,93.17,93.17,15,1,62.51,0.2,0.0,0.0,212.8,1.2,19.5,170.7,1.0,0.1,381,73.59,56.29,19.58,1.266
00-0037157,Bam Knight,RB,ARI,2026,17,13.0,11.15,92.9,92.9,4,2,60.93,0.2,0.0,0.0,268.6,1.4,18.0,142.8,0.6,0.1,238,107.56,82.27,-14.66,0.864
00-0040669,Isaac TeSlaa,WR,DET,2026,17,13.79,11.7,92.72,92.72,3,8,63.83,0.9,0.0,0.0,6.9,0.1,23.5,368.0,2.4,0.2,187,115.36,93.56,-22.64,0.804
00-0036988,Josh Palmer,WR,BUF,2026,17,13.79,10.75,91.77,91.77,10,9,58.03,1.4,0.0,0.0,5.1,0.1,27.9,338.7,2.0,0.1,343,62.08,50.36,29.69,1.478
00-0035250,Devin Singletary,RB,NYG,2026,17,13.0,10.77,91.41,91.41,1,14,57.9,0.2,0.0,0.0,284.0,1.6,16.9,121.5,0.6,0.4,375,75.74,57.94,15.67,1.207
00-0033110,Tyler Higbee,TE,LA,2026,17,13.04,12.02,91.19,91.19,9,3,64.46,4.9,0.0,0.0,0.0,0.0,27.3,285.6,2.4,0.3,195,74.48,57.14,16.71,1.224
00-0039066,Michael Mayer,TE,LV,2026,17,13.04,10.28,90.66,90.66,8,11,54.8,4.9,0.0,0.0,0.0,0.0,23.3,292.9,2.9,0.5,218,61.07,46.85,29.59,1.485
00-0039921,Trey Benson,RB,ARI,2026,17,13.0,11.54,90.63,90.63,4,2,61.54,0.2,0.0,0.0,243.2,1.5,17.1,151.2,0.8,0.4,359,77.88,59.57,12.75,1.164
00-0039356,Ja'Tavion Sanders,TE,CAR,2026,17,13.04,12.1,89.34,89.34,15,13,63.59,4.9,0.0,0.0,3.9,0.0,24.8,282.8,2.6,0.4,210,66.64,51.12,22.7,1.341
00-0040719,Bhayshul Tuten,RB,JAX,2026,17,13.0,11.08,89.23,89.23,11,6,58.15,0.2,0.0,0.0,265.3,1.6,15.8,137.8,0.5,0.4,173,140.6,107.55,-51.37,0.635
00-0037666,Jalen Tolbert,WR,DAL,2026,17,13.79,10.04,88.8,88.8,2,4,52.45,0.9,0.0,0.0,5.3,0.1,24.6,347.4,2.0,0.2,305,67.87,55.05,20.93,1.308
00-0033955,Jeremy McNichols,RB,WAS,2026,17,13.0,9.16,88.41,88.41,5,3,47.66,0.2,0.0,0.0,218.4,1.2,17.6,162.8,0.8,0.2,464,56.3,43.06,32.11,1.57
00-0040729,Jack Bech,WR,LV,2026,17,13.79,10.54,87.91,87.91,8,11,54.52,1.4,0.0,0.0,15.7,0.1,27.6,316.3,1.7,0.1,302,68.52,55.58,19.39,1.283
00-0033881,Evan Engram,TE,DEN,2026,17,13.04,7.28,87.74,87.74,14,5,37.55,4.9,0.0,0.0,0.0,0.0,23.5,325.8,2.2,1.2,193,76.05,58.34,11.69,1.154
00-0040648,Tory Horton,WR,SEA,2026,17,13.79,10.18,87.5,87.5,3,6,52.42,0.0,0.0,0.0,13.5,0.1,23.4,340.9,2.0,0.2,307,67.18,54.49,20.32,1.302
00-0037291,Jalen Nailor,WR,MIN,2026,17,13.79,11.43,87.34,87.34,17,8,58.74,1.4,0.0,0.0,7.3,0.1,24.7,323.3,2.1,0.2,168,124.37,100.87,-37.03,0.702
00-0038558,Darnell Washington,TE,PIT,2026,17,13.04,11.8,86.03,86.03,17,13,59.74,4.9,0.0,0.0,0.0,0.0,23.4,264.7,2.6,0.0,179,82.26,63.11,3.77,1.046
00-0034829,Mike Gesicki,TE,CIN,2026,17,13.04,13.2,85.65,85.65,11,2,66.53,4.9,0.0,0.0,0.2,0.0,26.8,246.1,2.3,0.0,176,85.12,65.3,0.53,1.006
00-0030564,DeAndre Hopkins,WR,BAL,2026,17,13.79,10.29,85.61,85.61,4,12,51.83,2.0,0.0,0.0,3.1,0.1,27.4,344.3,1.1,0.1,412,47.23,38.31,38.38,1.813
00-0039855,Jalen McMillan,WR,TB,2026,17,13.79,9.44,85.59,85.59,7,3,47.52,8.3,0.0,0.0,18.1,0.1,23.0,337.9,1.7,0.2,160,129.65,105.16,-44.06,0.66
00-0038551,Kendre Miller,RB,NO,2026,17,13.0,9.36,85.53,85.53,6,2,47.1,0.2,0.0,0.0,261.6,1.6,14.6,128.7,0.4,0.2,406,66.43,50.81,19.1,1.288
00-0038618,Xavier Hutchinson,WR,HOU,2026,17,13.79,10.97,85.15,85.15,14,9,54.95,1.4,0.0,0.0,12.6,0.1,22.8,315.8,2.2,0.1,324,64.27,52.13,20.88,1.325
00-0040131,Kyle Williams,WR,NE,2026,17,13.79,10.64,84.41,84.41,6,14,52.85,0.0,0.0,0.0,8.8,0.1,22.5,313.7,2.2,0.1,385,54.39,44.11,30.02,1.552
00-0038128,Malik Willis,QB,GB,2026,17,13.3,7.42,84.11,84.11,2,1,36.71,1066.4,6.0,4.2,67.2,0.5,0.9,4.1,0.0,1.6,245,201.0,157.23,-116.89,0.418
00-0037746,Brian Robinson,RB,SF,2026,17,13.0,11.29,84.11,84.11,13,5,55.85,0.2,0.0,0.0,226.1,1.6,19.1,110.4,0.4,0.2,232,110.58,84.58,-26.47,0.761
00-0039890,Adonai Mitchell,WR,NYJ,2026,17,13.79,9.12,83.88,83.88,1,17,44.99,1.4,0.0,0.0,15.4,0.1,24.8,304.9,1.8,0.2,156,131.9,106.98,-48.02,0.636
00-0038555,Tank Bigsby,RB,PHI,2026,17,13.0,8.3,83.51,83.51,9,15,40.78,0.2,0.0,0.0,331.9,1.9,8.4,89.1,0.4,0.3,208,121.86,93.21,-38.35,0.685
00-0040586,Jaydon Blue,RB,DAL,2026,17,13.0,8.38,83.2,83.2,1,13,40.99,0.2,0.0,0.0,301.4,2.2,10.0,99.9,0.3,0.5,224,114.09,87.27,-30.89,0.729
00-0033526,Samaje Perine,RB,CIN,2026,17,13.0,9.32,82.9,82.9,15,2,45.46,0.2,0.0,0.0,295.2,1.6,14.0,92.1,0.3,0.4,478,53.36,40.81,29.54,1.554
00-0036849,Tutu Atwell,WR,LA,2026,17,13.79,9.28,82.32,82.32,9,3,44.94,9.5,0.0,0.0,6.0,0.1,21.7,331.8,1.8,0.2,402,49.36,40.03,32.96,1.668
00-0033307,Kendrick Bourne,WR,SF,2026,17,13.79,9.2,81.8,81.8,6,11,44.25,1.4,0.0,0.0,8.1,0.1,24.3,312.8,1.7,0.3,427,44.69,36.25,37.11,1.83
00-0039875,Ray Davis,RB,BUF,2026,17,13.0,10.22,81.48,81.48,15,1,48.98,0.2,0.0,0.0,239.5,1.5,14.3,121.4,0.5,0.3,243,106.25,81.27,-24.77,0.767
00-0037005,Tommy Tremble,TE,CAR,2026,17,13.04,12.28,81.18,81.18,15,13,58.62,4.9,0.0,0.0,0.9,0.0,24.0,234.8,2.4,0.1,207,68.11,52.25,13.07,1.192
00-0040317,Jacoby Jones,WR,WAS,2026,17,13.79,7.72,80.75,80.75,13,16,36.67,63.7,0.0,0.0,13.0,0.1,19.7,289.3,2.1,0.2,304,68.0,55.16,12.75,1.188
00-0036265,AJ Dillon,RB,PHI,2026,17,13.0,6.89,80.73,80.73,9,15,32.73,0.2,0.0,0.0,315.2,1.6,8.8,88.2,0.6,0.3,414,65.4,50.02,15.33,1.234
00-0036980,Elijah Moore,WR,BUF,2026,17,13.79,9.99,80.46,80.46,10,9,47.28,4.3,0.0,0.0,11.3,0.1,24.5,302.3,1.5,0.1,403,49.1,39.83,31.36,1.639
00-0040737,Terrance Ferguson,TE,LA,2026,17,13.04,9.05,79.84,79.84,9,3,42.49,4.9,0.0,0.0,0.0,0.0,24.8,228.2,2.2,0.0,174,85.75,65.78,-5.91,0.931
00-0039164,Anthony Richardson,QB,IND,2026,17,13.3,6.5,79.52,79.52,4,7,30.39,1226.6,5.7,6.1,20.3,0.5,0.0,1.2,0.0,1.4,645,70.47,55.12,9.05,1.128
00-0028118,Tyrod Taylor,QB,NYJ,2026,17,13.3,4.72,78.89,78.89,1,17,21.9,935.4,5.7,3.5,55.4,0.9,0.4,0.6,0.0,1.5,643,74.74,58.46,4.15,1.056
00-0038705,Emari Demercado,RB,ARI,2026,17,13.0,10.54,78.74,78.74,4,2,48.82,0.2,0.0,0.0,223.8,1.2,15.3,115.7,0.7,0.2,405,66.62,50.96,12.12,1.182
00-0037801,KaVontae Turpin,WR,DAL,2026,17,13.79,10.33,78.71,78.71,2,4,47.85,1.0,0.0,0.0,14.6,0.1,23.7,276.7,1.8,0.2,371,57.89,46.95,20.82,1.36
00-0034975,Justice Hill,RB,BAL,2026,17,13.0,10.18,78.54,78.54,3,12,47.05,0.2,0.0,0.0,184.9,1.0,14.8,162.7,0.9,0.5,253,101.11,77.34,-22.57,0.777
00-0026158,Joe Flacco,QB,CIN,2026,17,13.3,7.03,78.46,78.46,11,2,32.46,1157.7,5.0,3.6,0.0,0.6,0.2,0.4,0.0,0.8,653,52.02,40.7,26.44,1.508
00-0030035,Adam Thielen,WR,PIT,2026,17,13.79,8.48,78.39,78.39,17,13,39.11,7.1,0.0,0.0,5.7,0.1,26.0,320.4,0.7,0.1,367,58.11,47.13,20.28,1.349
00-0031610,Darren Waller,TE,MIA,2026,17,13.04,9.99,78.38,78.38,7,4,46.04,4.9,0.0,0.0,7.1,0.0,22.8,201.6,3.0,0.9,212,65.96,50.6,12.42,1.188
00-0038547,Luke Schoonmaker,TE,DAL,2026,17,13.04,12.89,78.17,78.17,2,4,59.28,4.9,0.0,0.0,2.4,0.0,26.1,276.8,0.9,0.1,254,45.71,35.07,32.46,1.71
00-0035229,T.J. Hockenson,TE,MIN,2026,17,13.04,10.27,77.74,77.74,17,8,46.98,4.9,0.0,0.0,11.4,0.0,15.0,205.3,3.8,0.3,198,72.62,55.71,5.12,1.071
00-0038794,Jaleel McLaughlin,RB,DEN,2026,17,13.0,9.36,77.56,77.56,9,6,42.7,0.2,0.0,0.0,272.6,1.6,11.6,88.5,0.4,0.3,533,43.33,33.14,34.23,1.79
00-0040388,Jakobie Keeney-James,WR,GB,2026,17,13.79,7.21,77.54,77.54,2,1,32.87,0.6,0.0,0.0,0.0,0.1,21.7,287.2,2.0,0.1,312,66.57,53.99,10.97,1.165
00-0040584,Gunnar Helm,TE,TEN,2026,17,13.04,8.2,76.77,76.77,1,5,37.02,4.9,0.0,0.0,5.7,0.0,21.8,235.9,2.3,0.7,177,84.22,64.61,-7.45,0.912
00-0035208,Olamide Zaccheaus,WR,CHI,2026,17,13.79,8.95,76.17,76.17,4,2,40.12,2.0,0.0,0.0,19.8,0.1,21.8,283.6,1.6,0.1,419,46.21,37.48,29.96,1.648
00-0038440,Zavier Scott,RB,MIN,2026,17,13.0,9.29,75.71,75.71,13,3,41.36,0.2,0.0,0.0,189.9,1.0,15.2,139.8,0.8,0.6,531,43.65,33.39,32.06,1.734
00-0033699,Austin Ekeler,RB,WAS,2026,17,13.0,9.64,75.66,75.66,5,3,42.91,0.2,0.0,0.0,211.1,0.9,15.8,135.3,0.5,0.5,391,70.74,54.11,4.92,1.07
00-0036755,Jaret Patterson,RB,LAC,2026,17,13.0,9.0,75.57,75.57,3,4,39.98,0.2,0.0,0.0,280.0,2.1,9.3,67.3,0.3,0.4,563,35.13,26.87,40.44,2.151
00-0036626,Dyami Brown,WR,JAX,2026,17,13.79,9.72,75.53,75.53,17,6,43.2,1.4,0.0,0.0,4.8,0.1,22.9,272.7,1.7,0.1,380,55.61,45.1,19.92,1.358
00-0036898,Davis Mills,QB,HOU,2026,17,13.3,5.76,75.46,75.46,14,9,25.58,1160.7,4.2,5.2,52.6,0.6,0.1,2.0,0.0,1.5,642,78.89,61.71,-3.43,0.957
00-0040164,Jaylin Lane,WR,WAS,2026,17,13.79,10.62,75.35,75.35,13,16,47.08,0.8,0.0,0.0,7.9,0.1,20.3,283.6,1.9,0.2,398,51.36,41.66,23.99,1.467
00-0038104,Tyquan Thornton,WR,KC,2026,17,13.79,9.41,74.99,74.99,9,1,41.52,0.9,0.0,0.0,9.5,0.1,19.4,292.2,1.8,0.1,282,74.1,60.1,0.89,1.012
00-0039041,Elijah Higgins,TE,ARI,2026,17,13.04,12.01,74.67,74.67,15,7,52.73,4.9,0.0,0.0,0.0,0.0,24.6,200.9,2.1,0.2,220,60.69,46.56,13.98,1.23
00-0038979,Cedric Tillman,WR,CLE,2026,17,13.79,10.09,74.63,74.63,5,10,44.29,1.4,0.0,0.0,14.0,0.1,22.7,267.8,1.6,0.2,365,58.37,47.34,16.26,1.279
00-0037563,Malik Davis,RB,DAL,2026,17,13.0,9.69,74.1,74.1,1,13,42.25,0.2,0.0,0.0,251.8,1.8,10.2,77.6,0.6,0.3,394,70.38,53.83,3.72,1.053
00-0039074,Davis Allen,TE,LA,2026,17,13.04,11.21,73.57,73.57,9,3,48.52,4.9,0.0,0.0,6.9,0.0,23.1,206.4,2.0,0.2,217,63.71,48.87,9.86,1.155
00-0037741,Jahan Dotson,WR,PHI,2026,17,13.79,9.58,73.46,73.46,1,16,41.38,0.9,0.0,0.0,6.0,0.1,20.3,281.0,1.7,0.2,311,66.94,54.29,6.52,1.097
00-0036423,Albert Okwuegbunam,TE,LV,2026,17,13.04,8.64,73.06,73.06,8,11,37.14,4.9,0.0,0.0,0.0,0.0,17.7,296.3,1.4,0.2,265,43.86,33.65,29.2,1.666
00-0037012,Trey Lance,QB,LAC,2026,17,13.3,4.51,73.03,73.03,11,9,19.37,847.6,5.2,2.8,72.9,0.4,0.5,0.0,0.0,1.3,654,49.54,38.75,23.49,1.474
00-0035891,Cody White,WR,SEA,2026,17,13.79,6.56,72.98,72.98,3,6,28.18,8.4,0.0,0.0,7.0,0.1,17.7,289.9,1.9,0.1,462,38.38,31.13,34.6,1.902
00-0035993,Tyler Huntley,QB,BAL,2026,17,13.3,5.8,71.4,71.4,4,12,24.36,761.6,5.1,1.6,65.2,0.3,0.5,2.5,0.0,0.4,657,45.88,35.89,25.52,1.556
00-0035500,Greg Dortch,WR,ARI,2026,17,13.79,10.1,71.02,71.02,15,7,42.19,1.0,0.0,0.0,4.8,0.1,23.2,239.8,1.6,0.1,361,59.2,48.02,11.82,1.2
00-0036165,Isaiah Hodgins,WR,NYG,2026,17,13.79,7.3,70.99,70.99,5,7,30.46,3.1,0.0,0.0,3.7,0.1,19.0,293.9,1.4,0.1,467,36.7,29.77,34.29,1.934
00-0039405,Jawhar Jordan,RB,HOU,2026,17,13.0,8.55,70.59,70.59,7,12,35.5,0.2,0.0,0.0,218.8,1.2,10.1,118.2,0.6,0.3,377,74.8,57.21,-4.21,0.944
00-0032385,Sterling Shepard,WR,TB,2026,17,13.79,9.2,70.59,70.59,7,3,38.2,2.8,0.0,0.0,25.1,0.1,21.4,246.0,1.4,0.2,459,39.08,31.7,31.51,1.806
00-0039451,Isaiah Williams,WR,NYJ,2026,17,13.79,9.72,70.12,70.12,1,17,40.08,1.3,0.0,0.0,9.5,0.1,21.8,243.8,1.6,0.0,453,39.59,32.11,30.53,1.771
00-0040238,LeQuint Allen Jr.,RB,JAX,2026,17,13.0,8.55,70.02,70.02,11,6,35.2,0.2,0.0,0.0,202.3,1.4,10.6,124.0,0.5,0.4,439,60.77,46.48,9.25,1.152
00-0034775,Christian Kirk,WR,HOU,2026,17,13.79,9.35,69.93,69.93,14,9,38.45,1.4,0.0,0.0,4.7,0.1,20.3,246.9,1.8,0.0,261,80.51,65.3,-10.58,0.869
00-0033857,JuJu Smith-Schuster,WR,KC,2026,17,13.79,9.72,69.74,69.74,9,1,39.86,2.0,0.0,0.0,14.8,0.1,20.0,253.7,1.6,0.2,438,42.31,34.32,27.43,1.648
00-0036328,Antonio Gibson,RB,NE,2026,17,13.0,8.1,69.64,69.64,4,1,33.2,0.2,0.0,0.0,235.9,1.4,10.3,86.9,0.5,0.4,452,58.63,44.85,11.01,1.188
00-0036906,Khalil Herbert,RB,NYJ,2026,17,13.0,7.55,69.57,69.57,10,14,30.91,0.2,0.0,0.0,226.5,1.2,10.5,108.6,0.4,0.4,526,45.41,34.73,24.16,1.532
00-0040644,Trevor Etienne,RB,CAR,2026,17,13.0,7.96,69.31,69.31,15,17,32.45,0.2,0.0,0.0,250.2,1.6,7.9,84.9,0.5,0.3,554,38.55,29.48,30.76,1.798
00-0038685,Chris Brooks,RB,GB,2026,17,13.0,9.55,69.1,69.1,6,17,38.8,0.2,0.0,0.0,135.3,1.2,13.0,136.6,0.9,0.2,411,65.79,50.32,3.31,1.05
00-0032775,Demarcus Robinson,WR,SF,2026,17,13.79,9.31,68.3,68.3,6,11,37.42,1.4,0.0,0.0,7.5,0.1,22.7,235.0,1.3,0.1,397,51.49,41.76,16.81,1.326
00-0031687,Raheem Mostert,RB,LV,2026,17,13.0,8.2,68.25,68.25,6,10,32.9,0.2,0.0,0.0,216.7,1.3,12.3,96.6,0.3,0.6,568,31.87,24.38,36.38,2.142
00-0040142,Kaleb Johnson,RB,PIT,2026,17,13.0,7.21,68.0,68.0,3,13,28.85,0.2,0.0,0.0,242.3,1.6,7.8,88.8,0.3,0.4,551,39.96,30.57,28.04,1.702
00-0035644,Noah Fant,TE,CIN,2026,17,13.04,10.6,67.92,67.92,11,2,42.33,4.9,0.0,0.0,0.0,0.0,20.8,184.8,2.1,0.3,188,78.32,60.09,-10.4,0.867
00-0036628,John Bates,TE,WAS,2026,17,13.04,10.09,67.77,67.77,13,16,40.24,4.9,0.0,0.0,0.0,0.0,23.2,210.3,1.2,0.0,250,47.56,36.49,20.21,1.425
00-0038046,Charlie Kolar,TE,BAL,2026,17,13.04,10.56,67.67,67.67,4,12,42.04,4.9,0.0,0.0,1.8,0.0,18.3,175.9,2.6,0.1,225,59.1,45.34,8.57,1.145
00-0037805,Jeremy Ruckert,TE,NYJ,2026,17,13.04,7.07,67.49,67.49,1,17,28.08,4.9,0.0,0.0,0.0,0.0,18.0,247.5,1.5,0.2,248,48.72,37.38,18.77,1.385
00-0040206,Riley Leonard,QB,IND,2026,17,13.3,7.91,67.44,67.44,4,7,31.39,863.6,3.7,3.3,63.2,0.8,0.0,0.0,0.0,0.6,590,118.97,93.07,-51.53,0.567
00-0033662,Cooper Rush,QB,BAL,2026,17,13.3,4.72,67.28,67.28,4,12,18.68,823.4,6.2,4.9,40.1,0.3,0.0,0.0,0.0,0.7,655,49.43,38.66,17.85,1.361
00-0039359,Cade Stover,TE,HOU,2026,17,13.04,8.62,66.42,66.42,14,9,33.67,4.9,0.0,0.0,0.0,0.0,21.8,202.9,1.4,0.1,259,45.21,34.68,21.21,1.469
00-0037252,Greg Dulcich,TE,MIA,2026,17,13.04,9.64,65.61,65.61,7,4,37.19,4.9,0.0,0.0,0.0,0.0,18.7,217.4,1.7,0.5,163,92.0,70.58,-26.39,0.713
00-0032104,Ameer Abdullah,RB,IND,2026,17,13.0,7.49,65.28,65.28,12,3,28.76,0.2,0.0,0.0,188.8,0.7,11.7,126.0,0.5,0.2,557,37.86,28.96,27.42,1.724
00-0040581,Dont'e Thornton Jr.,WR,LV,2026,17,13.79,8.82,64.45,64.45,8,11,33.42,0.0,0.0,0.0,13.4,0.1,18.7,244.5,1.2,0.1,301,68.52,55.58,-4.07,0.941
00-0036924,Michael Carter,RB,ARI,2026,17,13.0,9.31,64.21,64.21,4,2,35.17,0.2,0.0,0.0,154.9,0.2,16.6,128.2,0.5,0.0,413,65.6,50.18,-1.39,0.979
00-0037276,Ty Chandler,RB,MIN,2026,17,13.0,7.17,64.03,64.03,13,3,26.99,0.2,0.0,0.0,198.7,1.0,10.5,102.8,0.5,0.5,484,52.06,39.82,11.97,1.23
00-0036196,Gabe Davis,WR,BUF,2026,17,13.79,8.23,64.0,64.0,10,9,31.0,0.0,0.0,0.0,10.0,0.1,19.6,238.5,1.2,0.0,392,52.01,42.19,11.99,1.231
00-0032211,Tyler Lockett,WR,LV,2026,17,13.79,7.7,63.96,63.96,8,11,28.96,2.2,0.0,0.0,5.7,0.1,22.0,242.5,0.7,0.0,390,52.65,42.7,11.31,1.215
00-0040590,Konata Mumpfield,WR,LA,2026,17,13.79,8.85,63.64,63.64,9,3,33.14,0.0,0.0,0.0,9.9,0.1,18.4,236.9,1.4,0.2,336,62.46,50.66,1.18,1.019
00-0034407,Ray-Ray McCloud,WR,ATL,2026,17,13.79,7.46,63.43,63.43,15,12,27.85,0.0,0.0,0.0,2.7,0.1,18.2,234.1,1.6,0.1,395,51.57,41.83,11.86,1.23
00-0039739,Roman Wilson,WR,PIT,2026,17,13.79,9.09,63.4,63.4,17,13,33.89,0.0,0.0,0.0,6.0,0.1,18.6,243.7,1.3,0.1,476,35.13,28.49,28.27,1.805
00-0040547,Nate Carter,RB,ATL,2026,17,13.0,7.22,63.36,63.36,9,5,26.92,0.2,0.0,0.0,183.6,1.2,11.6,93.0,0.4,0.2,561,36.21,27.7,27.15,1.75
00-0033869,Mitchell Trubisky,QB,BUF,2026,17,13.3,5.93,63.2,63.2,10,9,22.04,802.3,4.6,2.9,24.5,0.5,0.2,0.0,0.0,0.6,644,71.41,55.86,-8.21,0.885
00-0039376,Spencer Rattler,QB,NO,2026,17,13.3,5.0,63.09,63.09,10,5,18.55,714.5,4.4,4.1,93.2,0.6,0.2,2.3,0.0,1.0,649,52.76,41.27,10.33,1.196
00-0032464,Kalif Raymond,WR,DET,2026,17,13.79,9.45,62.97,62.97,3,8,34.99,1.4,0.0,0.0,4.3,0.1,19.6,235.8,1.2,0.2,548,23.02,18.67,39.95,2.735
00-0039424,Devaughn Vele,WR,NO,2026,17,13.79,9.82,62.9,62.9,10,5,36.33,1.4,0.0,0.0,2.0,0.1,18.3,240.6,1.3,0.1,351,60.3,48.91,2.6,1.043
00-0040218,Jimmy Horn Jr.,WR,CAR,2026,17,13.79,8.98,62.52,62.52,15,13,33.01,10.0,0.0,0.0,14.8,0.1,19.0,220.5,1.3,0.1,466,36.71,29.78,25.81,1.703
00-0038679,Tyrell Shavers,WR,BUF,2026,17,13.79,8.7,62.49,62.49,10,9,31.99,0.1,0.0,0.0,2.5,0.1,16.3,250.0,1.5,0.1,516,28.76,23.32,33.73,2.173
00-0035249,Josh Oliver,TE,MIN,2026,17,13.04,10.07,61.46,61.46,17,8,36.41,4.9,0.0,0.0,0.0,0.0,20.4,171.1,1.6,0.1,262,44.45,34.1,17.01,1.383
00-0038738,Hunter Luepke,RB,DAL,2026,17,13.0,8.24,60.79,60.79,1,13,29.45,0.2,0.0,0.0,127.4,1.0,11.9,115.1,0.8,0.2,569,31.33,23.96,29.46,1.94
00-0040646,Jalen Royals,WR,KC,2026,17,13.79,7.18,60.63,60.63,9,1,25.59,0.0,0.0,0.0,8.9,0.1,17.9,229.1,1.2,0.1,372,57.75,46.84,2.88,1.05
00-0035100,Jake Browning,QB,CIN,2026,17,13.3,3.96,60.48,60.48,11,2,14.09,879.4,3.3,0.2,0.2,0.0,0.2,0.0,0.0,0.7,636,89.68,70.15,-29.2,0.674
00-0039751,Jordan Whittington,WR,LA,2026,17,13.79,8.83,60.35,60.35,9,3,31.34,1.4,0.0,0.0,6.4,0.1,18.7,225.0,1.1,0.2,426,44.74,36.29,15.61,1.349
00-0040194,Jackson Hawes,TE,BUF,2026,17,13.04,9.63,60.13,60.13,10,9,34.05,4.9,0.0,0.0,0.0,0.0,15.6,168.4,2.2,0.1,255,45.6,34.98,14.53,1.319
00-0037112,Jake Tonges,TE,SF,2026,17,13.04,7.73,59.67,59.67,6,11,27.12,4.9,0.0,0.0,0.0,0.0,19.0,151.6,2.0,0.4,157,95.56,73.31,-35.89,0.624
00-0033357,Taysom Hill,TE,NO,2026,17,13.04,10.33,59.37,59.37,10,5,36.08,4.9,0.0,0.0,64.3,0.0,21.4,122.5,1.2,1.2,300,33.13,25.42,26.24,1.792
00-0038040,Zamir White,RB,LV,2026,17,13.0,6.87,59.31,59.31,6,10,23.98,0.2,0.0,0.0,188.4,1.1,9.9,81.5,0.4,0.3,541,42.4,32.43,16.91,1.399
00-0034613,Tanner Hudson,TE,CIN,2026,17,13.04,8.0,59.26,59.26,11,2,27.89,4.9,0.0,0.0,6.2,0.0,20.6,160.7,1.3,0.0,200,71.78,55.07,-12.52,0.826
00-0040179,DJ Giddens,RB,IND,2026,17,13.0,6.3,58.97,58.97,12,3,21.86,0.2,0.0,0.0,203.9,1.4,6.8,93.5,0.2,0.4,389,71.55,54.73,-12.58,0.824
00-0036415,Van Jefferson,WR,TEN,2026,17,13.79,8.99,58.41,58.41,1,5,30.89,1.4,0.0,0.0,11.7,0.1,15.9,206.7,1.5,0.1,461,38.58,31.29,19.83,1.514
00-0040241,Dominic Lovett,WR,DET,2026,17,13.79,7.27,58.34,58.34,3,8,24.96,35.6,0.0,0.0,13.3,0.1,16.0,210.9,1.2,0.1,420,45.69,37.06,12.65,1.277
00-0039021,Roschon Johnson,RB,CHI,2026,17,13.0,8.07,58.01,58.01,1,8,27.54,0.2,0.0,0.0,192.2,0.8,11.0,84.6,0.2,0.1,509,48.0,36.72,10.01,1.209
00-0038720,Julian Hill,TE,MIA,2026,17,13.04,8.33,57.96,57.96,7,4,28.38,4.9,0.0,0.0,0.1,0.0,17.9,187.2,1.3,0.4,260,45.18,34.66,12.78,1.283
00-0040398,Brady Cook,QB,NYJ,2026,17,13.3,4.27,57.78,57.78,1,17,14.52,949.2,2.5,5.0,34.2,1.0,0.0,0.0,0.0,1.3,641,79.47,62.16,-21.69,0.727
00-0039355,Luke McCaffrey,WR,WAS,2026,17,13.79,7.7,57.76,57.76,13,16,26.17,8.0,0.0,0.0,7.2,0.1,13.7,212.9,1.8,0.1,416,46.7,37.88,11.06,1.237
00-0038839,Mitchell Tinsley,WR,CIN,2026,17,13.79,8.48,57.48,57.48,11,2,28.66,0.0,0.0,0.0,8.7,0.1,17.0,220.5,1.1,0.1,488,32.94,26.71,24.54,1.745
00-0036842,Kene Nwangwu,RB,NYJ,2026,17,13.0,7.23,57.47,57.47,10,14,24.43,0.2,0.0,0.0,187.2,1.3,7.2,88.5,0.3,0.3,625,12.63,9.66,44.84,4.55
00-0040009,Savion Williams,WR,GB,2026,17,13.79,8.84,57.47,57.47,2,1,29.88,9.5,0.0,0.0,10.1,0.1,18.8,192.7,1.1,0.1,421,45.69,37.06,11.78,1.258
00-0035243,Miles Sanders,RB,DAL,2026,17,13.0,8.29,57.35,57.35,1,13,27.97,0.2,0.0,0.0,147.1,1.0,10.4,98.9,0.6,0.2,445,59.84,45.77,-2.49,0.958
00-0033943,Josh Reynolds,WR,NYJ,2026,17,13.79,6.54,57.14,57.14,1,17,21.98,6.3,0.0,0.0,8.5,0.1,18.0,225.2,0.7,0.1,529,25.59,20.76,31.55,2.233
00-0040466,Raheim Sanders,RB,CLE,2026,17,13.0,6.12,57.0,57.0,15,10,20.53,0.2,0.0,0.0,149.6,1.1,8.8,115.9,0.5,0.5,388,71.92,55.01,-14.92,0.793
00-0040187,Mitchell Evans,TE,CAR,2026,17,13.04,9.8,56.79,56.79,15,13,32.72,4.9,0.0,0.0,2.6,0.0,15.5,150.8,2.0,0.0,230,57.02,43.74,-0.23,0.996
00-0040432,Beaux Collins,WR,NYG,2026,17,13.79,8.2,56.72,56.72,5,7,27.34,3.4,0.0,0.0,7.3,0.1,16.4,212.8,1.2,0.1,430,44.45,36.05,12.27,1.276
00-0040673,Jalen Milroe,QB,SEA,2026,17,13.3,7.94,56.54,56.54,3,6,26.4,875.1,0.4,5.0,132.0,1.0,0.2,1.0,0.0,1.2,635,96.41,75.42,-39.87,0.586
00-0039299,George Holani,RB,SEA,2026,17,13.0,7.3,56.38,56.38,14,15,24.21,0.2,0.0,0.0,169.3,1.1,8.2,85.9,0.5,0.1,323,83.3,63.72,-26.92,0.677
00-0036414,Cam Akers,RB,MIN,2026,17,13.0,7.48,56.08,56.08,13,3,24.69,0.2,0.0,0.0,175.9,0.7,10.1,92.8,0.4,0.4,494,50.41,38.55,5.67,1.112
00-0034270,Tyler Conklin,TE,LAC,2026,17,13.04,10.39,55.57,55.57,11,9,33.96,4.9,0.0,0.0,5.7,0.0,15.6,126.5,2.3,0.1,279,38.65,29.65,16.92,1.438
00-0038115,Daniel Bellinger,TE,NYG,2026,17,13.04,9.02,54.92,54.92,5,7,29.13,4.9,0.0,0.0,7.1,0.0,16.4,169.9,1.3,0.3,236,53.49,41.03,1.43,1.027
00-0034521,Allen Lazard,WR,NYJ,2026,17,13.79,7.07,54.81,54.81,1,17,22.78,2.6,0.0,0.0,5.2,0.1,16.4,210.6,1.0,0.1,560,17.94,14.55,36.87,3.055
00-0040154,Tai Felton,WR,MIN,2026,17,13.79,8.18,54.77,54.77,17,8,26.36,15.3,0.0,0.0,8.6,0.1,15.6,202.3,1.1,0.1,479,34.62,28.08,20.15,1.582
00-0033282,Curtis Samuel,WR,BUF,2026,17,13.79,7.97,54.22,54.22,10,9,25.41,5.2,0.0,0.0,2.3,0.1,17.3,207.1,0.9,0.1,457,39.13,31.74,15.09,1.386
00-0039363,Isaac Guerendo,RB,SF,2026,17,13.0,7.86,53.8,53.8,13,5,24.89,0.2,0.0,0.0,177.1,0.6,10.9,76.0,0.3,0.1,490,51.35,39.28,2.45,1.048
00-0039746,Will Shipley,RB,PHI,2026,17,13.0,7.82,53.66,53.66,9,15,24.67,0.2,0.0,0.0,136.8,0.8,9.6,104.6,0.5,0.1,528,44.11,33.74,9.55,1.217
00-0040259,Gage Larvadain,WR,CLE,2026,17,13.79,8.28,53.35,53.35,5,10,25.98,0.0,0.0,0.0,10.8,0.1,16.0,192.9,1.1,0.1,460,38.9,31.55,14.45,1.371
00-0031503,Jameis Winston,QB,NYG,2026,17,13.3,6.01,53.2,53.2,5,7,18.82,924.4,3.8,6.5,25.7,0.5,0.0,0.0,0.0,1.5,646,70.35,55.03,-17.15,0.756
00-0040039,Amar Johnson,RB,LAC,2026,17,13.0,6.77,52.75,52.75,3,4,20.99,0.2,0.0,0.0,174.4,1.1,8.4,64.6,0.3,0.3,580,25.28,19.34,27.47,2.087
00-0036422,Adam Trautman,TE,DEN,2026,17,13.04,9.23,52.65,52.65,14,5,28.59,4.9,0.0,0.0,5.3,0.0,16.3,183.1,0.8,0.0,258,45.33,34.77,7.32,1.161
00-0040494,Max Brosmer,QB,MIN,2026,17,13.3,3.99,52.49,52.49,17,8,12.33,781.7,3.6,5.7,63.5,0.4,0.0,0.0,0.0,1.1,674,26.73,20.91,25.76,1.964
00-0040311,Theo Wease Jr.,WR,MIA,2026,17,13.79,8.15,52.47,52.47,7,4,25.15,4.6,0.0,0.0,17.4,0.1,14.8,189.1,1.1,0.2,366,58.16,47.18,-5.69,0.902
00-0036182,Nick Westbrook-Ikhine,WR,MIA,2026,17,13.79,6.73,52.29,52.29,7,4,20.7,6.1,0.0,0.0,6.0,0.1,13.2,190.5,1.5,0.1,473,35.55,28.83,16.74,1.471
00-0037594,Julius Chestnut,RB,TEN,2026,17,13.0,6.61,52.11,52.11,3,5,20.27,0.2,0.0,0.0,176.8,0.9,7.2,89.5,0.2,0.3,581,24.91,19.06,27.2,2.092
00-0037614,John Metchie III,WR,NYJ,2026,17,13.79,7.3,51.91,51.91,1,17,22.28,2.0,0.0,0.0,10.7,0.1,18.0,161.6,1.1,0.1,456,39.18,31.78,12.73,1.325
00-0029892,Kyle Juszczyk,RB,SF,2026,17,13.0,10.14,51.83,51.83,13,5,30.92,0.2,0.0,0.0,32.8,0.0,16.4,160.2,0.7,0.1,584,24.32,18.6,27.51,2.131
00-0040075,LaJohntay Wester,WR,BAL,2026,17,13.79,7.42,51.63,51.63,4,12,22.52,35.6,0.0,0.0,12.2,0.1,14.3,174.4,1.2,0.1,506,30.23,24.52,21.4,1.708
00-0037617,Hassan Haskins,RB,LAC,2026,17,13.0,7.46,51.63,51.63,3,4,22.66,0.2,0.0,0.0,188.4,1.2,7.1,54.5,0.2,0.3,601,20.21,15.46,31.42,2.555
00-0040277,Jahdae Walker,WR,CHI,2026,17,13.79,8.06,51.51,51.51,4,2,24.42,13.9,0.0,0.0,10.7,0.1,15.3,176.5,1.2,0.2,348,61.15,49.6,-9.64,0.842
00-0039757,Terrell Jennings,RB,NE,2026,17,13.0,6.31,51.46,51.46,4,1,19.11,0.2,0.0,0.0,171.2,1.2,6.6,74.3,0.3,0.3,571,30.19,23.09,21.27,1.705
00-0040024,Darius Cooper,WR,PHI,2026,17,13.79,8.15,51.13,51.13,1,16,24.52,0.0,0.0,0.0,4.2,0.1,14.9,198.2,1.0,0.1,400,49.81,40.4,1.32,1.027
00-0034577,Kyle Allen,QB,DET,2026,17,13.3,4.36,51.08,51.08,3,8,13.11,567.7,4.0,3.9,73.2,0.5,0.0,1.7,0.0,1.0,660,45.24,35.39,5.84,1.129
00-0036427,Tyler Johnson,WR,NYJ,2026,17,13.79,8.1,50.84,50.84,1,17,24.23,0.0,0.0,0.0,6.5,0.1,14.8,176.5,1.3,0.0,550,21.57,17.5,29.27,2.357
00-0040628,Drake Dabney,TE,GB,2026,17,13.04,7.74,50.82,50.82,2,1,23.13,4.9,0.0,0.0,0.1,0.0,18.6,148.9,0.8,0.1,346,25.63,19.66,25.19,1.983
00-0040563,Efton Chism III,WR,NE,2026,17,13.79,8.06,50.79,50.79,6,14,24.08,11.2,0.0,0.0,5.1,0.1,15.2,176.5,1.2,0.1,475,35.17,28.52,15.62,1.444
00-0032392,Austin Hooper,TE,NE,2026,17,13.04,8.16,50.72,50.72,6,14,24.33,4.9,0.0,0.0,0.0,0.0,16.3,110.4,1.8,0.0,199,72.27,55.44,-21.55,0.702
00-0040205,Kalel Mullings,RB,TEN,2026,17,13.0,5.0,50.34,50.34,3,5,14.82,0.2,0.0,0.0,167.0,0.5,7.9,94.0,0.3,0.3,588,22.56,17.25,27.78,2.231
00-0035264,Jarrett Stidham,QB,DEN,2026,17,13.3,4.93,49.91,49.91,14,5,14.46,528.4,3.7,1.5,39.7,0.3,0.5,1.6,0.0,0.3,639,84.59,66.17,-34.68,0.59
00-0033591,Noah Brown,WR,WAS,2026,17,13.79,7.54,49.86,49.86,13,16,22.1,0.0,0.0,0.0,2.5,0.1,14.7,193.4,1.0,0.1,447,41.19,33.41,8.67,1.21
00-0033576,Eric Saubert,TE,SEA,2026,17,13.04,5.11,49.81,49.81,3,6,14.98,4.9,0.0,0.0,9.4,0.0,18.0,166.6,0.4,0.1,399,14.96,11.48,34.85,3.33
00-0038783,Nate Adkins,TE,DEN,2026,17,13.04,7.24,49.66,49.66,14,5,21.16,4.9,0.0,0.0,0.9,0.0,12.9,196.5,0.8,0.0,287,37.06,28.43,12.6,1.34
00-0040172,Jordan Watkins,WR,SF,2026,17,13.79,7.79,49.29,49.29,6,11,22.59,16.9,0.0,0.0,7.0,0.1,14.5,174.2,1.1,0.1,434,43.16,35.01,6.13,1.142
00-0040208,Tahj Brooks,RB,CIN,2026,17,13.0,6.04,49.02,49.02,15,2,17.41,0.2,0.0,0.0,172.7,1.0,7.2,60.9,0.2,0.2,502,49.37,37.76,-0.35,0.993
00-0038359,Xavier Smith,WR,LA,2026,17,13.79,7.49,48.96,48.96,9,3,21.58,0.0,0.0,0.0,5.4,0.1,11.5,198.9,1.3,0.1,525,27.27,22.12,21.69,1.795
00-0034365,Ian Thomas,TE,LV,2026,17,13.04,6.93,48.47,48.47,8,11,19.77,4.9,0.0,0.0,0.0,0.0,14.2,169.7,0.9,0.0,360,23.49,18.02,24.98,2.063
00-0038938,Jalin Hyatt,WR,NYG,2026,17,13.79,6.89,48.21,48.21,5,7,19.55,6.3,0.0,0.0,5.1,0.1,14.5,174.3,1.0,0.0,472,35.58,28.86,12.63,1.355
00-0040534,Ke'Shawn Williams,WR,CIN,2026,17,13.79,6.75,48.15,48.15,11,2,19.11,55.4,0.0,0.0,15.5,0.1,12.8,158.6,1.1,0.1,431,44.28,35.92,3.87,1.087
00-0040352,Coleman Owen,WR,IND,2026,17,13.79,6.33,47.85,47.85,4,7,17.83,35.6,0.0,0.0,17.2,0.1,12.5,164.8,1.1,0.1,440,42.12,34.16,5.73,1.136
00-0033375,Tim Patrick,WR,JAX,2026,17,13.79,7.27,47.82,47.82,17,6,20.44,0.6,0.0,0.0,2.9,0.1,13.9,165.4,1.3,0.0,539,24.05,19.51,23.77,1.988
00-0039796,Rasheen Ali,RB,BAL,2026,17,13.0,8.37,47.66,47.66,3,12,23.48,0.2,0.0,0.0,102.4,1.0,7.3,101.2,0.5,0.2,451,58.67,44.87,-11.01,0.812
00-0039062,Jonathan Mingo,WR,DAL,2026,17,13.79,6.98,47.65,47.65,2,4,19.56,18.4,0.0,0.0,5.9,0.1,14.0,165.4,1.1,0.1,454,39.4,31.96,8.25,1.209
00-0038740,Jalen Moreno-Cropper,WR,DAL,2026,17,13.79,6.48,47.63,47.63,2,4,18.16,35.6,0.0,0.0,11.1,0.1,12.6,163.1,1.2,0.2,448,40.89,33.16,6.74,1.165
00-0038397,Evan Hull,RB,NO,2026,17,13.0,6.13,47.48,47.48,6,2,17.13,0.2,0.0,0.0,141.9,0.8,7.3,86.8,0.3,0.2,576,28.98,22.16,18.5,1.638
00-0040431,Dalen Cambre,WR,NYG,2026,17,13.79,6.31,47.31,47.31,5,7,17.56,35.6,0.0,0.0,12.8,0.1,12.5,164.8,1.1,0.1,458,39.1,31.71,8.21,1.21
00-0034771,Mason Rudolph,QB,PIT,2026,17,13.3,4.44,47.17,47.17,17,13,12.32,801.5,2.5,2.1,0.0,0.1,0.0,0.0,0.0,0.8,672,32.09,25.1,15.08,1.47
00-0036754,Brock Wright,TE,DET,2026,17,13.04,9.42,46.85,46.85,3,8,25.97,4.9,0.0,0.0,0.0,0.0,13.4,144.7,1.3,0.2,246,49.16,37.72,-2.31,0.953
00-0040184,KeAndre Lambert-Smith,WR,LAC,2026,17,13.79,8.22,46.83,46.83,11,9,22.63,0.0,0.0,0.0,4.3,0.1,13.9,162.3,1.2,0.1,486,33.09,26.84,13.74,1.415
00-0032398,Chris Moore,WR,WAS,2026,17,13.79,7.3,46.82,46.82,13,16,20.1,0.0,0.0,0.0,3.9,0.1,13.0,177.9,1.0,0.0,553,20.05,16.26,26.77,2.335
00-0038519,Nikko Remigio,WR,KC,2026,17,13.79,6.69,46.38,46.38,9,1,18.25,81.5,0.0,0.0,10.9,0.1,12.2,149.2,1.0,0.1,536,24.34,19.74,22.04,1.906
00-0039407,Dylan Laube,RB,LV,2026,17,13.0,7.5,46.2,46.2,6,10,20.38,0.2,0.0,0.0,111.9,1.2,8.5,71.3,0.3,0.2,615,16.31,12.47,29.89,2.833
00-0040582,Arian Smith,WR,NYJ,2026,17,13.79,7.93,46.03,46.03,1,17,21.47,3.7,0.0,0.0,12.4,0.1,13.7,159.3,1.0,0.1,468,36.53,29.63,9.5,1.26
00-0038496,Xavier Gipson,WR,PHI,2026,17,13.79,7.28,45.72,45.72,1,16,19.57,0.0,0.0,0.0,9.5,0.1,13.8,162.4,0.9,0.1,432,43.52,35.3,2.2,1.051
00-0038728,Jared Wayne,WR,HOU,2026,17,13.79,6.28,45.6,45.6,14,9,16.85,7.4,0.0,0.0,4.9,0.1,12.5,168.5,1.1,0.1,386,54.3,44.05,-8.7,0.84
00-0039792,Devontez Walker,WR,BAL,2026,17,13.79,6.32,45.51,45.51,4,12,16.92,10.7,0.0,0.0,6.7,0.1,12.5,173.9,0.9,0.1,437,42.38,34.38,3.13,1.074
00-0038953,Dylan Drummond,WR,ATL,2026,17,13.79,7.39,45.3,45.3,15,12,19.7,5.8,0.0,0.0,2.6,0.1,13.0,169.9,1.0,0.2,455,39.35,31.92,5.95,1.151
00-0037086,Grant Calcaterra,TE,PHI,2026,17,13.04,10.28,45.23,45.23,1,16,27.34,4.9,0.0,0.0,0.1,0.0,14.2,151.8,0.8,0.0,296,34.12,26.18,11.11,1.326
00-0037231,Kevin Austin Jr.,WR,NO,2026,17,13.79,7.02,45.04,45.04,10,5,18.6,0.0,0.0,0.0,9.0,0.1,13.2,180.2,0.7,0.0,449,40.24,32.64,4.8,1.119
00-0033589,David Moore,WR,CAR,2026,17,13.79,6.6,44.97,44.97,15,13,17.47,53.4,0.0,0.0,9.6,0.1,13.3,157.3,0.7,0.1,465,37.27,30.23,7.7,1.207
00-0040629,Dalevon Campbell,WR,CAR,2026,17,13.79,6.7,44.94,44.94,15,13,17.7,17.6,0.0,0.0,8.9,0.1,12.3,158.6,1.1,0.1,401,49.43,40.09,-4.49,0.909
00-0039920,Malachi Corley,WR,CLE,2026,17,13.79,7.78,44.9,44.9,5,10,20.55,14.2,0.0,0.0,18.0,0.1,14.7,144.2,0.7,0.0,542,23.79,19.3,21.11,1.887
00-0040406,Quentin Skinner,WR,NYJ,2026,17,13.79,6.4,44.77,44.77,1,17,16.85,27.9,0.0,0.0,11.1,0.1,12.9,156.0,0.9,0.1,374,57.51,46.64,-12.74,0.778
00-0036630,Tylan Wallace,WR,BAL,2026,17,13.79,6.23,44.32,44.32,4,12,16.25,0.0,0.0,0.0,2.3,0.1,13.7,160.0,0.9,0.0,546,23.16,18.78,21.16,1.914
00-0037304,Connor Heyward,RB,PIT,2026,17,13.0,7.47,44.16,44.16,3,13,19.39,0.2,0.0,0.0,139.0,1.0,7.3,52.0,0.2,0.1,611,17.41,13.32,26.75,2.536
00-0033217,Mo Alie-Cox,TE,IND,2026,17,13.04,9.73,44.16,44.16,4,7,25.27,4.9,0.0,0.0,0.4,0.0,14.2,139.6,0.9,0.0,256,45.53,34.93,-1.37,0.97
00-0034159,Will Dissly,TE,LAC,2026,17,13.04,10.43,43.98,43.98,11,9,26.99,4.9,0.0,0.0,1.1,0.0,11.2,116.7,1.7,0.1,247,48.94,37.54,-4.96,0.899
00-0040363,Keleki Latu,TE,BUF,2026,17,13.04,5.76,43.92,43.92,10,9,14.89,4.9,0.0,0.0,0.0,0.0,15.0,120.4,1.0,0.0,295,34.23,26.26,9.69,1.283
00-0038492,Jason Brownlee,WR,KC,2026,17,13.79,6.0,43.92,43.92,9,1,15.51,35.6,0.0,0.0,9.9,0.1,12.4,153.8,0.8,0.0,428,44.64,36.21,-0.72,0.984
00-0037085,Tyler Badie,RB,DEN,2026,17,13.0,8.46,43.84,43.84,9,6,21.82,0.2,0.0,0.0,45.7,0.3,12.5,98.7,0.8,0.1,621,13.94,10.66,29.9,3.145
00-0034959,Andrew Beck,RB,NYJ,2026,17,13.0,7.71,43.83,43.83,10,14,19.87,0.2,0.0,0.0,69.7,0.9,8.7,90.7,0.6,0.2,630,6.61,5.06,37.22,6.631
00-0038824,Ryan Miller,WR,TB,2026,17,13.79,6.37,43.81,43.81,7,3,16.41,4.1,0.0,0.0,9.1,0.1,12.9,154.4,1.0,0.1,497,31.62,25.65,12.19,1.386
00-0035406,Lil'Jordan Humphrey,WR,DEN,2026,17,13.79,7.75,43.65,43.65,14,5,19.91,0.0,0.0,0.0,4.9,0.1,12.9,157.7,1.0,0.1,417,46.63,37.82,-2.98,0.936
00-0039603,British Brooks,RB,HOU,2026,17,13.0,6.41,43.3,43.3,7,12,16.32,0.2,0.0,0.0,110.9,0.7,6.9,87.4,0.4,0.1,616,16.24,12.43,27.06,2.666
00-0038582,Clayton Tune,QB,GB,2026,17,13.3,4.82,43.17,43.17,2,1,12.24,619.2,1.9,1.1,14.8,0.3,1.2,5.8,0.0,0.6,663,39.22,30.68,3.95,1.101
00-0040506,Myles Price,WR,MIN,2026,17,13.79,7.17,42.85,42.85,17,8,18.08,36.4,0.0,0.0,13.3,0.1,11.5,145.5,0.9,0.1,507,30.01,24.34,12.84,1.428
00-0039912,Ben Sinnott,TE,WAS,2026,17,13.04,9.93,42.83,42.83,13,16,25.02,4.9,0.0,0.0,0.8,0.0,16.7,107.7,0.8,0.0,237,53.41,40.97,-10.58,0.802
00-0038465,Malik Heath,WR,GB,2026,17,13.79,6.52,42.76,42.76,2,1,16.4,0.0,0.0,0.0,3.1,0.1,13.5,157.9,0.8,0.1,503,30.51,24.75,12.25,1.402
00-0038840,Brycen Tremayne,WR,CAR,2026,17,13.79,6.8,42.68,42.68,15,13,17.08,0.0,0.0,0.0,3.8,0.1,11.8,163.3,1.0,0.1,491,32.53,26.39,10.15,1.312
00-0038640,Jalen Brooks,WR,ARI,2026,17,13.79,5.96,42.63,42.63,15,7,14.94,0.0,0.0,0.0,2.6,0.1,13.0,154.0,0.9,0.0,443,41.69,33.81,0.94,1.023
00-0037742,Treylon Burks,WR,WAS,2026,17,13.79,5.93,42.53,42.53,13,16,14.82,0.1,0.0,0.0,11.7,0.1,11.0,160.1,1.0,0.1,441,42.02,34.08,0.51,1.012
00-0039884,Tahj Washington,WR,MIA,2026,17,13.79,7.52,42.31,42.31,7,4,18.7,0.0,0.0,0.0,3.8,0.1,11.8,154.3,1.1,0.1,408,47.63,38.63,-5.32,0.888
00-0040556,Corey Kiner,RB,ARI,2026,17,13.0,5.75,42.25,42.25,4,2,14.29,0.2,0.0,0.0,131.7,0.6,7.6,65.4,0.3,0.3,583,24.4,18.66,17.85,1.732
00-0036950,Avery Williams,RB,NYJ,2026,17,13.0,6.62,42.14,42.14,10,14,16.41,0.2,0.0,0.0,109.8,0.7,7.4,78.1,0.4,0.4,617,16.16,12.36,25.98,2.608
00-0040021,Phil Mafah,RB,DAL,2026,17,13.0,5.62,41.84,41.84,1,13,13.83,0.2,0.0,0.0,100.1,0.9,8.0,75.9,0.3,0.3,477,53.5,40.92,-11.66,0.782
00-0035291,Trayveon Williams,RB,CLE,2026,17,13.0,6.51,41.83,41.83,15,10,16.03,0.2,0.0,0.0,51.5,0.5,9.4,106.6,0.7,0.3,587,22.86,17.48,18.97,1.83
00-0038752,Jake Bobo,WR,SEA,2026,17,13.79,6.74,41.54,41.54,3,6,16.47,8.1,0.0,0.0,6.8,0.1,12.9,140.5,0.9,0.0,471,35.88,29.1,5.66,1.158
00-0036887,Luke Farrell,TE,SF,2026,17,13.04,7.95,41.32,41.32,6,11,19.31,4.9,0.0,0.0,0.4,0.0,12.6,114.6,1.2,0.0,276,39.3,30.15,2.02,1.051
00-0036534,Shane Zylstra,TE,DET,2026,17,13.04,7.13,41.28,41.28,3,8,17.32,4.9,0.0,0.0,0.0,0.0,12.6,158.2,0.5,0.2,288,36.9,28.31,4.38,1.119
00-0037093,Dareke Young,WR,SEA,2026,17,13.79,5.22,41.27,41.27,3,6,12.67,8.0,0.0,0.0,3.4,0.1,12.2,150.4,0.9,0.0,521,28.01,22.72,13.26,1.473
00-0040522,Xavier Restrepo,WR,TEN,2026,17,13.79,7.37,41.15,41.15,1,5,17.84,0.0,0.0,0.0,9.1,0.1,11.9,151.8,0.9,0.2,409,47.59,38.6,-6.44,0.865
00-0036360,Clyde Edwards-Helaire,RB,KC,2026,17,13.0,7.2,41.13,41.13,14,7,17.43,0.2,0.0,0.0,129.0,0.6,8.4,51.5,0.2,0.1,559,36.66,28.04,4.47,1.122
00-0039816,Anthony Gould,WR,IND,2026,17,13.79,5.42,40.95,40.95,4,7,13.05,0.0,0.0,0.0,9.5,0.1,11.1,145.2,1.1,0.1,522,27.88,22.62,13.07,1.469
00-0033455,Anthony Firkser,TE,DET,2026,17,13.04,5.61,40.94,40.94,3,8,13.51,4.9,0.0,0.0,1.4,0.0,14.6,99.3,1.0,0.0,299,33.65,25.82,7.29,1.217
00-0038090,Skyy Moore,WR,SF,2026,17,13.79,6.21,40.67,40.67,6,11,14.86,0.0,0.0,0.0,5.6,0.1,12.0,139.2,1.0,0.1,481,34.44,27.94,6.23,1.181
00-0035628,D'Ernest Johnson,RB,NE,2026,17,13.0,6.48,40.65,40.65,4,1,15.48,0.2,0.0,0.0,126.3,1.0,4.6,59.5,0.4,0.2,606,19.3,14.76,21.35,2.106
00-0038576,Charlie Jones,WR,CIN,2026,17,13.79,6.6,40.47,40.47,11,2,15.72,35.6,0.0,0.0,13.9,0.1,10.7,132.4,1.0,0.1,512,29.13,23.63,11.34,1.389
00-0037487,Deven Thompkins,WR,ATL,2026,17,13.79,6.02,40.41,40.41,15,12,14.31,18.8,0.0,0.0,6.5,0.1,11.5,145.0,0.9,0.1,474,35.52,28.81,4.89,1.138
00-0037258,Dameon Pierce,RB,HOU,2026,17,13.0,6.02,40.33,40.33,7,12,14.28,0.2,0.0,0.0,86.1,0.6,8.4,84.3,0.3,0.0,499,49.86,38.14,-9.53,0.809
00-0029263,Russell Wilson,QB,NYG,2026,17,13.3,4.31,40.23,40.23,5,7,10.2,649.0,1.7,4.3,58.0,0.5,0.0,0.0,0.0,0.8,619,111.49,87.21,-71.26,0.361
00-0037282,James Mitchell,TE,CAR,2026,17,13.04,5.05,40.21,40.21,15,13,11.94,4.9,0.0,0.0,0.0,0.0,11.0,126.2,1.1,0.0,284,37.91,29.09,2.3,1.061
00-0039589,Kameron Johnson,WR,TB,2026,17,13.79,6.98,40.11,40.11,7,3,16.47,4.4,0.0,0.0,10.9,0.1,10.5,141.4,1.0,0.1,492,32.06,26.01,8.05,1.251
00-0039394,Casey Washington,WR,ATL,2026,17,13.79,6.14,40.1,40.1,15,12,14.48,0.0,0.0,0.0,2.4,0.1,11.5,148.5,0.9,0.1,407,47.67,38.66,-7.57,0.841
00-0039710,Jeshaun Jones,WR,MIN,2026,17,13.79,5.99,39.92,39.92,17,8,14.06,20.1,0.0,0.0,10.9,0.1,11.2,145.5,0.7,0.1,415,46.83,37.98,-6.91,0.852
00-0034367,Nyheim Hines,RB,NO,2026,17,13.0,5.31,39.67,39.67,6,2,12.38,0.2,0.0,0.0,88.8,0.5,8.3,88.3,0.3,0.1,435,61.27,46.86,-21.6,0.647
00-0037380,Kaden Davis,WR,CLE,2026,17,13.79,6.08,39.63,39.63,5,10,14.18,20.1,0.0,0.0,15.2,0.1,11.2,140.8,0.7,0.1,423,45.55,36.95,-5.92,0.87
00-0035359,David Sills,WR,ATL,2026,17,13.79,5.87,39.62,39.62,15,12,13.67,0.9,0.0,0.0,5.7,0.1,8.4,140.0,1.4,0.0,463,38.25,31.02,1.37,1.036
00-0034981,Foster Moreau,TE,NO,2026,17,13.04,8.64,39.46,39.46,10,5,20.05,4.9,0.0,0.0,0.2,0.0,13.4,81.0,1.4,0.0,347,25.42,19.5,14.04,1.552
00-0038658,Adrian Martinez,QB,SF,2026,17,13.3,5.33,39.36,39.36,6,11,12.33,536.5,2.5,0.8,0.0,0.0,0.8,6.7,0.0,0.3,659,45.37,35.49,-6.01,0.868
00-0038573,Derius Davis,WR,LAC,2026,17,13.79,6.51,38.93,38.93,11,9,14.9,2.0,0.0,0.0,6.4,0.1,10.8,134.7,1.0,0.1,540,24.03,19.49,14.9,1.62
00-0039521,Xavier Weaver,WR,ARI,2026,17,13.79,5.76,38.83,38.83,15,7,13.16,0.0,0.0,0.0,1.5,0.1,11.4,141.4,0.9,0.0,519,28.28,22.94,10.55,1.373
00-0038911,Malik Cunningham,WR,DET,2026,17,13.79,5.11,38.77,38.77,3,8,11.65,17.6,0.0,0.0,8.5,0.1,10.7,137.5,0.8,0.0,444,41.48,33.64,-2.71,0.935
00-0040649,Robbie Ouzts,RB,SEA,2026,17,13.0,4.88,38.61,38.61,14,15,11.08,0.2,0.0,0.0,91.0,0.7,7.2,76.0,0.3,0.1,603,19.84,15.18,18.77,1.946
00-0040067,Jacardia Wright,RB,SEA,2026,17,13.0,5.19,38.42,38.42,14,15,11.73,0.2,0.0,0.0,97.6,0.6,7.5,69.9,0.3,0.1,592,21.91,16.76,16.51,1.754
00-0031236,Brandin Cooks,WR,NO,2026,17,13.79,6.5,38.37,38.37,10,5,14.66,1.7,0.0,0.0,2.9,0.1,13.2,143.2,0.5,0.0,582,6.1,4.95,32.27,6.29
00-0039530,Brevyn Spann-Ford,TE,DAL,2026,17,13.04,6.81,38.17,38.17,2,4,15.29,4.9,0.0,0.0,8.6,0.0,14.3,75.7,1.0,0.0,349,24.85,19.07,13.32,1.536
00-0038678,Jordan Mims,RB,TEN,2026,17,13.0,5.81,38.16,38.16,3,5,13.04,0.2,0.0,0.0,103.0,0.4,6.5,86.3,0.3,0.2,593,21.55,16.49,16.61,1.771
00-0040429,Josh Williams,RB,TB,2026,17,13.0,5.62,37.8,37.8,5,14,12.49,0.2,0.0,0.0,104.8,0.6,6.0,70.7,0.4,0.1,597,20.98,16.05,16.82,1.802
00-0037475,Stone Smartt,TE,NYJ,2026,17,13.04,6.13,37.64,37.64,1,17,13.57,4.9,0.0,0.0,0.0,0.0,14.5,125.7,0.5,0.9,329,27.48,21.08,10.16,1.37
00-0033891,Zay Jones,WR,ARI,2026,17,13.79,5.77,37.33,37.33,15,7,12.67,0.0,0.0,0.0,4.8,0.1,9.8,148.9,0.8,0.0,556,19.61,15.91,17.72,1.904
00-0035021,Ashton Dulin,WR,IND,2026,17,13.79,5.78,37.26,37.26,4,7,12.67,1.5,0.0,0.0,5.8,0.1,9.7,141.0,0.9,0.1,424,45.27,36.72,-8.01,0.823
00-0036984,Trey Sermon,RB,PIT,2026,17,13.0,6.63,36.99,36.99,3,13,14.42,0.2,0.0,0.0,137.3,0.6,5.7,43.5,0.2,0.1,585,23.91,18.29,13.08,1.547
00-0038458,Owen Wright,RB,TB,2026,17,13.0,5.32,36.83,36.83,5,14,11.53,0.2,0.0,0.0,104.8,0.4,6.0,70.7,0.4,0.1,600,20.8,15.91,16.03,1.771
00-0039364,Sione Vaki,RB,DET,2026,17,13.0,6.13,36.72,36.72,16,11,13.24,0.2,0.0,0.0,94.5,0.6,6.0,76.3,0.3,0.2,609,18.77,14.36,17.95,1.956
00-0038589,Josh Whyle,TE,GB,2026,17,13.04,6.67,36.7,36.7,2,1,14.41,4.9,0.0,0.0,0.8,0.0,11.4,143.2,0.3,0.0,364,22.82,17.51,13.88,1.608
00-0036841,Austin Trammell,WR,JAX,2026,17,13.79,6.35,36.55,36.55,17,6,13.65,0.0,0.0,0.0,2.1,0.1,11.6,125.1,0.8,0.0,514,28.93,23.46,7.62,1.263
00-0039650,Bryce Oliver,WR,TEN,2026,17,13.79,5.92,36.32,36.32,1,5,12.65,43.1,0.0,0.0,7.7,0.1,9.6,127.0,0.7,0.2,442,41.96,34.03,-5.64,0.866
00-0034798,Durham Smythe,TE,CHI,2026,17,13.04,4.4,36.3,36.3,4,2,9.39,4.9,0.0,0.0,0.0,0.0,11.0,95.3,1.1,0.0,354,24.24,18.6,12.06,1.498
00-0036876,Kylen Granson,TE,PHI,2026,17,13.04,6.29,36.18,36.18,1,16,13.38,4.9,0.0,0.0,2.4,0.0,12.3,91.4,1.0,0.1,313,30.56,23.45,5.62,1.184
00-0040509,Ben Yurosek,TE,MIN,2026,17,13.04,4.82,36.05,36.05,17,8,10.23,4.9,0.0,0.0,0.0,0.0,12.4,109.8,0.6,0.1,334,27.0,20.71,9.05,1.335
00-0039379,Jamari Thrash,WR,CLE,2026,17,13.79,6.15,35.86,35.86,5,10,12.97,0.0,0.0,0.0,7.6,0.1,10.0,140.3,0.7,0.1,511,29.24,23.71,6.62,1.226
00-0038896,Jacob Saylors,RB,DET,2026,17,13.0,5.82,35.21,35.21,16,11,12.06,0.2,0.0,0.0,80.3,0.5,6.2,76.6,0.4,0.2,620,13.95,10.67,21.26,2.524
00-0033572,Jamal Agnew,WR,ATL,2026,17,13.79,5.45,35.12,35.12,15,12,11.25,35.6,0.0,0.0,15.0,0.1,9.5,110.8,0.8,0.1,577,10.04,8.14,25.08,3.498
00-0037755,Jelani Woods,TE,NYJ,2026,17,13.04,6.94,34.69,34.69,1,17,14.16,4.9,0.0,0.0,1.1,0.0,13.8,110.3,0.3,0.3,340,26.42,20.27,8.27,1.313
00-0039648,David Martin-Robinson,TE,TEN,2026,17,13.04,6.46,34.43,34.43,1,5,13.07,4.9,0.0,0.0,0.0,0.0,13.3,108.3,0.7,1.2,373,22.0,16.88,12.43,1.565
00-0039623,Mason Tipton,WR,NO,2026,17,13.79,5.9,34.36,34.36,10,5,11.93,9.0,0.0,0.0,5.3,0.1,10.0,125.7,0.7,0.0,538,24.08,19.53,10.28,1.427
00-0038488,Brady Russell,RB,SEA,2026,17,13.0,5.32,34.33,34.33,14,15,10.75,0.2,0.0,0.0,86.3,0.4,6.0,67.0,0.4,0.1,623,13.23,10.12,21.1,2.595
00-0039266,Kendall Milton,RB,CIN,2026,17,13.0,5.07,34.22,34.22,15,2,10.21,0.2,0.0,0.0,103.2,0.5,6.6,49.1,0.3,0.1,605,19.53,14.94,14.69,1.752
00-0033854,Dare Ogunbowale,RB,HOU,2026,17,13.0,5.85,34.12,34.12,7,12,11.74,0.2,0.0,0.0,50.5,0.5,7.6,85.8,0.3,0.1,627,10.15,7.76,23.97,3.362
00-0031237,Teddy Bridgewater,QB,TB,2026,17,13.3,4.59,34.11,34.11,7,3,9.2,363.9,2.8,0.9,23.8,0.0,0.1,0.1,0.0,0.1,666,38.21,29.89,-4.1,0.893
00-0036646,Simi Fehoko,WR,ARI,2026,17,13.79,4.94,34.05,34.05,15,7,9.9,35.6,0.0,0.0,8.5,0.1,9.0,113.6,0.7,0.0,564,16.52,13.4,17.53,2.061
00-0034867,Malik Turner,WR,SF,2026,17,13.79,5.64,34.05,34.05,6,11,11.29,35.6,0.0,0.0,10.6,0.1,9.4,107.8,0.8,0.1,552,20.2,16.38,13.85,1.686
00-0035631,Drew Sample,TE,CIN,2026,17,13.04,9.15,33.95,33.95,11,2,18.28,4.9,0.0,0.0,0.4,0.0,10.8,96.9,0.8,0.0,251,47.44,36.39,-13.49,0.716
00-0036497,Tim Jones,WR,JAX,2026,17,13.79,6.34,33.63,33.63,17,6,12.54,42.9,0.0,0.0,6.5,0.1,9.0,108.6,0.8,0.0,487,32.94,26.72,0.69,1.021
00-0038809,Ben Sims,TE,MIN,2026,17,13.04,4.38,33.62,33.62,17,8,8.67,4.9,0.0,0.0,0.0,0.0,15.1,78.1,0.4,0.0,330,27.38,21.01,6.24,1.228
00-0035125,Alec Ingold,RB,MIA,2026,17,13.0,8.75,33.39,33.39,5,13,17.19,0.2,0.0,0.0,29.0,0.4,7.7,89.5,0.6,0.2,599,20.82,15.92,12.57,1.604
00-0035311,Myles Gaskin,RB,SEA,2026,17,13.0,5.07,33.33,33.33,14,15,9.94,0.2,0.0,0.0,84.3,0.6,4.9,63.0,0.4,0.0,613,17.19,13.15,16.14,1.939
00-0037015,Sal Cannella,TE,CLE,2026,17,13.04,3.24,33.2,33.2,5,10,6.33,4.9,0.0,0.0,3.9,0.0,12.4,87.2,0.8,0.8,306,31.67,24.3,1.53,1.048
00-0040225,Thomas Fidone II,TE,NYG,2026,17,13.04,4.3,33.13,33.13,5,7,8.38,4.9,0.0,0.0,53.1,0.0,9.9,78.4,0.4,0.3,316,30.32,23.26,2.81,1.093
00-0034928,Steven Sims,WR,ARI,2026,17,13.79,4.25,32.94,32.94,15,7,8.24,35.6,0.0,0.0,8.8,0.1,8.8,106.5,0.7,0.0,500,31.34,25.42,1.6,1.051
00-0034386,Justin Watson,WR,HOU,2026,17,13.79,5.88,32.9,32.9,14,9,11.37,6.9,0.0,0.0,6.6,0.1,9.0,118.1,0.8,0.1,513,29.06,23.57,3.84,1.132
00-0036862,Ben Skowronek,WR,PIT,2026,17,13.79,5.37,32.86,32.86,17,13,10.37,0.0,0.0,0.0,3.6,0.1,9.2,110.6,0.9,0.0,549,22.66,18.38,10.2,1.45
00-0037329,Brittain Brown,RB,CHI,2026,17,13.0,6.03,32.78,32.78,1,8,11.62,0.2,0.0,0.0,86.7,0.5,6.7,60.7,0.2,0.3,626,11.29,8.63,21.49,2.903
00-0038409,Lew Nichols III,RB,PIT,2026,17,13.0,5.13,32.68,32.68,3,13,9.86,0.2,0.0,0.0,106.0,0.6,5.7,43.7,0.2,0.2,607,19.24,14.72,13.44,1.699
00-0038498,E.J. Jenkins,TE,PHI,2026,17,13.04,3.75,32.63,32.63,1,16,7.2,4.9,0.0,0.0,0.0,0.0,13.4,76.4,0.6,0.2,327,27.82,21.34,4.81,1.173
00-0038891,Shedrick Jackson,WR,LV,2026,17,13.79,5.38,32.6,32.6,8,11,10.32,3.4,0.0,0.0,4.4,0.1,9.8,118.7,0.6,0.0,436,42.6,34.55,-10.0,0.765
00-0035140,Mecole Hardman,WR,BUF,2026,17,13.79,6.15,32.54,32.54,10,9,11.76,35.6,0.0,0.0,10.7,0.1,8.8,101.3,0.8,0.0,469,36.47,29.58,-3.93,0.892
00-0034681,Chase Edmonds,RB,WAS,2026,17,13.0,5.44,32.49,32.49,5,3,10.4,0.2,0.0,0.0,75.7,0.6,4.5,74.2,0.4,0.2,608,18.79,14.37,13.7,1.729
00-0034487,Trent Sherfield,WR,DEN,2026,17,13.79,5.07,32.19,32.19,14,5,9.61,6.5,0.0,0.0,6.5,0.1,9.1,104.8,0.9,0.0,530,25.32,20.54,6.87,1.271
00-0038647,Ronnie Bell,WR,NO,2026,17,13.79,5.69,31.99,31.99,10,5,10.71,19.6,0.0,0.0,1.5,0.1,10.2,111.8,0.5,0.0,429,44.6,36.18,-12.61,0.717
00-0036331,Devin Duvernay,WR,CHI,2026,17,13.79,5.73,31.88,31.88,4,2,10.74,3.4,0.0,0.0,5.6,0.1,8.9,103.2,0.9,0.1,535,24.6,19.96,7.28,1.296
00-0034272,Marquez Valdes-Scantling,WR,PIT,2026,17,13.79,5.89,31.83,31.83,17,13,11.03,2.6,0.0,0.0,2.6,0.1,11.4,109.6,0.4,0.0,501,31.27,25.36,0.56,1.018
00-0035704,Drew Lock,QB,SEA,2026,17,13.3,3.35,31.82,31.82,3,6,6.28,399.4,2.0,1.4,37.2,0.4,0.0,0.0,0.0,1.3,677,16.53,12.93,15.29,1.925
00-0035639,Parris Campbell,WR,DAL,2026,17,13.79,5.29,31.77,31.77,2,4,9.89,17.6,0.0,0.0,10.3,0.1,8.2,102.5,0.9,0.1,496,31.79,25.78,-0.02,0.999
00-0035645,Gunner Olszewski,WR,NYG,2026,17,13.79,5.65,31.22,31.22,5,7,10.37,4.5,0.0,0.0,4.6,0.1,6.9,118.5,0.9,0.0,537,24.15,19.59,7.07,1.293
00-0035298,Scott Miller,WR,PIT,2026,17,13.79,4.91,31.1,31.1,17,13,8.97,0.0,0.0,0.0,3.5,0.1,9.1,108.9,0.7,0.0,485,33.49,27.17,-2.39,0.929
00-0035567,Craig Reynolds,RB,DET,2026,17,13.0,5.57,31.06,31.06,16,11,10.18,0.2,0.0,0.0,62.1,0.6,4.9,69.5,0.4,0.2,618,15.77,12.06,15.29,1.97
00-0037745,Velus Jones Jr.,WR,SEA,2026,17,13.79,4.97,30.52,30.52,3,6,8.93,37.2,0.0,0.0,9.3,0.1,7.3,97.1,0.8,0.0,482,34.34,27.85,-3.82,0.889
00-0036727,Adam Prentice,RB,DEN,2026,17,13.0,7.42,30.4,30.4,9,6,13.27,0.2,0.0,0.0,43.8,0.2,8.7,68.7,0.3,0.1,622,13.74,10.51,16.66,2.213
00-0039737,Tip Reiman,TE,ARI,2026,17,13.04,8.34,30.37,30.37,15,7,14.9,4.9,0.0,0.0,0.0,0.0,11.2,62.6,0.9,0.1,285,37.69,28.92,-7.32,0.806
00-0034983,Hunter Renfrow,WR,CAR,2026,17,13.79,6.08,30.2,30.2,15,13,10.81,3.6,0.0,0.0,10.5,0.1,9.7,90.6,0.7,0.1,515,28.8,23.36,1.4,1.049
00-0039305,Jack Westover,RB,NE,2026,17,13.0,5.76,30.16,30.16,4,1,10.21,0.2,0.0,0.0,64.8,0.4,6.0,57.5,0.5,0.3,595,21.21,16.22,8.95,1.422
00-0040488,Carter Runyon,TE,LV,2026,17,13.04,4.9,29.93,29.93,8,11,8.63,4.9,0.0,0.0,0.0,0.0,12.2,103.0,0.3,0.9,345,25.83,19.81,4.1,1.159
00-0036959,Michael Bandy,WR,DEN,2026,17,13.79,5.97,29.91,29.91,14,5,10.5,2.1,0.0,0.0,2.3,0.1,8.2,99.3,0.9,0.1,520,28.02,22.73,1.89,1.067
00-0036567,Elijah Mitchell,RB,KC,2026,17,13.0,6.03,29.66,29.66,14,7,10.52,0.2,0.0,0.0,89.4,0.6,5.9,36.4,0.1,0.1,602,20.03,15.32,9.63,1.481
00-0036176,Mason Kinsey,WR,TEN,2026,17,13.79,4.82,29.49,29.49,1,5,8.36,0.0,0.0,0.0,5.6,0.1,9.8,94.2,0.6,0.1,504,30.46,24.71,-0.97,0.968
00-0039458,Brenden Bates,TE,CLE,2026,17,13.04,4.04,29.49,29.49,5,10,7.01,4.9,0.0,0.0,0.0,0.0,9.7,91.2,0.8,0.8,310,31.27,23.99,-1.78,0.943
00-0035876,Andre Baccellia,WR,ARI,2026,17,13.79,5.1,29.33,29.33,15,7,8.8,0.0,0.0,0.0,2.5,0.1,8.0,108.7,0.7,0.0,505,30.44,24.69,-1.11,0.964
00-0036425,DeeJay Dallas,RB,JAX,2026,17,13.0,6.19,29.31,29.31,11,6,10.66,0.2,0.0,0.0,64.3,0.5,4.5,62.1,0.4,0.0,610,17.7,13.54,11.61,1.656
00-0040244,Moliki Matavao,TE,NO,2026,17,13.04,4.54,28.37,28.37,10,5,7.57,4.9,0.0,0.0,0.0,0.0,9.3,108.8,0.2,0.0,294,34.25,26.27,-5.88,0.828
00-0033246,Johnny Mundt,TE,JAX,2026,17,13.04,7.25,28.31,28.31,17,6,12.07,4.9,0.0,0.0,0.0,0.0,7.4,74.9,1.1,0.1,241,52.57,40.33,-24.26,0.539
00-0039577,Kedon Slovis,QB,ARI,2026,17,13.3,4.63,28.29,28.29,15,7,7.7,486.2,1.7,2.6,6.6,0.1,0.1,1.9,0.0,0.4,658,45.65,35.71,-17.36,0.62
00-0038396,Eric Gray,RB,NYG,2026,17,13.0,5.47,28.13,28.13,1,14,9.05,0.2,0.0,0.0,71.4,0.3,6.5,49.5,0.3,0.2,598,20.98,16.05,7.15,1.341
00-0037557,Ronnie Rivers,RB,LA,2026,17,13.0,5.55,27.95,27.95,2,16,9.12,0.2,0.0,0.0,64.5,0.4,4.8,55.3,0.4,0.0,596,21.19,16.21,6.76,1.319
00-0037031,Nikola Kalinic,TE,CHI,2026,17,13.04,3.71,27.72,27.72,4,2,6.04,4.9,0.0,0.0,0.0,0.0,10.4,78.3,0.5,0.3,339,26.45,20.29,1.27,1.048
00-0038102,Kenny Pickett,QB,LV,2026,17,13.3,4.2,27.7,27.7,8,11,6.85,468.2,2.1,3.8,20.4,0.2,0.0,0.0,0.0,0.5,662,39.25,30.7,-11.55,0.706
00-0037292,Andrew Ogletree,TE,IND,2026,17,13.04,4.24,27.66,27.66,4,7,6.9,4.9,0.0,0.0,0.0,0.0,7.9,95.0,0.6,0.1,362,23.28,17.86,4.38,1.188
00-0036590,Quintin Morris,TE,JAX,2026,17,13.04,5.69,27.54,27.54,17,6,9.22,4.9,0.0,0.0,0.0,0.0,8.0,88.0,0.6,0.0,317,30.22,23.18,-2.68,0.911
00-0034860,Dante Pettis,WR,NO,2026,17,13.79,5.28,27.4,27.4,10,5,8.52,0.0,0.0,0.0,2.5,0.1,7.9,110.1,0.4,0.0,612,-1.17,-0.95,28.57,-23.419
00-0037120,Tyler Goodson,RB,IND,2026,17,13.0,6.5,27.38,27.38,12,3,10.47,0.2,0.0,0.0,62.2,0.6,3.1,64.3,0.3,0.1,579,27.04,20.69,0.34,1.013
00-0036527,DJ Turner,WR,LV,2026,17,13.79,4.4,27.13,27.13,8,11,7.03,20.1,0.0,0.0,15.3,0.1,7.4,89.2,0.5,0.1,508,29.61,24.01,-2.48,0.916
00-0037524,Tay Martin,WR,WAS,2026,17,13.79,5.78,26.82,26.82,13,16,9.12,19.2,0.0,0.0,1.5,0.1,6.5,95.1,0.7,0.1,480,34.46,27.95,-7.64,0.778
00-0037306,John FitzPatrick,TE,GB,2026,17,13.04,6.49,26.77,26.77,2,1,10.21,4.9,0.0,0.0,0.0,0.0,5.2,86.8,1.0,0.0,341,26.39,20.25,0.38,1.014
00-0032951,Laquon Treadwell,WR,IND,2026,17,13.79,3.52,26.75,26.75,4,7,5.53,35.6,0.0,0.0,11.8,0.1,7.2,81.2,0.6,0.0,573,11.33,9.19,15.42,2.361
00-0035594,Travis Homer,RB,CHI,2026,17,13.0,6.07,26.64,26.64,1,8,9.51,0.2,0.0,0.0,53.1,0.4,5.2,57.0,0.3,0.1,628,8.45,6.46,18.19,3.153
00-0038590,Justin Shorter,TE,LV,2026,17,13.04,5.22,26.53,26.53,8,11,8.14,4.9,0.0,0.0,0.0,0.0,10.3,90.7,0.3,0.8,326,28.25,21.67,-1.72,0.939
00-0033376,Patrick Ricard,RB,BAL,2026,17,13.0,6.57,26.4,26.4,3,12,10.2,0.2,0.0,0.0,60.3,0.6,3.3,62.1,0.3,0.1,614,16.87,12.91,9.53,1.565
00-0034418,Cedrick Wilson Jr.,WR,MIA,2026,17,13.79,5.51,26.29,26.29,7,4,8.52,3.6,0.0,0.0,3.1,0.1,6.4,97.6,0.7,0.0,566,14.31,11.61,11.98,1.837
00-0036463,Chris Blair,WR,ATL,2026,17,13.79,3.83,26.26,26.26,15,12,5.91,17.6,0.0,0.0,6.3,0.1,5.4,97.6,0.7,0.1,527,25.61,20.77,0.65,1.025
00-0039489,Hayden Rucci,TE,MIA,2026,17,13.04,3.92,26.21,26.21,7,4,6.05,4.9,0.0,0.0,0.0,0.0,10.2,85.1,0.3,0.3,318,30.06,23.06,-3.85,0.872
00-0037132,Britain Covey,WR,PHI,2026,17,13.79,4.86,25.98,25.98,1,16,7.43,0.0,0.0,0.0,5.6,0.1,6.4,96.8,0.7,0.1,498,31.35,25.43,-5.37,0.829
00-0031484,Chris Manhertz,TE,NYG,2026,17,13.04,2.47,25.86,25.86,5,7,3.76,4.9,0.0,0.0,6.0,0.0,7.6,43.5,1.2,0.1,291,35.01,26.86,-9.15,0.739
00-0039631,Cam Grandy,TE,CIN,2026,17,13.04,5.36,25.49,25.49,11,2,8.04,4.9,0.0,0.0,0.1,0.0,10.0,64.5,0.5,0.3,335,26.75,20.52,-1.26,0.953
00-0035289,Gardner Minshew,QB,KC,2026,17,13.3,3.45,25.45,25.45,9,1,5.17,436.2,2.1,2.4,0.0,0.0,0.0,0.0,0.0,0.7,670,33.81,26.45,-8.36,0.753
00-0034054,River Cracraft,WR,WAS,2026,17,13.79,4.85,25.18,25.18,13,16,7.18,35.6,0.0,0.0,10.0,0.1,7.2,81.2,0.4,0.0,545,23.26,18.87,1.92,1.083
00-0032918,C.J. Ham,RB,MIN,2026,17,13.0,5.56,25.08,25.08,13,3,8.2,0.2,0.0,0.0,49.9,0.2,5.9,54.3,0.4,0.3,634,0.14,0.11,24.94,179.143
00-0037004,Hunter Long,TE,JAX,2026,17,13.04,6.86,25.04,25.04,17,6,10.11,4.9,0.0,0.0,1.5,0.0,6.6,85.3,0.6,0.0,275,39.56,30.35,-14.52,0.633
00-0035544,Tom Kennedy,WR,DET,2026,17,13.79,4.71,24.91,24.91,3,8,6.91,0.0,0.0,0.0,2.7,0.1,6.2,90.1,0.7,0.0,558,19.22,15.59,5.69,1.296
00-0034854,KhaDarel Hodge,WR,ATL,2026,17,13.79,4.56,24.57,24.57,15,12,6.59,2.1,0.0,0.0,5.1,0.1,7.4,89.1,0.5,0.1,574,11.16,9.05,13.41,2.202
00-0040476,Ulysses Bentley IV,RB,IND,2026,17,13.0,4.36,24.46,24.46,12,3,6.27,0.2,0.0,0.0,67.4,0.3,2.9,59.1,0.2,0.1,578,28.48,21.78,-4.02,0.859
00-0038710,Blake Whiteheart,TE,CLE,2026,17,13.04,2.52,24.2,24.2,5,10,3.59,4.9,0.0,0.0,0.1,0.0,8.6,77.2,0.6,0.8,325,28.49,21.85,-4.29,0.849
00-0036620,Dee Eskridge,WR,MIA,2026,17,13.79,5.1,23.89,23.89,7,4,7.17,0.0,0.0,0.0,2.3,0.1,5.6,78.6,0.9,0.0,567,14.19,11.51,9.7,1.684
00-0035602,Alex Bachman,WR,LV,2026,17,13.79,3.79,23.79,23.79,8,11,5.3,0.0,0.0,0.0,9.4,0.1,6.3,78.5,0.6,0.0,575,10.61,8.61,13.18,2.242
00-0036332,Josiah Deguara,TE,ARI,2026,17,13.04,6.7,23.02,23.02,15,7,9.07,4.9,0.0,0.0,0.4,0.0,6.6,49.2,0.9,0.0,369,22.27,17.09,0.75,1.034
00-0036569,Gary Brightwell,RB,CIN,2026,17,13.0,5.26,22.94,22.94,15,2,7.09,0.2,0.0,0.0,62.6,0.5,5.2,26.7,0.1,0.1,624,13.22,10.12,9.72,1.735
00-0036741,Jack Stoll,TE,NO,2026,17,13.04,6.03,22.85,22.85,10,5,8.11,4.9,0.0,0.0,6.2,0.0,9.8,33.8,0.5,0.0,383,18.86,14.47,3.99,1.212
00-0039824,Jared Wiley,TE,KC,2026,17,13.04,5.45,22.77,22.77,9,1,7.3,4.9,0.0,0.0,0.0,0.0,7.1,75.8,0.4,0.2,277,39.22,30.09,-16.45,0.581
00-0033949,Joshua Dobbs,QB,NE,2026,17,13.3,4.06,22.7,22.7,6,14,5.42,137.9,2.8,1.7,6.0,0.0,1.8,25.1,0.0,0.2,667,36.03,28.18,-13.33,0.63
00-0037098,Samori Toure,WR,NO,2026,17,13.79,5.28,22.67,22.67,10,5,7.05,0.0,0.0,0.0,2.3,0.1,7.4,76.7,0.4,0.0,495,31.88,25.86,-9.21,0.711
00-0039398,Joe Milton III,QB,DAL,2026,17,13.3,5.54,21.89,21.89,2,4,7.13,231.0,2.2,1.5,31.6,0.1,0.0,0.0,0.0,1.0,665,38.59,30.18,-16.7,0.567
00-0034419,Braxton Berrios,WR,HOU,2026,17,13.79,4.45,21.86,21.86,14,9,5.72,2.5,0.0,0.0,5.8,0.1,5.7,72.0,0.6,0.0,555,19.67,15.95,2.19,1.111
00-0037340,Zaire Mitchell-Paden,TE,NO,2026,17,13.04,3.82,21.3,21.3,10,5,4.79,4.9,0.0,0.0,0.0,0.0,4.9,62.6,0.8,0.0,320,29.46,22.6,-8.16,0.723
00-0033757,Robert Tonyan,TE,KC,2026,17,13.04,5.01,21.06,21.06,9,1,6.2,4.9,0.0,0.0,5.6,0.0,6.8,72.8,0.3,0.4,297,34.11,26.17,-13.05,0.617
00-0039050,Payne Durham,TE,TB,2026,17,13.04,5.11,20.78,20.78,7,3,6.25,4.9,0.0,0.0,0.6,0.0,4.3,96.9,0.3,0.1,333,27.03,20.74,-6.25,0.769
00-0031345,Jimmy Garoppolo,QB,LA,2026,17,13.3,2.74,19.76,19.76,9,3,3.19,371.7,0.5,3.0,46.0,0.1,0.2,4.0,0.0,0.9,668,34.37,26.89,-14.61,0.575
00-0027973,Andy Dalton,QB,CAR,2026,17,13.3,3.14,19.65,19.65,15,13,3.63,277.7,1.9,1.2,6.4,0.0,0.1,2.3,0.0,0.9,679,13.31,10.41,6.34,1.476
00-0032688,Robbie Chosen,WR,WAS,2026,17,13.79,4.49,19.44,19.44,13,16,5.13,1.3,0.0,0.0,3.1,0.1,5.9,71.8,0.3,0.0,523,27.76,22.52,-8.32,0.7
00-0031763,DeAndre Carter,WR,CLE,2026,17,13.79,4.08,19.39,19.39,5,10,4.66,38.1,0.0,0.0,18.7,0.1,6.1,46.9,0.2,0.0,570,11.73,9.51,7.66,1.653
00-0036187,Reggie Gilliam,RB,BUF,2026,17,13.0,6.48,18.97,18.97,15,1,7.23,0.2,0.0,0.0,21.3,0.5,4.8,30.5,0.3,0.0,631,3.89,2.98,15.08,4.877
00-0037013,Zach Wilson,QB,MIA,2026,17,13.3,2.61,18.41,18.41,7,4,2.82,329.4,2.5,3.5,0.0,0.1,0.0,0.0,0.0,1.1,671,32.46,25.39,-14.05,0.567
00-0038394,Will Mallory,TE,IND,2026,17,13.04,5.08,18.31,18.31,4,7,5.47,4.9,0.0,0.0,0.0,0.0,3.6,48.0,0.9,0.1,308,31.38,24.08,-13.07,0.583
00-0037348,Tanner Conner,TE,MIA,2026,17,13.04,8.07,17.58,17.58,7,4,8.34,4.9,0.0,0.0,2.4,0.0,3.9,58.6,0.5,0.1,352,24.52,18.81,-6.94,0.717
00-0038400,Tanner McKee,QB,PHI,2026,17,13.3,2.97,16.96,16.96,1,16,2.96,255.2,0.8,1.5,28.6,0.0,0.0,0.4,0.0,0.3,669,34.16,26.72,-17.2,0.496
00-0039754,Devin Culp,TE,TB,2026,17,13.04,4.5,16.84,16.84,7,3,4.45,4.9,0.0,0.0,0.5,0.0,4.2,68.1,0.3,0.1,342,26.34,20.21,-9.5,0.639
00-0037654,Tucker Fisk,TE,LAC,2026,17,13.04,4.63,16.51,16.51,11,9,4.49,4.9,0.0,0.0,2.3,0.0,4.7,18.5,0.9,0.0,328,27.74,21.28,-11.23,0.595
00-0037277,Teagan Quitoriano,TE,ATL,2026,17,13.04,4.83,16.08,16.08,15,12,4.57,4.9,0.0,0.0,0.0,0.0,4.5,54.1,0.3,0.0,338,26.45,20.29,-10.37,0.608
00-0038643,Brayden Willis,TE,SF,2026,17,13.04,6.15,15.83,15.83,6,11,5.72,4.9,0.0,0.0,0.0,0.0,4.5,28.2,0.8,0.2,321,29.26,22.44,-13.43,0.541
00-0036133,James Proche,WR,TEN,2026,17,13.79,4.28,15.77,15.77,1,5,3.97,0.0,0.0,0.0,5.5,0.1,4.1,51.8,0.4,0.1,543,23.51,19.07,-7.74,0.671
00-0035726,Jakob Johnson,RB,HOU,2026,17,13.0,4.13,15.54,15.54,7,12,3.77,0.2,0.0,0.0,25.7,0.2,2.0,52.2,0.2,0.0,629,7.75,5.93,7.79,2.005
00-0038564,Cameron Latu,TE,PHI,2026,17,13.04,2.38,15.37,15.37,1,16,2.15,4.9,0.0,0.0,0.0,0.0,6.2,35.1,0.3,0.2,404,13.2,10.13,2.17,1.164
00-0036429,Charlie Woerner,TE,ATL,2026,17,13.04,6.49,15.21,15.21,15,12,5.81,4.9,0.0,0.0,0.0,0.0,5.1,46.5,0.2,0.0,355,23.95,18.38,-8.74,0.635
00-0024243,Marcedes Lewis,TE,DEN,2026,17,13.04,4.5,15.09,15.09,14,5,3.99,4.9,0.0,0.0,0.0,0.0,5.6,54.1,0.0,0.0,273,41.61,31.92,-26.52,0.363
00-0040058,Nick Kallerup,TE,SEA,2026,17,13.04,5.92,14.34,14.34,3,6,4.99,4.9,0.0,0.0,0.0,0.0,6.3,36.2,0.1,0.1,379,20.02,15.36,-5.68,0.716
00-0026300,Josh Johnson,QB,WAS,2026,17,13.3,3.12,12.85,12.85,13,16,2.36,0.0,0.6,0.1,71.4,0.2,0.0,0.1,0.0,0.3,650,52.65,41.18,-39.8,0.244
00-0037539,Lucas Krull,TE,DEN,2026,17,13.04,4.24,12.56,12.56,14,5,3.13,4.9,0.0,0.0,0.4,0.0,3.7,47.9,0.2,0.1,309,31.36,24.06,-18.8,0.401
00-0034955,Brett Rypien,QB,CIN,2026,17,13.3,1.64,12.28,12.28,11,2,1.18,180.0,0.5,0.8,18.5,0.0,0.2,1.8,0.0,0.2,675,22.34,17.47,-10.06,0.55
00-0038735,Princeton Fant,TE,DAL,2026,17,13.04,4.04,11.96,11.96,2,4,2.84,4.9,0.0,0.0,0.0,0.0,3.6,26.2,0.5,0.2,357,23.87,18.31,-11.91,0.501
00-0032434,Brandon Allen,QB,TEN,2026,17,13.3,1.83,10.12,10.12,1,5,1.09,0.0,0.0,0.7,15.8,1.4,0.0,0.0,0.0,0.3,680,12.57,9.83,-2.45,0.805
00-0036679,Shane Buechele,QB,KC,2026,17,13.3,4.16,9.9,9.9,9,1,2.42,170.1,0.8,1.4,0.0,0.1,0.0,0.5,0.0,0.0,661,39.44,30.85,-29.54,0.251
00-0035956,Giovanni Ricci,TE,DET,2026,17,13.04,4.91,8.67,8.67,3,8,2.51,4.9,0.0,0.0,20.7,0.0,3.8,0.0,0.1,0.2,382,19.19,14.72,-10.52,0.452
00-0039686,Colson Yankoff,TE,WAS,2026,17,13.04,4.64,8.64,8.64,13,16,2.36,4.9,0.0,0.0,0.0,0.0,2.4,14.0,0.4,0.0,356,23.88,18.32,-15.24,0.362
00-0034073,Ross Dwelley,TE,DET,2026,17,13.04,3.77,7.39,7.39,3,8,1.64,4.9,0.0,0.0,11.1,0.0,4.1,0.0,0.0,0.0,387,17.91,13.74,-10.52,0.413
00-0037324,Chris Oladokun,QB,KC,2026,17,13.3,2.89,7.34,7.34,9,1,1.25,184.9,0.0,0.4,0.3,0.0,0.0,0.1,0.0,0.6,664,39.05,30.55,-31.71,0.188
00-0037311,Ko Kieft,TE,TB,2026,17,13.04,5.35,6.37,6.37,7,3,2.01,4.9,0.0,0.0,0.0,0.0,1.8,26.1,0.0,0.0,344,26.14,20.06,-19.77,0.244
00-0038456,Travis Vokolek,TE,ARI,2026,17,13.04,4.31,6.12,6.12,15,7,1.55,4.9,0.0,0.0,0.0,0.0,3.8,0.0,0.2,0.3,376,20.73,15.9,-14.61,0.295
00-0036232,Harrison Bryant,TE,HOU,2026,17,13.04,4.02,5.68,5.68,14,9,1.34,4.9,0.0,0.0,0.0,0.0,0.5,19.3,0.3,0.1,370,22.26,17.08,-16.58,0.255
00-0033319,Nick Mullens,QB,JAX,2026,17,13.3,2.01,5.23,5.23,17,6,0.62,104.2,0.0,1.0,20.0,0.2,0.0,0.0,0.0,0.8,678,15.15,11.85,-9.92,0.345
00-0033439,Pharaoh Brown,TE,ARI,2026,17,13.04,4.82,4.76,4.76,15,7,1.35,4.9,0.0,0.0,0.0,0.0,2.2,0.0,0.2,0.0,393,16.16,12.4,-11.4,0.295
00-0036825,Feleipe Franks,TE,ATL,2026,17,13.04,2.93,2.29,2.29,15,12,0.39,4.9,0.0,0.0,0.0,0.0,0.0,0.0,0.2,0.0,358,23.86,18.3,-21.57,0.096
